strategy,context_key,n,n_emitted,n_suppressed,n_shadow,win_rate,avg_r,avg_pnl_pct,edge_r,verdict,mfe_capture,last_updated
BREAKDOWN_SHORT,ASIA/VOLATILE_EXPANSION/CASCADE/BTC_NEUTRAL,22,0,22,0,1.0,1.8575702016790432,1.4860561613432397,1.5814246964947585,STRONG,1.0,2026-07-20T02:31:20.848464+00:00
BREAKDOWN_SHORT,ASIA/VOLATILE_EXPANSION/CASCADE/BTC_NEUTRAL/ALTCOIN,22,0,22,0,1.0,1.8575702016790432,1.4860561613432397,1.5814246964947585,STRONG,1.0,2026-07-20T02:31:20.848481+00:00
BREAKDOWN_SHORT,ASIA/MARKDOWN/NORMAL/BTC_FALLING,36,0,36,0,1.0,0.5815047864902655,0.46520382919221537,0.5254350305622655,STRONG,1.0,2026-07-17T03:14:51.665014+00:00
BREAKDOWN_SHORT,NY/VOLATILE_EXPANSION/CASCADE/BTC_NEUTRAL,36,0,36,0,0.6111111111111112,0.0520596698470438,0.04164773587763519,0.018842389672280038,FLAT,1.0,2026-07-19T18:12:31.890785+00:00
BREAKDOWN_SHORT,NY/VOLATILE_EXPANSION/CASCADE/BTC_NEUTRAL/ALTCOIN,36,0,36,0,0.6111111111111112,0.0520596698470438,0.04164773587763519,0.018842389672280038,FLAT,1.0,2026-07-19T18:12:31.890792+00:00
BREAKDOWN_SHORT,LONDON/MARKDOWN/NORMAL/BTC_NEUTRAL,22,0,22,0,0.0,-0.33882757395323976,-0.40251325348516465,-0.33882757395323976,NEGATIVE,0.0,2026-07-16T10:08:25.992863+00:00
BREAKDOWN_SHORT,NY/QUIET/COMPRESSED/BTC_RISING,16,0,16,0,0.0,-1.0,-1.4455293892398953,-1.0,NEGATIVE,0.0,2026-07-21T17:40:11.541527+00:00
BREAKDOWN_SHORT,NY/QUIET/COMPRESSED/BTC_RISING/MIDCAP,16,0,16,0,0.0,-1.0,-1.4455293892398953,-1.0,NEGATIVE,0.0,2026-07-21T17:40:11.541535+00:00
BREAKDOWN_SHORT,ASIA/QUIET/COMPRESSED/BTC_NEUTRAL,1,1,0,0,1.0,1.5000018756728917,2.405588978462283,,INSUFFICIENT_DATA,1.0,2026-07-15T09:03:09.227731+00:00
BREAKDOWN_SHORT,NY/QUIET/COMPRESSED/BTC_NEUTRAL,4,0,4,0,0.0,-1.0,-0.8000000000000026,,INSUFFICIENT_DATA,0.0,2026-07-19T19:43:46.452903+00:00
BREAKDOWN_SHORT,NY/QUIET/COMPRESSED/BTC_NEUTRAL/MIDCAP,4,0,4,0,0.0,-1.0,-0.8000000000000026,,INSUFFICIENT_DATA,0.0,2026-07-19T19:43:46.452915+00:00
BREAKDOWN_SHORT,ASIA/MARKDOWN/NORMAL/BTC_NEUTRAL,9,0,9,0,0.0,-0.06436870393614623,-0.1918465227817751,,INSUFFICIENT_DATA,0.0,2026-07-21T01:16:43.057572+00:00
BREAKDOWN_SHORT,ASIA/MARKDOWN/NORMAL/BTC_NEUTRAL/ALTCOIN,9,0,9,0,0.0,-0.06436870393614623,-0.1918465227817751,,INSUFFICIENT_DATA,0.0,2026-07-21T01:16:43.057582+00:00
BREAKDOWN_SHORT,LONDON/RANGE/NORMAL/BTC_RISING,1,1,0,0,1.0,1.5,4.199489423778263,,INSUFFICIENT_DATA,0.956925207756232,2026-07-21T15:04:19.907653+00:00
BREAKDOWN_SHORT,LONDON/RANGE/NORMAL/BTC_RISING/ALTCOIN,1,1,0,0,1.0,1.5,4.199489423778263,,INSUFFICIENT_DATA,0.956925207756232,2026-07-21T15:04:21.259318+00:00
BREAKDOWN_SHORT,LONDON/RANGE/EXPANDED/BTC_RISING,1,1,0,0,1.0,6.535307914241395,10.713379030210717,,INSUFFICIENT_DATA,1.0,2026-07-21T17:23:09.316630+00:00
BREAKDOWN_SHORT,LONDON/RANGE/EXPANDED/BTC_RISING/MIDCAP,1,1,0,0,1.0,6.535307914241395,10.713379030210717,,INSUFFICIENT_DATA,1.0,2026-07-21T17:23:10.574029+00:00
BREAKDOWN_SHORT,LONDON/VOLATILE_EXPANSION/CASCADE/BTC_NEUTRAL,1,0,1,0,0.0,-1.0,-2.999999999999995,,INSUFFICIENT_DATA,0.0,2026-07-22T08:38:34.625083+00:00
BREAKDOWN_SHORT,LONDON/VOLATILE_EXPANSION/CASCADE/BTC_NEUTRAL/ALTCOIN,1,0,1,0,0.0,-1.0,-2.999999999999995,,INSUFFICIENT_DATA,0.0,2026-07-22T08:38:34.625102+00:00
BREAKDOWN_SHORT@ATR,ASIA/QUIET/COMPRESSED/BTC_NEUTRAL,1,0,0,1,0.0,-0.03715365824207572,-0.12040939193257419,,INSUFFICIENT_DATA,0.0,2026-07-15T05:38:27.359028+00:00
BREAKDOWN_SHORT@ATR,ASIA/MARKDOWN/NORMAL/BTC_FALLING,2,0,0,2,0.5,0.05094321804095861,-0.13801683429356693,,INSUFFICIENT_DATA,1.0,2026-07-17T03:14:53.961383+00:00
BREAKDOWN_SHORT@ATR,NY/MARKDOWN/NORMAL/BTC_NEUTRAL,1,0,0,1,1.0,0.2920371211629533,0.5501222493887469,,INSUFFICIENT_DATA,1.0,2026-07-18T17:39:00.407046+00:00
BREAKDOWN_SHORT@ATR,NY/VOLATILE_EXPANSION/CASCADE/BTC_NEUTRAL,1,0,0,1,0.0,-0.05809808012253161,-0.14993184915946653,,INSUFFICIENT_DATA,0.0,2026-07-19T18:07:29.826493+00:00
BREAKDOWN_SHORT@ATR,NY/QUIET/COMPRESSED/BTC_NEUTRAL,1,0,0,1,0.0,-0.543738309626342,-1.278118609406954,,INSUFFICIENT_DATA,0.0,2026-07-19T19:43:48.127612+00:00
BREAKDOWN_SHORT@ATR,ASIA/MARKDOWN/COMPRESSED/BTC_NEUTRAL,1,0,0,1,0.0,-1.0,-3.047145575642244,,INSUFFICIENT_DATA,0.0,2026-07-20T05:23:56.119171+00:00
BREAKDOWN_SHORT@ATR,LONDON/RANGE/NORMAL/BTC_RISING,1,0,0,1,0.0,-0.17374801192178627,-0.7917174177831885,,INSUFFICIENT_DATA,0.0,2026-07-21T09:16:46.508695+00:00
BREAKDOWN_SHORT@FIXED,ASIA/QUIET/COMPRESSED/BTC_NEUTRAL,1,0,0,1,0.0,-0.07179498224869278,-0.12040939193257419,,INSUFFICIENT_DATA,0.0,2026-07-15T05:38:27.358907+00:00
BREAKDOWN_SHORT@FIXED,ASIA/MARKDOWN/NORMAL/BTC_FALLING,2,0,0,2,0.5,0.05476751258872095,-0.13801683429356693,,INSUFFICIENT_DATA,1.0,2026-07-17T03:14:53.961267+00:00
BREAKDOWN_SHORT@FIXED,NY/MARKDOWN/NORMAL/BTC_NEUTRAL,1,0,0,1,1.0,0.2519999697600005,0.5501222493887469,,INSUFFICIENT_DATA,1.0,2026-07-18T17:39:00.406971+00:00
BREAKDOWN_SHORT@FIXED,NY/VOLATILE_EXPANSION/CASCADE/BTC_NEUTRAL,1,0,0,1,0.0,-0.18741481144933245,-0.14993184915946653,,INSUFFICIENT_DATA,0.0,2026-07-19T18:07:29.826422+00:00
BREAKDOWN_SHORT@FIXED,NY/QUIET/COMPRESSED/BTC_NEUTRAL,1,0,0,1,0.0,-1.0,-0.8000000000000026,,INSUFFICIENT_DATA,0.0,2026-07-19T19:43:48.127491+00:00
BREAKDOWN_SHORT@FIXED,ASIA/MARKDOWN/COMPRESSED/BTC_NEUTRAL,1,0,0,1,0.0,-1.0,-2.939376784015221,,INSUFFICIENT_DATA,0.0,2026-07-20T05:23:56.119085+00:00
BREAKDOWN_SHORT@FIXED,LONDON/RANGE/NORMAL/BTC_RISING,1,0,0,1,0.0,-0.2639058059277303,-0.7917174177831885,,INSUFFICIENT_DATA,0.0,2026-07-21T09:16:46.508657+00:00
DIVERGENCE_CONTINUATION,OVERLAP/MARKUP/EXPANDED/BTC_NEUTRAL,50,0,50,0,1.0,1.5701031034919257,2.494826298853159,1.4580761934005728,STRONG,1.0,2026-07-19T14:24:51.743088+00:00
DIVERGENCE_CONTINUATION,OVERLAP/MARKUP/EXPANDED/BTC_NEUTRAL/ALTCOIN,50,0,50,0,1.0,1.5701031034919257,2.494826298853159,1.4580761934005728,STRONG,1.0,2026-07-19T14:24:51.743138+00:00
DIVERGENCE_CONTINUATION,NY/ACCUMULATION/NORMAL/BTC_NEUTRAL,50,0,50,0,0.98,1.338871186427404,1.4864521916653053,1.2210697215753596,STRONG,1.0,2026-07-16T21:02:34.782898+00:00
DIVERGENCE_CONTINUATION,LONDON/DISTRIBUTION/EXPANDED/BTC_NEUTRAL,50,0,50,0,1.0,1.284642047239003,1.7015769089307797,1.1929827932667334,STRONG,1.0,2026-07-22T10:22:08.309241+00:00
DIVERGENCE_CONTINUATION,LONDON/DISTRIBUTION/EXPANDED/BTC_NEUTRAL/ALTCOIN,50,0,50,0,1.0,1.284642047239003,1.7015769089307797,1.1929827932667334,STRONG,1.0,2026-07-22T10:22:08.309253+00:00
DIVERGENCE_CONTINUATION,OFF_HOURS/MARKDOWN/NORMAL/BTC_RISING,20,0,20,0,1.0,1.3098393887416007,1.1584609019445578,1.0987848036554597,STRONG,1.0,2026-07-22T01:02:48.066110+00:00
DIVERGENCE_CONTINUATION,OFF_HOURS/MARKDOWN/NORMAL/BTC_RISING/ALTCOIN,20,0,20,0,1.0,1.3098393887416007,1.1584609019445578,1.0987848036554597,STRONG,1.0,2026-07-22T01:02:48.066118+00:00
DIVERGENCE_CONTINUATION,OFF_HOURS/VOLATILE_EXPANSION/CASCADE/BTC_NEUTRAL,28,0,28,0,1.0,1.2357708630493502,0.9886166904394775,1.0866785640602799,STRONG,1.0,2026-07-19T23:27:48.565975+00:00
DIVERGENCE_CONTINUATION,OFF_HOURS/VOLATILE_EXPANSION/CASCADE/BTC_NEUTRAL/ALTCOIN,26,0,26,0,1.0,1.2274959083469754,0.9819967266775773,1.0694766238077504,STRONG,1.0,2026-07-19T23:27:48.565994+00:00
DIVERGENCE_CONTINUATION,NY/MARKDOWN/NORMAL/BTC_FALLING,50,0,50,0,0.76,1.1283695130661267,0.8513957348825975,0.9161265080032533,STRONG,1.0,2026-07-13T22:41:40.337339+00:00
DIVERGENCE_CONTINUATION,ASIA/MARKUP/NORMAL/BTC_NEUTRAL/ALTCOIN,50,0,50,0,0.88,1.066224983895994,0.8780759920702697,0.9041530189396905,STRONG,0.8828329232041617,2026-07-23T07:18:47.670800+00:00
DIVERGENCE_CONTINUATION,LONDON/MARKUP/EXPANDED/BTC_NEUTRAL/ALTCOIN,50,0,50,0,1.0,0.9003480167570737,0.7712434526313595,0.8361081549926763,STRONG,0.8371765904316029,2026-07-23T09:24:13.219859+00:00
DIVERGENCE_CONTINUATION,LONDON/MARKUP/EXPANDED/BTC_NEUTRAL,50,0,50,0,0.96,0.8516507998664795,0.7322856791188841,0.7630438168459577,STRONG,0.8424999939419637,2026-07-23T09:24:13.219851+00:00
DIVERGENCE_CONTINUATION,LONDON/MARKUP/EXPANDED/BTC_RISING,38,0,38,0,1.0,0.8145953024916505,0.6587863981209354,0.7398049189008717,STRONG,1.0,2026-07-21T12:43:01.718079+00:00
DIVERGENCE_CONTINUATION,NY/DISTRIBUTION/NORMAL/BTC_NEUTRAL/MAJOR,24,0,24,0,1.0,0.7794977186572695,0.6235981749258142,0.6719421745795668,STRONG,0.80610088691796,2026-07-23T21:29:59.942440+00:00
DIVERGENCE_CONTINUATION,ASIA/MARKUP/NORMAL/BTC_NEUTRAL,50,0,50,0,0.78,0.797430935028282,0.6221285032319027,0.618726023604728,STRONG,0.8810382868979927,2026-07-24T02:48:26.110437+00:00
DIVERGENCE_CONTINUATION,OVERLAP/MARKUP/CASCADE/BTC_NEUTRAL,50,0,50,0,0.68,0.7543681041798598,0.565392952192134,0.5568263779333763,STRONG,1.0,2026-07-23T16:10:53.287245+00:00
DIVERGENCE_CONTINUATION,OVERLAP/MARKUP/CASCADE/BTC_NEUTRAL/ALTCOIN,50,0,50,0,0.68,0.7543681041798598,0.565392952192134,0.5568263779333763,STRONG,1.0,2026-07-23T16:10:53.287267+00:00
DIVERGENCE_CONTINUATION,OFF_HOURS/MARKDOWN/COMPRESSED/BTC_FALLING,50,0,50,0,0.64,0.802495359499061,0.6419962875992412,0.5530290756844934,STRONG,1.0,2026-07-13T23:57:10.183847+00:00
DIVERGENCE_CONTINUATION,LONDON/MARKUP/EXPANDED/BTC_RISING/MIDCAP,33,0,33,0,1.0,0.6125199999985602,0.4982034525094319,0.5486504386332974,STRONG,1.0,2026-07-21T12:43:01.718138+00:00
DIVERGENCE_CONTINUATION,ASIA/VOLATILE_EXPANSION/CASCADE/BTC_NEUTRAL/ALTCOIN,16,0,16,0,0.6875,0.9125196093974213,0.7299436014380304,0.520800794218599,STRONG,1.0,2026-07-23T03:47:36.776634+00:00
DIVERGENCE_CONTINUATION,ASIA/QUIET/COMPRESSED/BTC_FALLING,17,0,17,0,0.7058823529411765,0.856532424464933,0.7971965777491415,0.46984681536982764,STRONG,1.0,2026-07-17T05:57:29.219299+00:00
DIVERGENCE_CONTINUATION,NY/MARKDOWN/COMPRESSED/BTC_NEUTRAL/ALTCOIN,41,0,41,0,1.0,0.48023411777185454,0.38418989332348524,0.43909224534017605,STRONG,1.0,2026-07-19T20:29:32.505340+00:00
DIVERGENCE_CONTINUATION,NY/MARKDOWN/COMPRESSED/BTC_NEUTRAL,50,0,50,0,1.0,0.4713857710936875,0.4594421714103982,0.4377523802168653,STRONG,1.0,2026-07-19T20:29:32.505330+00:00
DIVERGENCE_CONTINUATION,ASIA/QUIET/NORMAL/BTC_FALLING,16,0,16,0,1.0,0.5218713069766587,0.4478045852145048,0.42083001933445585,STRONG,1.0,2026-07-17T06:39:42.719503+00:00
DIVERGENCE_CONTINUATION,ASIA/ACCUMULATION/EXPANDED/BTC_NEUTRAL,16,0,16,0,1.0,0.5072419340089414,0.4088320281418869,0.4090330892742048,STRONG,1.0,2026-07-14T04:59:21.287480+00:00
DIVERGENCE_CONTINUATION,ASIA/VOLATILE_EXPANSION/CASCADE/BTC_NEUTRAL,50,0,50,0,0.5,0.620423508208935,0.5571143476352791,0.3968367673420792,STRONG,1.0,2026-07-23T03:47:36.776628+00:00
DIVERGENCE_CONTINUATION,LONDON/MARKDOWN/COMPRESSED/BTC_NEUTRAL,50,0,50,0,0.96,0.4147336765630049,1.3487045197915333,0.3691827254929475,STRONG,1.0,2026-07-23T09:50:27.147075+00:00
DIVERGENCE_CONTINUATION,ASIA/MARKDOWN/NORMAL/BTC_RISING,24,0,24,0,0.7916666666666666,0.5505688834071689,0.4126910823203685,0.3623210845299706,STRONG,1.0,2026-07-22T03:31:24.067480+00:00
DIVERGENCE_CONTINUATION,ASIA/MARKUP/NORMAL/BTC_RISING,50,0,50,0,0.4,0.539659209273127,0.5375486442901226,0.34090414775975797,STRONG,1.0,2026-07-19T03:18:35.795040+00:00
DIVERGENCE_CONTINUATION,ASIA/RANGE/NORMAL/BTC_NEUTRAL,50,0,50,0,0.52,0.522837681123733,0.37407644023916276,0.3181918064121221,STRONG,1.0,2026-07-23T01:15:54.167645+00:00
DIVERGENCE_CONTINUATION,OFF_HOURS/MARKDOWN/NORMAL/BTC_NEUTRAL/ALTCOIN,19,0,19,0,1.0,0.3472925886944353,0.2778340709555505,0.2888834050676954,STRONG,1.0,2026-07-19T23:27:48.566085+00:00
DIVERGENCE_CONTINUATION,ASIA/VOLATILE_EXPANSION/CASCADE/BTC_NEUTRAL/MIDCAP,31,0,31,0,0.45161290322580644,0.5461917352038869,0.5350156601206931,0.27015288799679493,STRONG,1.0,2026-07-22T06:35:34.732133+00:00
DIVERGENCE_CONTINUATION,NY/MARKDOWN/NORMAL/BTC_NEUTRAL,50,0,50,0,0.46,0.49871508775387724,0.5544869150037323,0.2616295566425451,STRONG,1.0,2026-07-18T17:59:17.653012+00:00
DIVERGENCE_CONTINUATION,OVERLAP/VOLATILE_EXPANSION/CASCADE/BTC_NEUTRAL,50,0,50,0,0.7,0.3892478652807169,0.2852660077781784,0.2578248476775456,STRONG,0.9578378407086152,2026-07-23T15:07:33.323866+00:00
DIVERGENCE_CONTINUATION,LONDON/MARKUP/NORMAL/BTC_NEUTRAL/MIDCAP,21,0,21,0,1.0,0.2727387408864197,0.24026268353721236,0.2305613792434792,POSITIVE,0.615643497757845,2026-07-22T11:41:29.615924+00:00
DIVERGENCE_CONTINUATION,OVERLAP/RANGE/NORMAL/BTC_NEUTRAL/MIDCAP,28,0,28,0,0.8571428571428571,0.2769740441582597,0.3454056949536749,0.18969592227369153,POSITIVE,0.9467040186761013,2026-07-23T15:38:54.753563+00:00
DIVERGENCE_CONTINUATION,LONDON/MARKUP/NORMAL/BTC_NEUTRAL,22,0,22,0,0.9545454545454546,0.23537869227644242,0.20937138597522706,0.18832298197803574,POSITIVE,0.615643497757845,2026-07-22T11:41:29.615913+00:00
DIVERGENCE_CONTINUATION,ASIA/MARKDOWN/EXPANDED/BTC_FALLING,50,0,50,0,0.48,0.26473002361045345,0.21023046792450348,0.18775509468035384,POSITIVE,1.0,2026-07-17T03:50:22.040573+00:00
DIVERGENCE_CONTINUATION,LONDON/MARKDOWN/NORMAL/BTC_NEUTRAL,50,0,50,0,0.58,0.3403797488221478,0.3741745691323606,0.17994735936281675,POSITIVE,0.9535051674195042,2026-07-23T09:55:41.282253+00:00
DIVERGENCE_CONTINUATION,NY/MARKUP/NORMAL/BTC_RISING/ALTCOIN,20,0,20,0,1.0,0.19618256727178993,0.5885477018153684,0.16457164558736823,POSITIVE,1.0,2026-07-21T18:11:28.392991+00:00
DIVERGENCE_CONTINUATION,ASIA/VOLATILE_EXPANSION/CASCADE/BTC_FALLING,19,0,19,0,1.0,0.19717858323919976,0.15774286659136005,0.16401622835286475,POSITIVE,1.0,2026-07-17T08:00:48.094265+00:00
DIVERGENCE_CONTINUATION,OFF_HOURS/MARKUP/COMPRESSED/BTC_NEUTRAL/ALTCOIN,27,0,27,0,0.9629629629629629,0.194204857130793,0.1632293761478993,0.16243292245565968,POSITIVE,0.6247503217482506,2026-07-23T00:18:37.927026+00:00
DIVERGENCE_CONTINUATION,NY/MARKDOWN/CASCADE/BTC_NEUTRAL,26,1,25,0,0.8846153846153846,0.22231174859854902,0.28001481079584173,0.1621372394943182,POSITIVE,1.0,2026-07-19T18:27:45.407775+00:00
DIVERGENCE_CONTINUATION,NY/MARKUP/COMPRESSED/BTC_FALLING,22,0,22,0,0.8636363636363636,0.2209628538455018,0.32760659386519664,0.1599687938503334,POSITIVE,1.0,2026-07-13T22:21:31.134142+00:00
DIVERGENCE_CONTINUATION,LONDON/RANGE/NORMAL/BTC_FALLING,38,0,38,0,0.5789473684210527,0.326921424400104,0.3233848679941955,0.12405001346328226,POSITIVE,1.0,2026-07-17T12:13:11.723581+00:00
DIVERGENCE_CONTINUATION,OFF_HOURS/MARKDOWN/NORMAL/BTC_FALLING,17,0,17,0,0.9411764705882353,0.07311564050387684,0.0996708264770072,0.05618466504738687,POSITIVE,1.0,2026-07-13T23:16:53.150113+00:00
DIVERGENCE_CONTINUATION,LONDON/ACCUMULATION/NORMAL/BTC_NEUTRAL,50,0,50,0,0.58,0.18178551554946998,0.2510998864776969,0.043473170907076475,FLAT,1.0,2026-07-16T12:36:11.543224+00:00
DIVERGENCE_CONTINUATION,OVERLAP/MARKUP/CASCADE/BTC_RISING,50,0,50,0,0.54,0.0881677947150239,0.07053423577201891,0.0357944750559953,FLAT,1.0,2026-07-15T15:27:52.010228+00:00
DIVERGENCE_CONTINUATION,NY/MARKUP/CASCADE/BTC_NEUTRAL,50,0,50,0,0.34,0.09576364716868974,0.24001372897750506,0.027045918537590544,FLAT,1.0,2026-07-19T19:43:46.451410+00:00
DIVERGENCE_CONTINUATION,NY/MARKUP/CASCADE/BTC_NEUTRAL/ALTCOIN,50,0,50,0,0.34,0.09576364716868974,0.24001372897750506,0.027045918537590544,FLAT,1.0,2026-07-19T19:43:46.451427+00:00
DIVERGENCE_CONTINUATION,OFF_HOURS/MARKUP/COMPRESSED/BTC_NEUTRAL,35,0,35,0,0.8,0.001643770186634955,0.058548445657022746,-0.03513311986357076,FLAT,0.7160490755149701,2026-07-23T00:18:37.927017+00:00
DIVERGENCE_CONTINUATION,OVERLAP/MARKDOWN/EXPANDED/BTC_NEUTRAL/ALTCOIN,18,0,18,0,1.0,-0.04442399883306628,-0.0355391990664532,-0.03661050376324047,FLAT,-0.3104923150685132,2026-07-23T16:53:10.791235+00:00
DIVERGENCE_CONTINUATION,LONDON/MARKDOWN/EXPANDED/BTC_NEUTRAL,24,0,24,0,0.4166666666666667,0.34531876441967135,0.23815792474969064,-0.03801365300655879,FLAT,1.0,2026-07-20T09:54:24.039195+00:00
DIVERGENCE_CONTINUATION,LONDON/QUIET/NORMAL/BTC_NEUTRAL,23,0,23,0,0.5217391304347826,0.0569407459137441,0.06621390480854068,-0.04429674020251326,FLAT,0.9740990970315715,2026-07-23T11:36:37.882123+00:00
DIVERGENCE_CONTINUATION,NY/MARKDOWN/EXPANDED/BTC_NEUTRAL/ALTCOIN,22,0,22,0,1.0,-0.0537512529101722,-0.04300100232813824,-0.04576061714536981,FLAT,-0.40188229108473705,2026-07-23T19:35:24.296640+00:00
DIVERGENCE_CONTINUATION,ASIA/DISTRIBUTION/NORMAL/BTC_NEUTRAL/MIDCAP,35,0,35,0,0.5142857142857142,-0.01297748203793498,-0.010381985630347798,-0.058304501980499926,NEGATIVE,0.6038403225806477,2026-07-23T07:03:12.893967+00:00
DIVERGENCE_CONTINUATION,ASIA/QUIET/NORMAL/BTC_NEUTRAL,22,0,22,0,0.5,0.002200123878407176,0.005633088785898564,-0.07618750887877868,NEGATIVE,0.7806899621651533,2026-07-24T01:19:27.941084+00:00
DIVERGENCE_CONTINUATION,NY/MARKUP/NORMAL/BTC_NEUTRAL,50,0,50,0,0.5,0.07198417409141018,0.057586122653169945,-0.08034168637261319,NEGATIVE,0.8588133828838455,2026-07-23T22:01:17.536254+00:00
DIVERGENCE_CONTINUATION,NY/MARKUP/NORMAL/BTC_NEUTRAL/ALTCOIN,50,0,50,0,0.5,0.07198417409141018,0.057586122653169945,-0.08034168637261319,NEGATIVE,0.8588133828838455,2026-07-23T22:01:17.536285+00:00
DIVERGENCE_CONTINUATION,OVERLAP/VOLATILE_EXPANSION/CASCADE/BTC_NEUTRAL/MIDCAP,15,0,15,0,0.6,0.01709060855947584,0.013672486847579305,-0.08691639294446607,NEGATIVE,1.0,2026-07-23T14:41:05.951764+00:00
DIVERGENCE_CONTINUATION,OVERLAP/MARKUP/NORMAL/BTC_NEUTRAL,17,0,17,0,0.5882352941176471,0.1027495043059283,0.3066029502060901,-0.12200776036344896,NEGATIVE,1.0,2026-07-23T16:26:43.680531+00:00
DIVERGENCE_CONTINUATION,OVERLAP/QUIET/NORMAL/BTC_FALLING,21,0,21,0,0.38095238095238093,-0.11210199584970264,-0.0897526870388035,-0.1450528546812901,NEGATIVE,1.0,2026-07-13T15:38:12.311319+00:00
DIVERGENCE_CONTINUATION,ASIA/VOLATILE_EXPANSION/CASCADE/BTC_NEUTRAL/MAJOR,30,0,30,0,0.0,-0.17036071041084097,-0.13628856832867212,-0.17036071041084097,NEGATIVE,0.0,2026-07-20T02:00:49.503796+00:00
DIVERGENCE_CONTINUATION,NY/MARKUP/COMPRESSED/BTC_RISING/ALTCOIN,18,0,18,0,0.0,-0.18401930572159983,-0.14721544457728017,-0.18401930572159983,NEGATIVE,0.0,2026-07-21T20:46:15.371413+00:00
DIVERGENCE_CONTINUATION,OFF_HOURS/MARKUP/COMPRESSED/BTC_FALLING,50,0,50,0,0.36,0.007994986886997424,0.02392834258847337,-0.2055092279613714,NEGATIVE,1.0,2026-07-17T00:47:34.267824+00:00
DIVERGENCE_CONTINUATION,NY/DISTRIBUTION/NORMAL/BTC_NEUTRAL,50,0,50,0,0.5,-0.09870446713753399,-0.18886401740115985,-0.20589623115596123,NEGATIVE,0.8106234805151832,2026-07-23T21:29:59.942428+00:00
DIVERGENCE_CONTINUATION,ASIA/ACCUMULATION/NORMAL/BTC_NEUTRAL,50,0,50,0,0.1,-0.21744245542979265,-0.18538538188882878,-0.23002871149936044,NEGATIVE,1.0,2026-07-24T01:50:54.232545+00:00
DIVERGENCE_CONTINUATION,ASIA/DISTRIBUTION/EXPANDED/BTC_FALLING,19,0,19,0,0.42105263157894735,-0.011454967863986575,-0.2291442852259972,-0.2670458928310279,NEGATIVE,1.0,2026-07-17T02:29:14.580343+00:00
DIVERGENCE_CONTINUATION,NY/MARKUP/NORMAL/BTC_RISING,35,0,35,0,0.5714285714285714,-0.23586392691998878,-0.10196137528844747,-0.26781368598148947,NEGATIVE,1.0,2026-07-21T22:18:51.243609+00:00
DIVERGENCE_CONTINUATION,NY/QUIET/COMPRESSED/BTC_NEUTRAL/MIDCAP,18,0,18,0,0.3333333333333333,-0.2751712184176386,-0.28702016648504486,-0.28196847860854957,NEGATIVE,1.0,2026-07-23T17:45:51.400310+00:00
DIVERGENCE_CONTINUATION,ASIA/DISTRIBUTION/NORMAL/BTC_NEUTRAL,50,0,50,0,0.44,-0.24897902284335457,-0.22090784203996092,-0.2840913304813677,NEGATIVE,0.5932780347841964,2026-07-23T07:03:12.893955+00:00
DIVERGENCE_CONTINUATION,ASIA/DISTRIBUTION/NORMAL/BTC_NEUTRAL/ALTCOIN,44,0,44,0,0.38636363636363635,-0.138266619899904,0.13765603282371638,-0.3184836283199407,NEGATIVE,0.9717754247512458,2026-07-23T06:05:56.700849+00:00
DIVERGENCE_CONTINUATION,ASIA/MARKDOWN/COMPRESSED/BTC_FALLING,50,0,50,0,0.46,-0.2387487483043562,-0.27008711984054606,-0.3240851425764195,NEGATIVE,1.0,2026-07-17T05:42:14.925992+00:00
DIVERGENCE_CONTINUATION,OVERLAP/MARKDOWN/COMPRESSED/BTC_NEUTRAL,25,0,25,0,0.68,-0.35608493862079654,-0.25481886597725795,-0.33810626804980154,NEGATIVE,-0.24181247408044854,2026-07-23T14:25:02.637718+00:00
DIVERGENCE_CONTINUATION,OVERLAP/MARKDOWN/COMPRESSED/BTC_NEUTRAL/ALTCOIN,25,0,25,0,0.68,-0.35608493862079654,-0.25481886597725795,-0.33810626804980154,NEGATIVE,-0.24181247408044854,2026-07-23T14:25:02.637773+00:00
DIVERGENCE_CONTINUATION,LONDON/DISTRIBUTION/NORMAL/BTC_NEUTRAL/ALTCOIN,30,0,30,0,0.1,-0.26002629187269305,-0.7424378220688588,-0.34864874474890845,NEGATIVE,0.895286412763767,2026-07-22T12:07:24.226401+00:00
DIVERGENCE_CONTINUATION,NY/QUIET/COMPRESSED/BTC_NEUTRAL/ALTCOIN,50,0,50,0,0.54,-0.28851629690049096,-0.3107088657390688,-0.3508528530474132,NEGATIVE,0.7096673831796516,2026-07-22T21:38:05.980605+00:00
DIVERGENCE_CONTINUATION,OVERLAP/RANGE/NORMAL/BTC_NEUTRAL,50,0,50,0,0.48,-0.28489453527137515,-0.3572454898054933,-0.35187372394151806,NEGATIVE,0.9467040186761013,2026-07-23T15:38:54.753458+00:00
DIVERGENCE_CONTINUATION,OVERLAP/ACCUMULATION/NORMAL/BTC_FALLING,22,0,22,0,0.3181818181818182,-0.05307967206222801,-0.042463737649782535,-0.35853114979356904,NEGATIVE,1.0,2026-07-13T14:02:14.753053+00:00
DIVERGENCE_CONTINUATION,OVERLAP/MARKDOWN/NORMAL/BTC_NEUTRAL/ALTCOIN,33,0,33,0,0.36363636363636365,-0.18165981324448355,-0.2695844700373625,-0.36659383551920166,NEGATIVE,0.8836398270484594,2026-07-23T15:49:40.191573+00:00
DIVERGENCE_CONTINUATION,OVERLAP/MARKDOWN/NORMAL/BTC_FALLING,25,0,25,0,0.36,-0.36683019846750603,-0.33051199107641216,-0.3679345178921018,NEGATIVE,1.0,2026-07-13T15:28:08.033944+00:00
DIVERGENCE_CONTINUATION,OFF_HOURS/MARKDOWN/NORMAL/BTC_NEUTRAL,50,0,50,0,0.38,-0.33203597624614334,-0.34707355711631516,-0.37418828134476284,NEGATIVE,1.0,2026-07-21T00:43:40.570846+00:00
DIVERGENCE_CONTINUATION,NY/QUIET/COMPRESSED/BTC_NEUTRAL,50,0,50,0,0.52,-0.3173365216458301,-0.3427013855081186,-0.37989557132079677,NEGATIVE,0.7121124095153675,2026-07-23T17:45:51.400230+00:00
DIVERGENCE_CONTINUATION,LONDON/DISTRIBUTION/NORMAL/BTC_NEUTRAL,36,0,36,0,0.1111111111111111,-0.28942141048983494,-0.6981797110699621,-0.3804682006958092,NEGATIVE,0.9165274951819683,2026-07-22T12:07:24.226373+00:00
DIVERGENCE_CONTINUATION,OFF_HOURS/MARKUP/NORMAL/BTC_RISING,50,0,50,0,0.08,-0.36170414323484557,-0.4156358238495859,-0.39216413412616424,NEGATIVE,1.0,2026-07-18T23:50:56.645447+00:00
DIVERGENCE_CONTINUATION,NY/MARKUP/COMPRESSED/BTC_NEUTRAL,50,0,50,0,0.28,-0.22864080308735718,-0.4408451676493818,-0.3931950340772415,NEGATIVE,1.0,2026-07-23T21:19:35.236170+00:00
DIVERGENCE_CONTINUATION,LONDON/QUIET/COMPRESSED/BTC_NEUTRAL,50,0,50,0,0.32,-0.2447692635708519,-0.10950779071254715,-0.397670661941872,NEGATIVE,1.0,2026-07-18T12:52:57.244061+00:00
DIVERGENCE_CONTINUATION,NY/MARKUP/COMPRESSED/BTC_RISING,35,0,35,0,0.17142857142857143,-0.3912511657702244,-0.3139200331548047,-0.4005710907166168,NEGATIVE,1.0,2026-07-21T20:46:15.371405+00:00
DIVERGENCE_CONTINUATION,ASIA/MARKUP/NORMAL/BTC_NEUTRAL/MIDCAP,26,0,26,0,0.5,-0.3699516868649419,-0.1344191688208434,-0.4283701083090907,NEGATIVE,1.0,2026-07-24T02:48:26.110450+00:00
DIVERGENCE_CONTINUATION,OVERLAP/VOLATILE_EXPANSION/CASCADE/BTC_NEUTRAL/ALTCOIN,17,0,17,0,0.47058823529411764,-0.29993855062818425,-0.34623559818013866,-0.43802623445521227,NEGATIVE,0.7789946224559515,2026-07-23T15:07:33.323898+00:00
DIVERGENCE_CONTINUATION,OVERLAP/VOLATILE_EXPANSION/CASCADE/BTC_RISING,16,0,16,0,0.0,-0.44652252021044986,-0.3572180161683614,-0.44652252021044986,NEGATIVE,0.0,2026-07-21T16:43:08.046921+00:00
DIVERGENCE_CONTINUATION,NY/MARKUP/EXPANDED/BTC_NEUTRAL/ALTCOIN,50,0,50,0,0.16,-0.48292567307427847,-0.45975856508506596,-0.5031171846366306,NEGATIVE,1.0,2026-07-22T18:36:51.441367+00:00
DIVERGENCE_CONTINUATION,NY/MARKDOWN/EXPANDED/BTC_NEUTRAL,50,1,49,0,0.48,-0.507380511200315,-0.37570255404524244,-0.5108516823700274,NEGATIVE,0.33995272184188785,2026-07-23T19:35:24.296635+00:00
DIVERGENCE_CONTINUATION,ASIA/MARKDOWN/NORMAL/BTC_NEUTRAL/MIDCAP,49,0,49,0,0.5102040816326531,-0.5280509493439338,-0.43851668219322926,-0.5178888713643914,NEGATIVE,-0.666368360277296,2026-07-24T02:27:37.998395+00:00
DIVERGENCE_CONTINUATION,OVERLAP/MARKDOWN/EXPANDED/BTC_NEUTRAL,39,0,39,0,0.46153846153846156,-0.5589649225383382,-1.0909305746036735,-0.5524847054604303,NEGATIVE,-0.3104923150685132,2026-07-23T16:53:10.791227+00:00
DIVERGENCE_CONTINUATION,OVERLAP/MARKDOWN/NORMAL/BTC_NEUTRAL,50,0,50,0,0.24,-0.48729815902294504,-0.6209912719325378,-0.6138700631210853,NEGATIVE,0.8836398270484594,2026-07-23T15:49:40.191543+00:00
DIVERGENCE_CONTINUATION,ASIA/MARKDOWN/NORMAL/BTC_FALLING,50,0,50,0,0.24,-0.5257598227310359,-0.359497889873888,-0.620458710955264,NEGATIVE,1.0,2026-07-17T07:55:39.531365+00:00
DIVERGENCE_CONTINUATION,ASIA/MARKDOWN/NORMAL/BTC_NEUTRAL,50,0,50,0,0.5,-0.631238907164695,-0.5049963110978726,-0.6212248117192871,NEGATIVE,-0.666368360277296,2026-07-24T02:27:37.998384+00:00
DIVERGENCE_CONTINUATION,NY/DISTRIBUTION/EXPANDED/BTC_RISING,22,0,22,0,0.0,-0.6215984772457692,-0.50349473270653,-0.6215984772457692,NEGATIVE,0.0,2026-07-18T18:44:52.888585+00:00
DIVERGENCE_CONTINUATION,ASIA/MARKUP/CASCADE/BTC_NEUTRAL/MIDCAP,50,0,50,0,0.22,-0.48627269427837005,-0.4221515174012709,-0.6240930820309863,NEGATIVE,0.9366512789451008,2026-07-23T05:19:05.999190+00:00
DIVERGENCE_CONTINUATION,OVERLAP/MARKDOWN/CASCADE/BTC_NEUTRAL,18,0,18,0,0.2777777777777778,-0.6450481720039432,-0.9971298355310366,-0.6652170925795937,NEGATIVE,0.5108846153846116,2026-07-23T16:37:22.162129+00:00
DIVERGENCE_CONTINUATION,NY/MARKDOWN/COMPRESSED/BTC_FALLING,25,0,25,0,0.2,-0.4972281449893373,-0.4595140030474627,-0.6658651937854307,NEGATIVE,1.0,2026-07-13T21:41:13.994863+00:00
DIVERGENCE_CONTINUATION,LONDON/VOLATILE_EXPANSION/CASCADE/BTC_FALLING,22,0,22,0,0.3181818181818182,-0.669493005638593,-0.5675265809804066,-0.6754807783277765,NEGATIVE,1.0,2026-07-17T08:26:29.353706+00:00
DIVERGENCE_CONTINUATION,ASIA/MARKUP/NORMAL/BTC_FALLING,18,0,18,0,0.0,-0.6806100953479886,-0.696035855193754,-0.6806100953479886,NEGATIVE,0.0,2026-07-17T05:16:50.318576+00:00
DIVERGENCE_CONTINUATION,OFF_HOURS/QUIET/COMPRESSED/BTC_NEUTRAL,50,0,50,0,0.12,-0.6338693263075789,-0.48750878228752326,-0.7381166000734871,NEGATIVE,0.9074011774600507,2026-07-23T00:49:43.561248+00:00
DIVERGENCE_CONTINUATION,LONDON/RANGE/EXPANDED/BTC_NEUTRAL,50,0,50,0,0.02,-0.7411433964730323,-0.5929147171784226,-0.7387155159597223,NEGATIVE,-3.686843749998566,2026-07-23T10:59:35.736823+00:00
DIVERGENCE_CONTINUATION,LONDON/RANGE/EXPANDED/BTC_NEUTRAL/ALTCOIN,50,0,50,0,0.02,-0.7411433964730323,-0.5929147171784226,-0.7387155159597223,NEGATIVE,-3.686843749998566,2026-07-23T10:59:35.736830+00:00
DIVERGENCE_CONTINUATION,ASIA/MARKDOWN/EXPANDED/BTC_NEUTRAL,17,1,16,0,0.0,-0.7672038923664022,-1.1058867295577712,-0.7672038923664022,NEGATIVE,0.0,2026-07-24T01:56:09.862151+00:00
DIVERGENCE_CONTINUATION,ASIA/MARKDOWN/EXPANDED/BTC_NEUTRAL/ALTCOIN,17,1,16,0,0.0,-0.7672038923664022,-1.1058867295577712,-0.7672038923664022,NEGATIVE,0.0,2026-07-24T01:56:09.862167+00:00
DIVERGENCE_CONTINUATION,NY/MARKUP/EXPANDED/BTC_NEUTRAL,50,0,50,0,0.02,-0.7761201473403865,-0.6943107994674067,-0.7934356188767786,NEGATIVE,0.8487195121951238,2026-07-22T20:14:57.066200+00:00
DIVERGENCE_CONTINUATION,OFF_HOURS/QUIET/COMPRESSED/BTC_NEUTRAL/ALTCOIN,17,0,17,0,0.0,-0.8525577326046088,-0.682046186083684,-0.8525577326046088,NEGATIVE,0.0,2026-07-21T00:13:07.062978+00:00
DIVERGENCE_CONTINUATION,ASIA/MARKUP/CASCADE/BTC_NEUTRAL,50,0,50,0,0.0,-0.9184626876289406,-0.9345688225658637,-0.9184626876289406,NEGATIVE,0.0,2026-07-23T06:11:12.396017+00:00
DIVERGENCE_CONTINUATION,ASIA/MARKUP/CASCADE/BTC_NEUTRAL/ALTCOIN,50,0,50,0,0.0,-0.9184626876289406,-0.9345688225658637,-0.9184626876289406,NEGATIVE,0.0,2026-07-23T06:11:12.396034+00:00
DIVERGENCE_CONTINUATION,NY/MARKUP/EXPANDED/BTC_NEUTRAL/MIDCAP,32,0,32,0,0.03125,-0.8956163660407921,-0.7164930928326296,-0.9226636198218274,NEGATIVE,0.8487195121951238,2026-07-22T20:14:57.066234+00:00
DIVERGENCE_CONTINUATION,NY/MARKDOWN/EXPANDED/BTC_RISING,50,0,50,0,0.04,-0.927625279834682,-0.7001544568747853,-0.9510656677275899,NEGATIVE,1.0,2026-07-18T19:05:31.984192+00:00
DIVERGENCE_CONTINUATION,OVERLAP/MARKUP/CASCADE/BTC_NEUTRAL/MIDCAP,19,0,19,0,0.0,-1.0,-1.090178347934915,-1.0,NEGATIVE,0.0,2026-07-19T13:34:00.941288+00:00
DIVERGENCE_CONTINUATION,OFF_HOURS/DISTRIBUTION/NORMAL/BTC_NEUTRAL,42,0,42,0,0.0,-1.0824279910530872,-1.328590367014709,-1.0824279910530872,NEGATIVE,0.0,2026-07-23T00:13:28.089573+00:00
DIVERGENCE_CONTINUATION,OFF_HOURS/DISTRIBUTION/NORMAL/BTC_NEUTRAL/MIDCAP,31,0,31,0,0.0,-1.1116766330396675,-1.4931637032495362,-1.1116766330396675,NEGATIVE,0.0,2026-07-23T00:13:28.089583+00:00
DIVERGENCE_CONTINUATION,OVERLAP/MARKDOWN/NORMAL/BTC_NEUTRAL/MIDCAP,16,0,16,0,0.0,-1.1246863674379706,-1.3530184460592465,-1.1246863674379706,NEGATIVE,0.0,2026-07-22T13:41:20.211557+00:00
DIVERGENCE_CONTINUATION,ASIA/MARKUP/EXPANDED/BTC_NEUTRAL,50,0,50,0,0.0,-1.1472736003414676,-1.1685141236390504,-1.1472736003414676,NEGATIVE,0.0,2026-07-23T06:31:57.245304+00:00
DIVERGENCE_CONTINUATION,ASIA/MARKUP/EXPANDED/BTC_NEUTRAL/ALTCOIN,50,0,50,0,0.0,-1.1472736003414676,-1.1685141236390504,-1.1472736003414676,NEGATIVE,0.0,2026-07-23T06:31:57.245348+00:00
DIVERGENCE_CONTINUATION,ASIA/MARKDOWN/NORMAL/BTC_NEUTRAL/ALTCOIN,50,0,50,0,0.0,-1.18749897680764,-0.9500043668122256,-1.18749897680764,NEGATIVE,0.0,2026-07-24T02:17:05.698409+00:00
DIVERGENCE_CONTINUATION,ASIA/QUIET/COMPRESSED/BTC_NEUTRAL,50,0,50,0,0.0,-1.187499999999999,-0.9500000000000032,-1.187499999999999,NEGATIVE,0.0,2026-07-24T01:24:41.342325+00:00
DIVERGENCE_CONTINUATION,ASIA/QUIET/COMPRESSED/BTC_NEUTRAL/ALTCOIN,50,0,50,0,0.0,-1.187499999999999,-0.9500000000000032,-1.187499999999999,NEGATIVE,0.0,2026-07-24T01:24:41.342338+00:00
DIVERGENCE_CONTINUATION,OFF_HOURS/MARKUP/NORMAL/BTC_NEUTRAL,50,0,50,0,0.0,-1.1874999999999998,-0.9500000000000068,-1.1874999999999998,NEGATIVE,0.0,2026-07-23T01:00:10.156836+00:00
DIVERGENCE_CONTINUATION,OFF_HOURS/MARKUP/NORMAL/BTC_NEUTRAL/ALTCOIN,50,0,50,0,0.0,-1.1874999999999998,-0.9500000000000068,-1.1874999999999998,NEGATIVE,0.0,2026-07-23T01:00:10.156848+00:00
DIVERGENCE_CONTINUATION,NY/RANGE/NORMAL/BTC_NEUTRAL,14,0,14,0,0.35714285714285715,-0.2612729374710168,-0.34596217170306076,,INSUFFICIENT_DATA,1.0,2026-07-19T18:12:31.865916+00:00
DIVERGENCE_CONTINUATION,ASIA/QUIET/EXPANDED/BTC_FALLING,3,0,3,0,1.0,0.5905406130885354,0.4724324904708235,,INSUFFICIENT_DATA,1.0,2026-07-13T04:07:19.954709+00:00
DIVERGENCE_CONTINUATION,ASIA/ACCUMULATION/NORMAL/BTC_FALLING,4,0,4,0,0.0,-1.0,-0.7999999999999926,,INSUFFICIENT_DATA,0.0,2026-07-13T04:38:02.701636+00:00
DIVERGENCE_CONTINUATION,LONDON/QUIET/NORMAL/BTC_FALLING,1,0,1,0,0.0,-0.34326513799259256,-0.4204625087596477,,INSUFFICIENT_DATA,0.0,2026-07-13T08:53:46.542240+00:00
DIVERGENCE_CONTINUATION,LONDON/ACCUMULATION/NORMAL/BTC_FALLING,14,0,14,0,0.14285714285714285,-0.5999984409348175,-0.3662276029055664,,INSUFFICIENT_DATA,1.0,2026-07-16T09:17:40.034571+00:00
DIVERGENCE_CONTINUATION,OVERLAP/MARKDOWN/COMPRESSED/BTC_FALLING,6,0,6,0,0.3333333333333333,0.010761366693566865,0.008608815426994645,,INSUFFICIENT_DATA,1.0,2026-07-13T13:16:39.350665+00:00
DIVERGENCE_CONTINUATION,OVERLAP/MARKUP/CASCADE/BTC_FALLING,11,0,11,0,0.45454545454545453,0.5620183509833595,0.4895066501109269,,INSUFFICIENT_DATA,1.0,2026-07-13T14:32:40.948809+00:00
DIVERGENCE_CONTINUATION,NY/QUIET/NORMAL/BTC_FALLING,6,0,6,0,1.0,0.20547804854094787,0.1842623492889233,,INSUFFICIENT_DATA,1.0,2026-07-13T22:11:27.700774+00:00
DIVERGENCE_CONTINUATION,NY/ACCUMULATION/EXPANDED/BTC_FALLING,8,0,8,0,1.0,0.9272619773560216,1.2123836328209465,,INSUFFICIENT_DATA,1.0,2026-07-13T19:19:47.975670+00:00
DIVERGENCE_CONTINUATION,NY/QUIET/COMPRESSED/BTC_FALLING,11,0,11,0,0.0,-1.0,-0.8682210369440746,,INSUFFICIENT_DATA,0.0,2026-07-13T23:01:48.834213+00:00
DIVERGENCE_CONTINUATION,OFF_HOURS/MARKDOWN/COMPRESSED/BTC_NEUTRAL,10,0,10,0,0.0,-0.9256147540983598,-0.740491803278685,,INSUFFICIENT_DATA,0.0,2026-07-14T23:44:18.471987+00:00
DIVERGENCE_CONTINUATION,OFF_HOURS/QUIET/NORMAL/BTC_FALLING,1,0,1,0,0.0,-0.020717012487469932,-0.029677993767622438,,INSUFFICIENT_DATA,0.0,2026-07-14T00:07:13.294734+00:00
DIVERGENCE_CONTINUATION,OFF_HOURS/RANGE/NORMAL/BTC_FALLING,13,0,13,0,0.0,-0.5011923405622398,-0.7179791569166926,,INSUFFICIENT_DATA,0.0,2026-07-14T00:12:15.763831+00:00
DIVERGENCE_CONTINUATION,OFF_HOURS/MARKUP/NORMAL/BTC_FALLING,5,0,5,0,0.0,-1.0,-1.4183115699969557,,INSUFFICIENT_DATA,0.0,2026-07-14T00:17:17.701622+00:00
DIVERGENCE_CONTINUATION,OFF_HOURS/QUIET/COMPRESSED/BTC_FALLING,12,0,12,0,1.0,0.6593397796145305,0.7965849735387144,,INSUFFICIENT_DATA,1.0,2026-07-17T00:16:48.609567+00:00
DIVERGENCE_CONTINUATION,ASIA/MARKUP/COMPRESSED/BTC_NEUTRAL,6,0,6,0,0.0,-1.0,-1.0666489229564842,,INSUFFICIENT_DATA,0.0,2026-07-19T06:36:35.287219+00:00
DIVERGENCE_CONTINUATION,LONDON/RANGE/NORMAL/BTC_NEUTRAL,11,0,11,0,0.5454545454545454,-0.32297352734478685,-0.26997545431374415,,INSUFFICIENT_DATA,1.0,2026-07-18T10:24:24.661028+00:00
DIVERGENCE_CONTINUATION,OVERLAP/QUIET/EXPANDED/BTC_NEUTRAL,6,0,6,0,0.0,-1.0,-0.8000000000000069,,INSUFFICIENT_DATA,0.0,2026-07-14T13:13:36.134724+00:00
DIVERGENCE_CONTINUATION,NY/RANGE/EXPANDED/BTC_NEUTRAL,3,0,3,0,0.0,-1.0,-0.7999999999999998,,INSUFFICIENT_DATA,0.0,2026-07-14T17:53:55.702741+00:00
DIVERGENCE_CONTINUATION,ASIA/MARKDOWN/COMPRESSED/BTC_NEUTRAL,14,0,14,0,0.07142857142857142,-0.19300032835341854,-0.43711163707656003,,INSUFFICIENT_DATA,1.0,2026-07-18T07:43:39.692993+00:00
DIVERGENCE_CONTINUATION,ASIA/DISTRIBUTION/NORMAL/BTC_RISING,10,0,10,0,0.0,-1.0,-0.8605712080408463,,INSUFFICIENT_DATA,0.0,2026-07-22T03:10:54.643496+00:00
DIVERGENCE_CONTINUATION,LONDON/MARKUP/CASCADE/BTC_NEUTRAL,14,0,14,0,0.7857142857142857,0.03809073907370792,0.02931859721891559,,INSUFFICIENT_DATA,1.0,2026-07-20T10:22:16.696699+00:00
DIVERGENCE_CONTINUATION,OVERLAP/ACCUMULATION/NORMAL/BTC_RISING,5,0,5,0,1.0,1.3113754193351963,1.049036350329361,,INSUFFICIENT_DATA,1.0,2026-07-15T14:06:48.268968+00:00
DIVERGENCE_CONTINUATION,OVERLAP/MARKDOWN/COMPRESSED/BTC_RISING,6,0,6,0,0.8333333333333334,1.0933559365689374,1.463685760901286,,INSUFFICIENT_DATA,1.0,2026-07-21T13:56:16.457617+00:00
DIVERGENCE_CONTINUATION,OVERLAP/MARKUP/EXPANDED/BTC_RISING,8,0,8,0,0.0,-1.0,-0.8000321233536775,,INSUFFICIENT_DATA,0.0,2026-07-15T14:52:29.851666+00:00
DIVERGENCE_CONTINUATION,NY/DISTRIBUTION/EXPANDED/BTC_NEUTRAL,2,0,2,0,0.0,-1.0,-0.7999999999999949,,INSUFFICIENT_DATA,0.0,2026-07-15T17:23:51.970146+00:00
DIVERGENCE_CONTINUATION,OFF_HOURS/MARKUP/EXPANDED/BTC_NEUTRAL,13,0,13,0,0.0,-1.0,-0.8000000000000033,,INSUFFICIENT_DATA,0.0,2026-07-16T00:54:47.846832+00:00
DIVERGENCE_CONTINUATION,OVERLAP/QUIET/COMPRESSED/BTC_NEUTRAL,10,0,10,0,0.3,-0.5867637736858151,-1.7467484682345866,,INSUFFICIENT_DATA,0.9368895868862884,2026-07-23T13:22:06.970257+00:00
DIVERGENCE_CONTINUATION,NY/VOLATILE_EXPANSION/CASCADE/BTC_NEUTRAL,10,0,10,0,0.6,-0.28021196283391403,-0.22416957026712803,,INSUFFICIENT_DATA,0.5156875000000004,2026-07-23T17:35:14.697375+00:00
DIVERGENCE_CONTINUATION,NY/QUIET/EXPANDED/BTC_NEUTRAL,5,0,5,0,1.0,0.5383211678832018,0.43075125939985925,,INSUFFICIENT_DATA,1.0,2026-07-16T18:44:38.971449+00:00
DIVERGENCE_CONTINUATION,ASIA/MARKUP/COMPRESSED/BTC_FALLING,6,0,6,0,0.0,-1.0,-1.0230425637511014,,INSUFFICIENT_DATA,0.0,2026-07-17T01:28:15.953517+00:00
DIVERGENCE_CONTINUATION,ASIA/RANGE/NORMAL/BTC_FALLING,13,0,13,0,1.0,0.9856259521247052,1.0116804423960895,,INSUFFICIENT_DATA,1.0,2026-07-17T07:09:24.849628+00:00
DIVERGENCE_CONTINUATION,ASIA/RANGE/EXPANDED/BTC_FALLING,4,0,4,0,1.0,0.42476907507010697,0.38883115071929714,,INSUFFICIENT_DATA,1.0,2026-07-17T06:39:42.719741+00:00
DIVERGENCE_CONTINUATION,LONDON/MARKDOWN/COMPRESSED/BTC_FALLING,7,0,7,0,0.42857142857142855,-0.01042305334149545,-0.00833844267320535,,INSUFFICIENT_DATA,1.0,2026-07-17T09:58:40.929300+00:00
DIVERGENCE_CONTINUATION,LONDON/RANGE/EXPANDED/BTC_FALLING,5,0,5,0,1.0,1.293232941529919,1.034586353223927,,INSUFFICIENT_DATA,1.0,2026-07-17T08:57:20.272429+00:00
DIVERGENCE_CONTINUATION,LONDON/MARKUP/EXPANDED/BTC_FALLING,1,0,1,0,1.0,0.5637587676233288,0.9748172217709158,,INSUFFICIENT_DATA,1.0,2026-07-17T09:22:48.747814+00:00
DIVERGENCE_CONTINUATION,LONDON/QUIET/COMPRESSED/BTC_FALLING,6,0,6,0,0.0,-1.0,-0.8000000000000064,,INSUFFICIENT_DATA,0.0,2026-07-17T09:48:28.714507+00:00
DIVERGENCE_CONTINUATION,LONDON/MARKDOWN/NORMAL/BTC_FALLING,14,0,14,0,0.0,-0.42579744529390695,-0.3725766945143067,,INSUFFICIENT_DATA,0.0,2026-07-17T11:57:49.275395+00:00
DIVERGENCE_CONTINUATION,OVERLAP/DISTRIBUTION/NORMAL/BTC_FALLING,7,0,7,0,0.14285714285714285,-0.6692278782310978,-1.0894953646474905,,INSUFFICIENT_DATA,1.0,2026-07-17T14:20:54.815511+00:00
DIVERGENCE_CONTINUATION,OVERLAP/RANGE/EXPANDED/BTC_FALLING,4,0,4,0,1.0,0.9286193779368955,2.785858133810687,,INSUFFICIENT_DATA,1.0,2026-07-17T14:20:54.815558+00:00
DIVERGENCE_CONTINUATION,OVERLAP/MARKDOWN/CASCADE/BTC_FALLING,2,0,2,0,0.0,-1.0,-0.7999999999999933,,INSUFFICIENT_DATA,0.0,2026-07-17T15:01:53.592520+00:00
DIVERGENCE_CONTINUATION,NY/QUIET/NORMAL/BTC_NEUTRAL,13,0,13,0,0.6153846153846154,-0.07020709694440308,-0.05979443755283383,,INSUFFICIENT_DATA,1.0,2026-07-23T20:58:51.208131+00:00
DIVERGENCE_CONTINUATION,LONDON/ACCUMULATION/EXPANDED/BTC_NEUTRAL,1,0,1,0,1.0,1.2405087449050407,1.0841076959733071,,INSUFFICIENT_DATA,1.0,2026-07-18T10:44:41.920313+00:00
DIVERGENCE_CONTINUATION,NY/QUIET/COMPRESSED/BTC_RISING,12,0,12,0,0.0,-1.0,-0.9245865606447817,,INSUFFICIENT_DATA,0.0,2026-07-18T20:21:27.288499+00:00
DIVERGENCE_CONTINUATION,NY/ACCUMULATION/EXPANDED/BTC_RISING,7,0,7,0,0.0,-1.0,-0.8000102325340618,,INSUFFICIENT_DATA,0.0,2026-07-18T20:16:24.953080+00:00
DIVERGENCE_CONTINUATION,NY/MARKDOWN/COMPRESSED/BTC_RISING,12,0,12,0,0.16666666666666666,-0.34039278808937407,-1.0211783642681211,,INSUFFICIENT_DATA,1.0,2026-07-18T21:37:26.883202+00:00
DIVERGENCE_CONTINUATION,OFF_HOURS/DISTRIBUTION/NORMAL/BTC_RISING,11,0,11,0,0.9090909090909091,0.08359647664949682,0.15797857731393003,,INSUFFICIENT_DATA,1.0,2026-07-21T23:05:00.561976+00:00
DIVERGENCE_CONTINUATION,OFF_HOURS/ACCUMULATION/NORMAL/BTC_RISING,4,0,4,0,1.0,0.5491219485673955,0.4774962178517417,,INSUFFICIENT_DATA,1.0,2026-07-19T00:36:32.762456+00:00
DIVERGENCE_CONTINUATION,ASIA/MARKUP/EXPANDED/BTC_RISING,11,0,11,0,0.45454545454545453,0.253586045106543,0.3717893507254562,,INSUFFICIENT_DATA,1.0,2026-07-19T03:23:40.412526+00:00
DIVERGENCE_CONTINUATION,ASIA/QUIET/COMPRESSED/BTC_RISING,6,0,6,0,1.0,0.7061634299134916,0.5750124727820528,,INSUFFICIENT_DATA,1.0,2026-07-19T03:54:05.553387+00:00
DIVERGENCE_CONTINUATION,NY/RANGE/NORMAL/BTC_NEUTRAL/MIDCAP,1,0,1,0,0.0,-1.0,-0.7999999999999958,,INSUFFICIENT_DATA,0.0,2026-07-19T18:12:31.865929+00:00
DIVERGENCE_CONTINUATION,NY/MARKDOWN/CASCADE/BTC_NEUTRAL/ALTCOIN,2,0,2,0,0.0,-1.0,-0.7999999999999995,,INSUFFICIENT_DATA,0.0,2026-07-19T18:27:45.407781+00:00
DIVERGENCE_CONTINUATION,NY/QUIET/NORMAL/BTC_NEUTRAL/ALTCOIN,8,0,8,0,1.0,0.4486819966348951,0.3589455973079163,,INSUFFICIENT_DATA,1.0,2026-07-19T19:03:18.156014+00:00
DIVERGENCE_CONTINUATION,OFF_HOURS/VOLATILE_EXPANSION/CASCADE/BTC_NEUTRAL/MIDCAP,2,0,2,0,1.0,1.3433452741802223,1.074676219344176,,INSUFFICIENT_DATA,1.0,2026-07-19T23:22:43.769471+00:00
DIVERGENCE_CONTINUATION,OFF_HOURS/MARKUP/COMPRESSED/BTC_NEUTRAL/MIDCAP,2,0,2,0,1.0,0.40700040700040796,1.221001221001222,,INSUFFICIENT_DATA,1.0,2026-07-19T23:43:07.466701+00:00
DIVERGENCE_CONTINUATION,ASIA/MARKUP/EXPANDED/BTC_NEUTRAL/MIDCAP,2,0,2,0,1.0,0.7458405048766493,1.940298507462685,,INSUFFICIENT_DATA,1.0,2026-07-20T02:56:46.983631+00:00
DIVERGENCE_CONTINUATION,ASIA/ACCUMULATION/NORMAL/BTC_NEUTRAL/MIDCAP,13,0,13,0,0.38461538461538464,-0.5297432471781167,-0.4261939263141693,,INSUFFICIENT_DATA,1.0,2026-07-20T06:50:17.714655+00:00
DIVERGENCE_CONTINUATION,LONDON/MARKDOWN/EXPANDED/BTC_NEUTRAL/ALTCOIN,10,0,10,0,1.0,2.2287650346072114,2.4460479550801155,,INSUFFICIENT_DATA,1.0,2026-07-20T09:54:24.039208+00:00
DIVERGENCE_CONTINUATION,LONDON/MARKUP/CASCADE/BTC_NEUTRAL/ALTCOIN,12,0,12,0,0.9166666666666666,0.21110586225265926,0.16753292035653497,,INSUFFICIENT_DATA,1.0,2026-07-20T10:22:16.696711+00:00
DIVERGENCE_CONTINUATION,LONDON/MARKDOWN/CASCADE/BTC_NEUTRAL,1,1,0,0,0.0,-1.3681115591397677,-1.0944892473118215,,INSUFFICIENT_DATA,-8.142999999999578,2026-07-20T10:37:02.474166+00:00
DIVERGENCE_CONTINUATION,LONDON/MARKDOWN/CASCADE/BTC_NEUTRAL/ALTCOIN,1,1,0,0,0.0,-1.3681115591397677,-1.0944892473118215,,INSUFFICIENT_DATA,-8.142999999999578,2026-07-20T10:37:03.280366+00:00
DIVERGENCE_CONTINUATION,LONDON/MARKDOWN/COMPRESSED/BTC_NEUTRAL/MIDCAP,2,0,2,0,1.0,0.5158163265306107,1.5474489795918316,,INSUFFICIENT_DATA,1.0,2026-07-20T10:42:37.431521+00:00
DIVERGENCE_CONTINUATION,LONDON/QUIET/NORMAL/BTC_NEUTRAL/MIDCAP,13,0,13,0,0.6923076923076923,0.20044294220535208,0.19691188338178864,,INSUFFICIENT_DATA,0.9528040462602365,2026-07-23T08:53:05.560517+00:00
DIVERGENCE_CONTINUATION,NY/QUIET/NORMAL/BTC_NEUTRAL/MIDCAP,4,0,4,0,0.0,-1.009798728813558,-0.8078389830508514,,INSUFFICIENT_DATA,0.0,2026-07-23T20:58:51.208140+00:00
DIVERGENCE_CONTINUATION,NY/QUIET/COMPRESSED/BTC_NEUTRAL/MAJOR,3,0,3,0,0.0,-0.6371057740816117,-0.5096846192652859,,INSUFFICIENT_DATA,0.0,2026-07-20T22:41:08.774096+00:00
DIVERGENCE_CONTINUATION,OFF_HOURS/MARKUP/CASCADE/BTC_NEUTRAL,3,0,3,0,1.0,1.3214593507612713,1.4635698377346495,,INSUFFICIENT_DATA,1.0,2026-07-20T23:52:40.852412+00:00
DIVERGENCE_CONTINUATION,OFF_HOURS/MARKUP/CASCADE/BTC_NEUTRAL/MIDCAP,3,0,3,0,1.0,1.3214593507612713,1.4635698377346495,,INSUFFICIENT_DATA,1.0,2026-07-20T23:52:40.852421+00:00
DIVERGENCE_CONTINUATION,OFF_HOURS/MARKDOWN/NORMAL/BTC_NEUTRAL/MIDCAP,6,0,6,0,0.0,-1.0,-1.4787064676616957,,INSUFFICIENT_DATA,0.0,2026-07-21T00:43:40.570863+00:00
DIVERGENCE_CONTINUATION,ASIA/DISTRIBUTION/NORMAL/BTC_RISING/MIDCAP,2,0,2,0,0.0,-1.0,-0.799937185929651,,INSUFFICIENT_DATA,0.0,2026-07-21T04:51:38.228844+00:00
DIVERGENCE_CONTINUATION,ASIA/RANGE/NORMAL/BTC_RISING,2,0,2,0,0.0,-1.0,-1.1196499416569368,,INSUFFICIENT_DATA,0.0,2026-07-21T05:01:49.298480+00:00
DIVERGENCE_CONTINUATION,ASIA/RANGE/NORMAL/BTC_RISING/ALTCOIN,2,0,2,0,0.0,-1.0,-1.1196499416569368,,INSUFFICIENT_DATA,0.0,2026-07-21T05:01:49.298491+00:00
DIVERGENCE_CONTINUATION,ASIA/MARKDOWN/NORMAL/BTC_RISING/ALTCOIN,4,0,4,0,1.0,0.5456684636674707,0.5554481625757648,,INSUFFICIENT_DATA,1.0,2026-07-22T01:02:48.067277+00:00
DIVERGENCE_CONTINUATION,ASIA/DISTRIBUTION/NORMAL/BTC_RISING/ALTCOIN,6,0,6,0,0.0,-1.0,-0.821997971602423,,INSUFFICIENT_DATA,0.0,2026-07-22T03:10:54.643509+00:00
DIVERGENCE_CONTINUATION,LONDON/QUIET/NORMAL/BTC_RISING,11,0,11,0,0.36363636363636365,-0.04441442219284416,-0.03553153775427482,,INSUFFICIENT_DATA,1.0,2026-07-21T12:53:23.931690+00:00
DIVERGENCE_CONTINUATION,LONDON/QUIET/NORMAL/BTC_RISING/MIDCAP,4,0,4,0,1.0,0.11090577012965933,0.08872461610372734,,INSUFFICIENT_DATA,1.0,2026-07-21T09:11:33.322001+00:00
DIVERGENCE_CONTINUATION,LONDON/MARKDOWN/EXPANDED/BTC_RISING,4,0,4,0,0.0,-1.0,-1.1642654845462448,,INSUFFICIENT_DATA,0.0,2026-07-21T09:37:17.291026+00:00
DIVERGENCE_CONTINUATION,LONDON/MARKDOWN/EXPANDED/BTC_RISING/ALTCOIN,4,0,4,0,0.0,-1.0,-1.1642654845462448,,INSUFFICIENT_DATA,0.0,2026-07-21T09:37:17.291033+00:00
DIVERGENCE_CONTINUATION,LONDON/MARKUP/EXPANDED/BTC_RISING/ALTCOIN,5,0,5,0,1.0,2.148292298946045,1.7186338391568587,,INSUFFICIENT_DATA,1.0,2026-07-21T09:42:25.249292+00:00
DIVERGENCE_CONTINUATION,LONDON/QUIET/NORMAL/BTC_RISING/ALTCOIN,7,0,7,0,0.0,-0.1331688178057033,-0.10653505424456175,,INSUFFICIENT_DATA,0.0,2026-07-21T12:53:23.931700+00:00
DIVERGENCE_CONTINUATION,LONDON/QUIET/COMPRESSED/BTC_RISING,3,0,3,0,1.0,0.714030703320241,0.5712245626561947,,INSUFFICIENT_DATA,1.0,2026-07-21T10:38:42.838299+00:00
DIVERGENCE_CONTINUATION,LONDON/QUIET/COMPRESSED/BTC_RISING/MIDCAP,3,0,3,0,1.0,0.714030703320241,0.5712245626561947,,INSUFFICIENT_DATA,1.0,2026-07-21T10:38:42.838308+00:00
DIVERGENCE_CONTINUATION,OVERLAP/MARKDOWN/COMPRESSED/BTC_RISING/ALTCOIN,1,0,1,0,0.0,0.0,0.0,,INSUFFICIENT_DATA,0.0,2026-07-21T13:56:16.457625+00:00
DIVERGENCE_CONTINUATION,OVERLAP/MARKUP/NORMAL/BTC_RISING,1,0,1,0,0.0,-1.0,-1.106554921540646,,INSUFFICIENT_DATA,0.0,2026-07-21T15:20:55.992526+00:00
DIVERGENCE_CONTINUATION,OVERLAP/MARKUP/NORMAL/BTC_RISING/ALTCOIN,1,0,1,0,0.0,-1.0,-1.106554921540646,,INSUFFICIENT_DATA,0.0,2026-07-21T15:20:55.992559+00:00
DIVERGENCE_CONTINUATION,OVERLAP/VOLATILE_EXPANSION/CASCADE/BTC_RISING/ALTCOIN,7,0,7,0,0.0,-1.0,-0.8000000000000035,,INSUFFICIENT_DATA,0.0,2026-07-21T16:43:08.046935+00:00
DIVERGENCE_CONTINUATION,OVERLAP/QUIET/NORMAL/BTC_RISING,6,0,6,0,0.0,-0.19569963517279346,-0.15655970813823403,,INSUFFICIENT_DATA,0.0,2026-07-21T17:03:50.757944+00:00
DIVERGENCE_CONTINUATION,OVERLAP/QUIET/NORMAL/BTC_RISING/ALTCOIN,6,0,6,0,0.0,-0.19569963517279346,-0.15655970813823403,,INSUFFICIENT_DATA,0.0,2026-07-21T17:03:50.757983+00:00
DIVERGENCE_CONTINUATION,NY/QUIET/NORMAL/BTC_RISING,4,0,4,0,0.75,-0.09772002064047217,-0.05718171926007157,,INSUFFICIENT_DATA,1.0,2026-07-21T17:14:16.494036+00:00
DIVERGENCE_CONTINUATION,NY/QUIET/NORMAL/BTC_RISING/ALTCOIN,1,0,1,0,0.0,-1.0,-0.7999999999999985,,INSUFFICIENT_DATA,0.0,2026-07-21T17:03:50.758234+00:00
DIVERGENCE_CONTINUATION,NY/QUIET/NORMAL/BTC_RISING/MIDCAP,3,0,3,0,1.0,0.20303997247937045,0.19042437431990403,,INSUFFICIENT_DATA,1.0,2026-07-21T17:14:16.494044+00:00
DIVERGENCE_CONTINUATION,NY/VOLATILE_EXPANSION/CASCADE/BTC_RISING,4,0,4,0,0.0,-0.7721970453810589,-1.1387900355872014,,INSUFFICIENT_DATA,0.0,2026-07-21T17:45:31.824832+00:00
DIVERGENCE_CONTINUATION,NY/VOLATILE_EXPANSION/CASCADE/BTC_RISING/ALTCOIN,4,0,4,0,0.0,-0.7721970453810589,-1.1387900355872014,,INSUFFICIENT_DATA,0.0,2026-07-21T17:45:31.824841+00:00
DIVERGENCE_CONTINUATION,NY/MARKUP/NORMAL/BTC_RISING/MIDCAP,8,0,8,0,0.0,-0.6473610984544246,-0.6069204944893527,,INSUFFICIENT_DATA,0.0,2026-07-21T22:18:51.243615+00:00
DIVERGENCE_CONTINUATION,NY/MARKDOWN/NORMAL/BTC_RISING,1,0,1,0,1.0,0.125,0.30075187969924894,,INSUFFICIENT_DATA,1.0,2026-07-21T17:50:46.122752+00:00
DIVERGENCE_CONTINUATION,NY/MARKDOWN/NORMAL/BTC_RISING/ALTCOIN,1,0,1,0,1.0,0.125,0.30075187969924894,,INSUFFICIENT_DATA,1.0,2026-07-21T17:50:46.122765+00:00
DIVERGENCE_CONTINUATION,NY/RANGE/EXPANDED/BTC_RISING,4,0,4,0,0.0,-0.4511724946575343,-1.1582678284890242,,INSUFFICIENT_DATA,0.0,2026-07-21T18:06:20.562199+00:00
DIVERGENCE_CONTINUATION,NY/RANGE/EXPANDED/BTC_RISING/ALTCOIN,4,0,4,0,0.0,-0.4511724946575343,-1.1582678284890242,,INSUFFICIENT_DATA,0.0,2026-07-21T18:06:20.562205+00:00
DIVERGENCE_CONTINUATION,NY/MARKUP/CASCADE/BTC_RISING,6,0,6,0,1.0,1.0939132706374275,0.8751306165099318,,INSUFFICIENT_DATA,1.0,2026-07-21T20:35:53.519021+00:00
DIVERGENCE_CONTINUATION,NY/MARKUP/CASCADE/BTC_RISING/ALTCOIN,6,0,6,0,1.0,1.0939132706374275,0.8751306165099318,,INSUFFICIENT_DATA,1.0,2026-07-21T20:35:53.519029+00:00
DIVERGENCE_CONTINUATION,NY/DISTRIBUTION/NORMAL/BTC_RISING,6,0,6,0,0.0,-1.0,-0.7999999999999899,,INSUFFICIENT_DATA,0.0,2026-07-21T22:59:53.968282+00:00
DIVERGENCE_CONTINUATION,NY/DISTRIBUTION/NORMAL/BTC_RISING/ALTCOIN,6,0,6,0,0.0,-1.0,-0.7999999999999899,,INSUFFICIENT_DATA,0.0,2026-07-21T22:59:53.968291+00:00
DIVERGENCE_CONTINUATION,OFF_HOURS/DISTRIBUTION/NORMAL/BTC_RISING/ALTCOIN,1,0,1,0,0.0,-1.0,-0.7999999999999899,,INSUFFICIENT_DATA,0.0,2026-07-21T23:05:00.562098+00:00
DIVERGENCE_CONTINUATION,ASIA/MARKDOWN/NORMAL/BTC_RISING/MIDCAP,5,0,5,0,0.0,-1.0,-1.0283980304591764,,INSUFFICIENT_DATA,0.0,2026-07-22T03:31:24.067489+00:00
DIVERGENCE_CONTINUATION,LONDON/QUIET/NORMAL/BTC_NEUTRAL/ALTCOIN,7,0,7,0,0.0,-0.6517789644207117,-0.5214285714285717,,INSUFFICIENT_DATA,0.0,2026-07-23T11:36:37.882139+00:00
DIVERGENCE_CONTINUATION,LONDON/MARKUP/EXPANDED/BTC_NEUTRAL/MIDCAP,2,0,2,0,0.0,-1.1874999999999996,-0.9500000000000016,,INSUFFICIENT_DATA,0.0,2026-07-22T13:04:47.302650+00:00
DIVERGENCE_CONTINUATION,OVERLAP/QUIET/COMPRESSED/BTC_NEUTRAL/ALTCOIN,9,0,9,0,0.2222222222222222,-0.7213499818644542,-2.1490023313457414,,INSUFFICIENT_DATA,0.8958346860593465,2026-07-23T13:22:06.970280+00:00
DIVERGENCE_CONTINUATION,OVERLAP/DISTRIBUTION/EXPANDED/BTC_NEUTRAL,5,0,5,0,1.0,1.912214939845579,2.381022917831193,,INSUFFICIENT_DATA,0.9407354240282686,2026-07-22T16:37:59.063829+00:00
DIVERGENCE_CONTINUATION,OVERLAP/DISTRIBUTION/EXPANDED/BTC_NEUTRAL/ALTCOIN,5,0,5,0,1.0,1.912214939845579,2.381022917831193,,INSUFFICIENT_DATA,0.9407354240282686,2026-07-22T16:37:59.063854+00:00
DIVERGENCE_CONTINUATION,OVERLAP/DISTRIBUTION/NORMAL/BTC_NEUTRAL,4,0,4,0,1.0,0.029022143518598345,0.0393272278971529,,INSUFFICIENT_DATA,0.20772093023258328,2026-07-22T16:48:22.779027+00:00
DIVERGENCE_CONTINUATION,OVERLAP/DISTRIBUTION/NORMAL/BTC_NEUTRAL/ALTCOIN,4,0,4,0,1.0,0.029022143518598345,0.0393272278971529,,INSUFFICIENT_DATA,0.20772093023258328,2026-07-22T16:48:22.779036+00:00
DIVERGENCE_CONTINUATION,NY/DISTRIBUTION/NORMAL/BTC_NEUTRAL/MIDCAP,1,0,1,0,1.0,1.3568313953488422,1.0854651162790683,,INSUFFICIENT_DATA,0.8785882352941176,2026-07-22T17:09:10.350192+00:00
DIVERGENCE_CONTINUATION,NY/MARKUP/NORMAL/BTC_NEUTRAL/MIDCAP,1,0,1,0,1.0,1.5528836733824345,1.9235503614203422,,INSUFFICIENT_DATA,0.9276603053435111,2026-07-22T17:24:41.139135+00:00
DIVERGENCE_CONTINUATION,OFF_HOURS/QUIET/COMPRESSED/BTC_NEUTRAL/MIDCAP,6,0,6,0,1.0,1.6333358564832385,1.469891008174386,,INSUFFICIENT_DATA,0.9074011774600507,2026-07-23T00:49:43.561258+00:00
DIVERGENCE_CONTINUATION,ASIA/RANGE/NORMAL/BTC_NEUTRAL/ALTCOIN,1,0,1,0,0.0,-1.05,-3.150000000000004,,INSUFFICIENT_DATA,0.0,2026-07-23T01:15:54.167655+00:00
DIVERGENCE_CONTINUATION,ASIA/QUIET/COMPRESSED/BTC_NEUTRAL/MIDCAP,1,0,1,0,0.0,-1.1489703883012232,-1.1569115191986676,,INSUFFICIENT_DATA,0.0,2026-07-23T02:07:39.833263+00:00
DIVERGENCE_CONTINUATION,ASIA/QUIET/NORMAL/BTC_NEUTRAL/ALTCOIN,12,0,12,0,0.5,0.0076157684090808475,0.01789783153614799,,INSUFFICIENT_DATA,0.6274705882352916,2026-07-24T01:14:14.049554+00:00
DIVERGENCE_CONTINUATION,LONDON/MARKDOWN/NORMAL/BTC_NEUTRAL/ALTCOIN,11,0,11,0,1.0,0.2810551666502971,0.8431654999508903,,INSUFFICIENT_DATA,0.8489677702181387,2026-07-23T09:55:41.282273+00:00
DIVERGENCE_CONTINUATION,LONDON/MARKDOWN/COMPRESSED/BTC_NEUTRAL/ALTCOIN,2,0,2,0,0.0,-1.1875120076849202,-0.9499487704917959,,INSUFFICIENT_DATA,0.0,2026-07-23T09:50:27.147085+00:00
DIVERGENCE_CONTINUATION,OVERLAP/MARKDOWN/CASCADE/BTC_NEUTRAL/MIDCAP,10,0,10,0,0.5,-0.3610867096070979,-0.26333572824735696,,INSUFFICIENT_DATA,0.5108846153846116,2026-07-23T16:37:22.162139+00:00
DIVERGENCE_CONTINUATION,OVERLAP/ACCUMULATION/NORMAL/BTC_NEUTRAL,3,0,3,0,1.0,1.9119056395134724,1.8838983050847464,,INSUFFICIENT_DATA,0.92625,2026-07-23T15:12:43.287153+00:00
DIVERGENCE_CONTINUATION,OVERLAP/ACCUMULATION/NORMAL/BTC_NEUTRAL/ALTCOIN,3,0,3,0,1.0,1.9119056395134724,1.8838983050847464,,INSUFFICIENT_DATA,0.92625,2026-07-23T15:12:43.287163+00:00
DIVERGENCE_CONTINUATION,OVERLAP/RANGE/EXPANDED/BTC_NEUTRAL,5,0,5,0,1.0,1.2294457487455677,1.7472849198560703,,INSUFFICIENT_DATA,0.9209396551724138,2026-07-23T15:23:06.981682+00:00
DIVERGENCE_CONTINUATION,OVERLAP/RANGE/EXPANDED/BTC_NEUTRAL/MIDCAP,5,0,5,0,1.0,1.2294457487455677,1.7472849198560703,,INSUFFICIENT_DATA,0.9209396551724138,2026-07-23T15:23:06.981693+00:00
DIVERGENCE_CONTINUATION,OVERLAP/MARKUP/NORMAL/BTC_NEUTRAL/ALTCOIN,7,0,7,0,0.0,-1.1575800654471315,-1.1018970535668766,,INSUFFICIENT_DATA,0.0,2026-07-23T16:26:43.680546+00:00
DIVERGENCE_CONTINUATION,NY/MARKDOWN/EXPANDED/BTC_NEUTRAL/MIDCAP,1,0,1,0,1.0,0.3135020040080168,0.2508016032064131,,INSUFFICIENT_DATA,0.6257500000000003,2026-07-23T17:03:43.392495+00:00
DIVERGENCE_CONTINUATION,NY/VOLATILE_EXPANSION/CASCADE/BTC_NEUTRAL/ALTCOIN,6,0,6,0,1.0,0.1996467286101434,0.15971738288811485,,INSUFFICIENT_DATA,0.5156875000000004,2026-07-23T17:35:14.697383+00:00
DIVERGENCE_CONTINUATION,NY/MARKUP/COMPRESSED/BTC_NEUTRAL/ALTCOIN,8,0,8,0,0.0,-1.1095169405663456,-1.5196511172089409,,INSUFFICIENT_DATA,0.0,2026-07-23T21:19:35.236192+00:00
DIVERGENCE_CONTINUATION,OFF_HOURS/QUIET/NORMAL/BTC_NEUTRAL,1,0,1,0,1.0,0.926972217799701,0.7415777742397716,,INSUFFICIENT_DATA,0.8317589285714287,2026-07-24T00:42:56.508292+00:00
DIVERGENCE_CONTINUATION,OFF_HOURS/QUIET/NORMAL/BTC_NEUTRAL/MIDCAP,1,0,1,0,1.0,0.926972217799701,0.7415777742397716,,INSUFFICIENT_DATA,0.8317589285714287,2026-07-24T00:42:56.508321+00:00
DIVERGENCE_CONTINUATION,ASIA/QUIET/NORMAL/BTC_NEUTRAL/MIDCAP,6,0,6,0,0.16666666666666666,-0.48108427188093844,-0.39725793197056686,,INSUFFICIENT_DATA,-0.8957499999999283,2026-07-24T01:19:27.941109+00:00
DIVERGENCE_CONTINUATION,ASIA/ACCUMULATION/NORMAL/BTC_NEUTRAL/ALTCOIN,2,0,2,0,0.0,-1.187499999999999,-0.9500000000000045,,INSUFFICIENT_DATA,0.0,2026-07-24T01:50:54.232558+00:00
DIVERGENCE_CONTINUATION@ATR,ASIA/MARKUP/NORMAL/BTC_NEUTRAL,22,0,0,22,0.45454545454545453,-0.06054942591030938,-0.2094818978645451,-0.1137816495917168,NEGATIVE,0.9813578425972841,2026-07-23T03:26:59.563356+00:00
DIVERGENCE_CONTINUATION@ATR,LONDON/MARKUP/NORMAL/BTC_NEUTRAL,3,0,0,3,0.3333333333333333,-0.33810249451367475,-0.6689791351293132,,INSUFFICIENT_DATA,1.0,2026-07-22T12:49:20.346829+00:00
DIVERGENCE_CONTINUATION@ATR,OVERLAP/QUIET/EXPANDED/BTC_NEUTRAL,1,0,0,1,0.0,-1.0,-0.7143141657978437,,INSUFFICIENT_DATA,0.0,2026-07-14T13:08:35.196756+00:00
DIVERGENCE_CONTINUATION@ATR,OVERLAP/MARKUP/CASCADE/BTC_NEUTRAL,14,0,0,14,0.5,0.07535440355402945,0.2605103055879096,,INSUFFICIENT_DATA,0.9654916158688204,2026-07-23T16:05:44.046850+00:00
DIVERGENCE_CONTINUATION@ATR,NY/MARKUP/CASCADE/BTC_NEUTRAL,4,0,0,4,0.75,0.07089173456815806,0.8496654009705502,,INSUFFICIENT_DATA,1.0,2026-07-22T18:31:46.480533+00:00
DIVERGENCE_CONTINUATION@ATR,NY/QUIET/COMPRESSED/BTC_NEUTRAL,5,0,0,5,0.4,-0.01220823470240913,0.10155915840424394,,INSUFFICIENT_DATA,1.0,2026-07-21T20:10:00.189747+00:00
DIVERGENCE_CONTINUATION@ATR,ASIA/QUIET/NORMAL/BTC_NEUTRAL,5,0,0,5,0.6,-0.17393493338816501,0.006085358556843073,,INSUFFICIENT_DATA,0.8195459098247072,2026-07-24T01:03:57.400258+00:00
DIVERGENCE_CONTINUATION@ATR,ASIA/MARKDOWN/COMPRESSED/BTC_NEUTRAL,3,0,0,3,0.3333333333333333,-0.2503489058753398,-0.6267793594768143,,INSUFFICIENT_DATA,1.0,2026-07-22T06:40:44.870972+00:00
DIVERGENCE_CONTINUATION@ATR,ASIA/MARKDOWN/NORMAL/BTC_NEUTRAL,4,0,0,4,0.75,-0.009767559883865205,-0.01581287353619968,,INSUFFICIENT_DATA,0.34903367696309423,2026-07-24T02:22:30.151948+00:00
DIVERGENCE_CONTINUATION@ATR,ASIA/QUIET/COMPRESSED/BTC_NEUTRAL,10,0,0,10,0.6,-0.07053779704056783,-0.2466046937637822,,INSUFFICIENT_DATA,1.0,2026-07-21T04:05:38.414757+00:00
DIVERGENCE_CONTINUATION@ATR,ASIA/RANGE/NORMAL/BTC_NEUTRAL,6,0,0,6,0.5,0.0007844909491984317,0.2712676374352791,,INSUFFICIENT_DATA,1.0,2026-07-22T05:49:27.468587+00:00
DIVERGENCE_CONTINUATION@ATR,ASIA/MARKDOWN/NORMAL/BTC_RISING,1,0,0,1,1.0,0.20615630932014112,0.8549855651787772,,INSUFFICIENT_DATA,1.0,2026-07-15T07:14:56.543253+00:00
DIVERGENCE_CONTINUATION@ATR,ASIA/RANGE/NORMAL/BTC_RISING,3,0,0,3,0.0,-0.8521504526436697,-2.649750770751115,,INSUFFICIENT_DATA,0.0,2026-07-21T05:01:51.418695+00:00
DIVERGENCE_CONTINUATION@ATR,LONDON/MARKUP/EXPANDED/BTC_NEUTRAL,2,0,0,2,0.5,0.47742766617695065,1.5420670854861145,,INSUFFICIENT_DATA,0.9609117647058825,2026-07-23T09:19:07.789026+00:00
DIVERGENCE_CONTINUATION@ATR,LONDON/MARKDOWN/EXPANDED/BTC_NEUTRAL,2,0,0,2,0.5,0.16126855600539935,0.4016177945449573,,INSUFFICIENT_DATA,1.0,2026-07-20T09:54:25.642087+00:00
DIVERGENCE_CONTINUATION@ATR,LONDON/MARKUP/CASCADE/BTC_NEUTRAL,8,0,0,8,0.875,0.03819132946312548,0.18235326126806756,,INSUFFICIENT_DATA,0.9620679048123638,2026-07-23T09:19:07.789332+00:00
DIVERGENCE_CONTINUATION@ATR,OVERLAP/VOLATILE_EXPANSION/CASCADE/BTC_NEUTRAL,12,0,0,12,0.6666666666666666,0.194842504749516,0.21469485134643937,,INSUFFICIENT_DATA,0.9537791572629973,2026-07-23T13:53:46.413286+00:00
DIVERGENCE_CONTINUATION@ATR,OVERLAP/MARKUP/CASCADE/BTC_RISING,11,0,0,11,0.6363636363636364,0.036499224201824415,0.05073391988431371,,INSUFFICIENT_DATA,1.0,2026-07-15T16:53:34.583172+00:00
DIVERGENCE_CONTINUATION@ATR,NY/VOLATILE_EXPANSION/CASCADE/BTC_NEUTRAL,3,0,0,3,0.3333333333333333,-0.3394942741310279,-0.24867663573714838,,INSUFFICIENT_DATA,0.5156875000000003,2026-07-23T17:35:22.322400+00:00
DIVERGENCE_CONTINUATION@ATR,NY/DISTRIBUTION/EXPANDED/BTC_NEUTRAL,1,0,0,1,0.0,-0.02877573629914953,-0.06653359946772387,,INSUFFICIENT_DATA,0.0,2026-07-15T17:23:53.122825+00:00
DIVERGENCE_CONTINUATION@ATR,NY/MARKDOWN/EXPANDED/BTC_NEUTRAL,4,0,0,4,0.75,-0.08408549820184769,-0.1348293520950087,,INSUFFICIENT_DATA,0.8626627733162107,2026-07-23T17:03:47.710338+00:00
DIVERGENCE_CONTINUATION@ATR,NY/MARKUP/NORMAL/BTC_NEUTRAL,8,0,0,8,0.125,-0.3633470053870696,-0.5930372056020754,,INSUFFICIENT_DATA,1.0,2026-07-22T20:04:44.104112+00:00
DIVERGENCE_CONTINUATION@ATR,NY/DISTRIBUTION/NORMAL/BTC_NEUTRAL,3,0,0,3,1.0,0.23540854344289208,0.6145984738801658,,INSUFFICIENT_DATA,1.0,2026-07-16T18:59:50.591477+00:00
DIVERGENCE_CONTINUATION@ATR,OFF_HOURS/QUIET/COMPRESSED/BTC_NEUTRAL,4,0,0,4,0.5,-0.4216788832828322,-0.5255359704308658,,INSUFFICIENT_DATA,1.0,2026-07-21T00:13:08.515092+00:00
DIVERGENCE_CONTINUATION@ATR,ASIA/DISTRIBUTION/NORMAL/BTC_NEUTRAL,2,0,0,2,0.0,-0.29705535023542784,-0.5714172526546947,,INSUFFICIENT_DATA,0.0,2026-07-23T02:28:37.801642+00:00
DIVERGENCE_CONTINUATION@ATR,LONDON/RANGE/NORMAL/BTC_NEUTRAL,1,0,0,1,1.0,0.11318323495098508,0.34983853606028614,,INSUFFICIENT_DATA,1.0,2026-07-16T11:44:47.164040+00:00
DIVERGENCE_CONTINUATION@ATR,LONDON/ACCUMULATION/NORMAL/BTC_NEUTRAL,1,0,0,1,0.0,-0.28025844745670153,-1.195620254226612,,INSUFFICIENT_DATA,0.0,2026-07-16T12:36:18.481830+00:00
DIVERGENCE_CONTINUATION@ATR,OVERLAP/MARKUP/EXPANDED/BTC_NEUTRAL,3,0,0,3,0.3333333333333333,-0.02838454239528354,-0.9016013646248667,,INSUFFICIENT_DATA,0.7981044776119415,2026-07-22T15:35:48.408811+00:00
DIVERGENCE_CONTINUATION@ATR,OVERLAP/MARKUP/NORMAL/BTC_NEUTRAL,2,0,0,2,1.0,0.22700284834236567,0.7447685560648947,,INSUFFICIENT_DATA,1.0,2026-07-17T16:08:25.439250+00:00
DIVERGENCE_CONTINUATION@ATR,OVERLAP/ACCUMULATION/EXPANDED/BTC_NEUTRAL,1,0,0,1,1.0,1.3661428405835712,1.2171732074358261,,INSUFFICIENT_DATA,1.0,2026-07-16T16:42:42.711017+00:00
DIVERGENCE_CONTINUATION@ATR,NY/QUIET/EXPANDED/BTC_NEUTRAL,2,0,0,2,1.0,0.23843493809470048,0.34162289180749794,,INSUFFICIENT_DATA,1.0,2026-07-21T19:18:34.909440+00:00
DIVERGENCE_CONTINUATION@ATR,NY/ACCUMULATION/EXPANDED/BTC_NEUTRAL,1,0,0,1,1.0,0.2760249342523928,0.40696359936694465,,INSUFFICIENT_DATA,1.0,2026-07-16T19:20:16.198120+00:00
DIVERGENCE_CONTINUATION@ATR,NY/MARKUP/EXPANDED/BTC_NEUTRAL,4,0,0,4,0.5,-0.029233301518860777,-0.29336746121487295,,INSUFFICIENT_DATA,1.0,2026-07-22T20:04:44.103853+00:00
DIVERGENCE_CONTINUATION@ATR,OFF_HOURS/MARKUP/COMPRESSED/BTC_NEUTRAL,4,0,0,4,0.5,-0.43102462811226006,-0.6024968709328348,,INSUFFICIENT_DATA,1.0,2026-07-21T23:41:04.736468+00:00
DIVERGENCE_CONTINUATION@ATR,OFF_HOURS/MARKDOWN/NORMAL/BTC_NEUTRAL,2,0,0,2,1.0,0.18018952829311352,0.4855852782258324,,INSUFFICIENT_DATA,1.0,2026-07-19T23:22:46.121915+00:00
DIVERGENCE_CONTINUATION@ATR,ASIA/MARKDOWN/NORMAL/BTC_FALLING,5,0,0,5,0.6,0.22357840658996167,0.4536071739747515,,INSUFFICIENT_DATA,1.0,2026-07-17T05:21:55.414304+00:00
DIVERGENCE_CONTINUATION@ATR,ASIA/MARKUP/CASCADE/BTC_FALLING,1,0,0,1,0.0,-0.3904627121995429,-1.720677501468568,,INSUFFICIENT_DATA,0.0,2026-07-17T02:14:00.752688+00:00
DIVERGENCE_CONTINUATION@ATR,ASIA/MARKUP/NORMAL/BTC_FALLING,2,0,0,2,0.0,-0.37729144349833493,-0.6374702158498307,,INSUFFICIENT_DATA,0.0,2026-07-17T05:11:45.544309+00:00
DIVERGENCE_CONTINUATION@ATR,ASIA/MARKDOWN/COMPRESSED/BTC_FALLING,1,0,0,1,1.0,0.11225556676660875,0.530275003082994,,INSUFFICIENT_DATA,1.0,2026-07-17T05:37:13.149054+00:00
DIVERGENCE_CONTINUATION@ATR,ASIA/QUIET/NORMAL/BTC_FALLING,1,0,0,1,1.0,0.1314500314104408,0.5217813372163483,,INSUFFICIENT_DATA,1.0,2026-07-17T06:34:38.737232+00:00
DIVERGENCE_CONTINUATION@ATR,ASIA/VOLATILE_EXPANSION/CASCADE/BTC_FALLING,3,0,0,3,1.0,0.10261024278547255,0.14120755499007462,,INSUFFICIENT_DATA,1.0,2026-07-17T08:00:50.509591+00:00
DIVERGENCE_CONTINUATION@ATR,LONDON/MARKDOWN/COMPRESSED/BTC_FALLING,1,0,0,1,1.0,0.404207736271024,1.0472103004291955,,INSUFFICIENT_DATA,1.0,2026-07-17T08:21:25.052208+00:00
DIVERGENCE_CONTINUATION@ATR,LONDON/MARKUP/NORMAL/BTC_FALLING,1,0,0,1,0.0,-0.03917101692934164,-0.15492819201259578,,INSUFFICIENT_DATA,0.0,2026-07-17T08:21:25.052404+00:00
DIVERGENCE_CONTINUATION@ATR,LONDON/VOLATILE_EXPANSION/CASCADE/BTC_FALLING,1,0,0,1,1.0,0.019596315892609937,0.032679738562087904,,INSUFFICIENT_DATA,1.0,2026-07-17T08:26:30.850993+00:00
DIVERGENCE_CONTINUATION@ATR,LONDON/MARKUP/EXPANDED/BTC_FALLING,2,0,0,2,1.0,0.3563283598393803,0.7294091486644265,,INSUFFICIENT_DATA,1.0,2026-07-17T11:05:20.978188+00:00
DIVERGENCE_CONTINUATION@ATR,LONDON/QUIET/COMPRESSED/BTC_FALLING,1,0,0,1,0.0,-0.35803394609351713,-0.9622819829882377,,INSUFFICIENT_DATA,0.0,2026-07-17T09:48:32.564088+00:00
DIVERGENCE_CONTINUATION@ATR,LONDON/MARKDOWN/NORMAL/BTC_FALLING,1,0,0,1,0.0,-0.015931938757625656,-0.06518904823988853,,INSUFFICIENT_DATA,0.0,2026-07-17T09:58:41.931171+00:00
DIVERGENCE_CONTINUATION@ATR,OVERLAP/QUIET/NORMAL/BTC_FALLING,1,0,0,1,1.0,0.1836227886396529,0.30486167069567305,,INSUFFICIENT_DATA,1.0,2026-07-17T13:41:10.782291+00:00
DIVERGENCE_CONTINUATION@ATR,OVERLAP/DISTRIBUTION/NORMAL/BTC_FALLING,1,0,0,1,0.0,-1.0,-4.830700247244684,,INSUFFICIENT_DATA,0.0,2026-07-17T14:20:57.901940+00:00
DIVERGENCE_CONTINUATION@ATR,OVERLAP/MARKDOWN/CASCADE/BTC_FALLING,2,0,0,2,1.0,0.06434816160098372,0.263673419351933,,INSUFFICIENT_DATA,1.0,2026-07-17T15:01:57.060566+00:00
DIVERGENCE_CONTINUATION@ATR,ASIA/MARKUP/EXPANDED/BTC_NEUTRAL,2,0,0,2,1.0,0.7046878540507101,3.0081452898043266,,INSUFFICIENT_DATA,0.9756741921154289,2026-07-23T03:42:30.373174+00:00
DIVERGENCE_CONTINUATION@ATR,LONDON/DISTRIBUTION/EXPANDED/BTC_NEUTRAL,2,0,0,2,1.0,0.7979179143191297,1.7694540528973424,,INSUFFICIENT_DATA,1.0,2026-07-20T10:09:38.517072+00:00
DIVERGENCE_CONTINUATION@ATR,LONDON/QUIET/COMPRESSED/BTC_NEUTRAL,1,0,0,1,0.0,-0.6274549173641822,-1.4819205690574888,,INSUFFICIENT_DATA,0.0,2026-07-18T10:04:06.931543+00:00
DIVERGENCE_CONTINUATION@ATR,LONDON/MARKDOWN/NORMAL/BTC_NEUTRAL,6,0,0,6,0.8333333333333334,0.3029290523824576,0.8593073067394427,,INSUFFICIENT_DATA,0.9774799761361119,2026-07-23T09:50:29.834366+00:00
DIVERGENCE_CONTINUATION@ATR,LONDON/ACCUMULATION/EXPANDED/BTC_NEUTRAL,1,0,0,1,1.0,0.40053345774811944,1.0841076959733071,,INSUFFICIENT_DATA,1.0,2026-07-18T10:44:42.965215+00:00
DIVERGENCE_CONTINUATION@ATR,LONDON/DISTRIBUTION/NORMAL/BTC_NEUTRAL,1,0,0,1,0.0,-0.6733654923404687,-2.5561921551344238,,INSUFFICIENT_DATA,0.0,2026-07-18T11:06:25.688265+00:00
DIVERGENCE_CONTINUATION@ATR,OVERLAP/MARKDOWN/NORMAL/BTC_NEUTRAL,3,0,0,3,0.3333333333333333,0.000565420297757723,-0.009207844115971153,,INSUFFICIENT_DATA,1.0,2026-07-19T13:49:26.372668+00:00
DIVERGENCE_CONTINUATION@ATR,NY/MARKDOWN/EXPANDED/BTC_RISING,1,0,0,1,0.0,-0.16785444519642073,-0.5868398052191436,,INSUFFICIENT_DATA,0.0,2026-07-18T18:14:32.874732+00:00
DIVERGENCE_CONTINUATION@ATR,NY/MARKDOWN/COMPRESSED/BTC_RISING,1,0,0,1,1.0,0.37206495487872027,1.5876700052714834,,INSUFFICIENT_DATA,1.0,2026-07-18T21:32:24.550278+00:00
DIVERGENCE_CONTINUATION@ATR,OFF_HOURS/DISTRIBUTION/NORMAL/BTC_RISING,1,0,0,1,1.0,0.146959769763025,0.3625377643504489,,INSUFFICIENT_DATA,1.0,2026-07-18T23:05:28.501016+00:00
DIVERGENCE_CONTINUATION@ATR,ASIA/QUIET/COMPRESSED/BTC_RISING,2,0,0,2,1.0,0.05417750198828669,0.1684287382571677,,INSUFFICIENT_DATA,1.0,2026-07-22T01:07:57.799314+00:00
DIVERGENCE_CONTINUATION@ATR,ASIA/ACCUMULATION/NORMAL/BTC_NEUTRAL,3,0,0,3,0.0,-0.5582326342372596,-0.80858282322528,,INSUFFICIENT_DATA,0.0,2026-07-20T01:20:04.891057+00:00
DIVERGENCE_CONTINUATION@ATR,OVERLAP/DISTRIBUTION/NORMAL/BTC_NEUTRAL,1,0,0,1,1.0,0.517717441325357,1.1718750000000049,,INSUFFICIENT_DATA,1.0,2026-07-19T16:40:51.685867+00:00
DIVERGENCE_CONTINUATION@ATR,NY/RANGE/NORMAL/BTC_NEUTRAL,1,0,0,1,0.0,-1.0,-0.7629571165482785,,INSUFFICIENT_DATA,0.0,2026-07-19T18:12:34.119139+00:00
DIVERGENCE_CONTINUATION@ATR,NY/MARKDOWN/NORMAL/BTC_NEUTRAL,1,0,0,1,1.0,0.42115834743943514,0.7494955318535576,,INSUFFICIENT_DATA,1.0,2026-07-19T18:17:38.418395+00:00
DIVERGENCE_CONTINUATION@ATR,NY/MARKDOWN/CASCADE/BTC_NEUTRAL,1,0,0,1,0.0,-0.2440363614178576,-0.22446689113356424,,INSUFFICIENT_DATA,0.0,2026-07-19T18:27:47.215515+00:00
DIVERGENCE_CONTINUATION@ATR,NY/QUIET/NORMAL/BTC_NEUTRAL,4,0,0,4,0.25,-0.16214669155946332,-0.46286958711951515,,INSUFFICIENT_DATA,1.0,2026-07-23T20:58:55.293372+00:00
DIVERGENCE_CONTINUATION@ATR,NY/MARKDOWN/COMPRESSED/BTC_NEUTRAL,2,0,0,2,0.0,-0.0979853796261301,-0.4167092075997522,,INSUFFICIENT_DATA,0.0,2026-07-22T20:04:44.094567+00:00
DIVERGENCE_CONTINUATION@ATR,OFF_HOURS/VOLATILE_EXPANSION/CASCADE/BTC_NEUTRAL,2,0,0,2,1.0,0.8949512544587458,1.035036255746491,,INSUFFICIENT_DATA,1.0,2026-07-19T23:22:46.121391+00:00
DIVERGENCE_CONTINUATION@ATR,ASIA/VOLATILE_EXPANSION/CASCADE/BTC_NEUTRAL,7,0,0,7,0.2857142857142857,0.015124065078881619,0.13370411085804998,,INSUFFICIENT_DATA,1.0,2026-07-23T03:47:39.584492+00:00
DIVERGENCE_CONTINUATION@ATR,LONDON/MARKDOWN/CASCADE/BTC_NEUTRAL,2,0,0,2,0.5,-0.4348994661756221,-0.40048091151227566,,INSUFFICIENT_DATA,1.0,2026-07-20T11:23:55.660624+00:00
DIVERGENCE_CONTINUATION@ATR,LONDON/QUIET/NORMAL/BTC_NEUTRAL,3,0,0,3,0.6666666666666666,-0.03220514548781184,0.23274741903039656,,INSUFFICIENT_DATA,0.8986455118948085,2026-07-23T08:53:11.660255+00:00
DIVERGENCE_CONTINUATION@ATR,OVERLAP/RANGE/NORMAL/BTC_NEUTRAL,1,0,0,1,1.0,0.241995425134102,0.27788805081381374,,INSUFFICIENT_DATA,1.0,2026-07-20T13:42:28.137111+00:00
DIVERGENCE_CONTINUATION@ATR,NY/MARKUP/CASCADE/BTC_RISING,2,0,0,2,0.5,0.08886890554838497,0.40604939271762225,,INSUFFICIENT_DATA,1.0,2026-07-21T20:35:56.953668+00:00
DIVERGENCE_CONTINUATION@ATR,ASIA/DISTRIBUTION/NORMAL/BTC_RISING,3,0,0,3,0.0,-0.5003933875418244,-1.574852946195881,,INSUFFICIENT_DATA,0.0,2026-07-22T02:45:00.529767+00:00
DIVERGENCE_CONTINUATION@ATR,ASIA/MARKUP/NORMAL/BTC_RISING,4,0,0,4,0.5,0.16693577191032524,0.4359302082930524,,INSUFFICIENT_DATA,1.0,2026-07-22T03:16:07.577275+00:00
DIVERGENCE_CONTINUATION@ATR,ASIA/MARKUP/CASCADE/BTC_NEUTRAL,4,0,0,4,0.25,0.10410516292724695,-0.1258847420351046,,INSUFFICIENT_DATA,1.0,2026-07-22T07:16:45.366410+00:00
DIVERGENCE_CONTINUATION@ATR,LONDON/MARKUP/EXPANDED/BTC_RISING,2,0,0,2,1.0,0.2758975884116076,1.1169885054299145,,INSUFFICIENT_DATA,1.0,2026-07-21T09:42:27.611230+00:00
DIVERGENCE_CONTINUATION@ATR,LONDON/MARKUP/NORMAL/BTC_RISING,2,0,0,2,0.5,0.0916733040734139,0.034410364944709615,,INSUFFICIENT_DATA,1.0,2026-07-21T12:06:38.983077+00:00
DIVERGENCE_CONTINUATION@ATR,LONDON/QUIET/NORMAL/BTC_RISING,4,0,0,4,0.25,-0.13535854268294809,-0.18496695716993888,,INSUFFICIENT_DATA,1.0,2026-07-21T12:53:29.922474+00:00
DIVERGENCE_CONTINUATION@ATR,LONDON/QUIET/COMPRESSED/BTC_RISING,1,0,0,1,1.0,0.3613736716694323,0.5712245626561947,,INSUFFICIENT_DATA,1.0,2026-07-21T10:38:44.502526+00:00
DIVERGENCE_CONTINUATION@ATR,LONDON/MARKUP/CASCADE/BTC_RISING,2,0,0,2,1.0,0.14438591093424372,0.36188999996422455,,INSUFFICIENT_DATA,1.0,2026-07-21T12:06:38.982220+00:00
DIVERGENCE_CONTINUATION@ATR,OVERLAP/VOLATILE_EXPANSION/CASCADE/BTC_RISING,2,0,0,2,0.5,-0.0146631632770941,-0.05303685694055682,,INSUFFICIENT_DATA,1.0,2026-07-21T16:43:10.947407+00:00
DIVERGENCE_CONTINUATION@ATR,OVERLAP/MARKUP/NORMAL/BTC_RISING,1,0,0,1,0.0,-0.29534618792455275,-0.4992867332382157,,INSUFFICIENT_DATA,0.0,2026-07-21T15:20:58.930674+00:00
DIVERGENCE_CONTINUATION@ATR,OVERLAP/QUIET/NORMAL/BTC_RISING,1,0,0,1,0.0,-0.04337276724811452,-0.12352417339346954,,INSUFFICIENT_DATA,0.0,2026-07-21T16:58:42.589166+00:00
DIVERGENCE_CONTINUATION@ATR,NY/QUIET/NORMAL/BTC_RISING,2,0,0,2,1.0,0.3365761354840662,0.35062576396212297,,INSUFFICIENT_DATA,1.0,2026-07-21T17:09:07.856670+00:00
DIVERGENCE_CONTINUATION@ATR,NY/VOLATILE_EXPANSION/CASCADE/BTC_RISING,1,0,0,1,0.0,-0.5991948319445783,-1.1387900355872014,,INSUFFICIENT_DATA,0.0,2026-07-21T17:45:38.692466+00:00
DIVERGENCE_CONTINUATION@ATR,NY/MARKUP/NORMAL/BTC_RISING,2,0,0,2,0.0,-0.4254682533683162,-0.6171466010693202,,INSUFFICIENT_DATA,0.0,2026-07-21T22:18:55.465023+00:00
DIVERGENCE_CONTINUATION@ATR,NY/MARKUP/COMPRESSED/BTC_RISING,1,0,0,1,0.0,-0.1496368967178079,-0.4154764996104918,,INSUFFICIENT_DATA,0.0,2026-07-21T20:35:56.953777+00:00
DIVERGENCE_CONTINUATION@ATR,NY/DISTRIBUTION/NORMAL/BTC_RISING,1,0,0,1,0.0,-0.09943453151944186,-0.3260310015443697,,INSUFFICIENT_DATA,0.0,2026-07-21T20:35:56.953914+00:00
DIVERGENCE_CONTINUATION@ATR,OFF_HOURS/MARKUP/NORMAL/BTC_NEUTRAL,2,0,0,2,1.0,0.1903124739956969,0.8337391553979614,,INSUFFICIENT_DATA,0.9174680659961708,2026-07-23T00:34:14.592338+00:00
DIVERGENCE_CONTINUATION@ATR,OFF_HOURS/MARKDOWN/NORMAL/BTC_RISING,1,0,0,1,1.0,0.33516142611186683,1.1584609019445575,,INSUFFICIENT_DATA,1.0,2026-07-22T00:57:45.139034+00:00
DIVERGENCE_CONTINUATION@ATR,ASIA/MARKDOWN/EXPANDED/BTC_NEUTRAL,1,0,0,1,1.0,0.38836312849161997,1.3934985968194593,,INSUFFICIENT_DATA,0.9028181818181819,2026-07-23T07:55:46.801688+00:00
DIVERGENCE_CONTINUATION@ATR,OVERLAP/MARKDOWN/COMPRESSED/BTC_NEUTRAL,2,0,0,2,1.0,0.12622635169227042,0.464863456004094,,INSUFFICIENT_DATA,0.7560433970578969,2026-07-23T14:19:55.121577+00:00
DIVERGENCE_CONTINUATION@ATR,OVERLAP/QUIET/COMPRESSED/BTC_NEUTRAL,1,0,0,1,1.0,0.35969180633146935,1.2900187003272516,,INSUFFICIENT_DATA,0.8958346860593465,2026-07-23T13:16:53.332413+00:00
DIVERGENCE_CONTINUATION@ATR,OVERLAP/MARKDOWN/CASCADE/BTC_NEUTRAL,3,0,0,3,0.3333333333333333,-0.04427135680886261,-0.20024799487384537,,INSUFFICIENT_DATA,0.5108846153846116,2026-07-23T16:37:30.316547+00:00
DIVERGENCE_CONTINUATION@FIXED,ASIA/MARKUP/NORMAL/BTC_NEUTRAL,22,0,0,22,0.3181818181818182,-0.23424914387630197,-0.1558370618157641,-0.35852701046972607,NEGATIVE,0.978546939048334,2026-07-23T03:26:59.563261+00:00
DIVERGENCE_CONTINUATION@FIXED,LONDON/MARKUP/NORMAL/BTC_NEUTRAL,3,0,0,3,0.3333333333333333,-0.24893317953725105,-0.6280620275455457,,INSUFFICIENT_DATA,1.0,2026-07-22T12:49:20.346678+00:00
DIVERGENCE_CONTINUATION@FIXED,OVERLAP/QUIET/EXPANDED/BTC_NEUTRAL,1,0,0,1,0.0,-1.0,-0.8000000000000069,,INSUFFICIENT_DATA,0.0,2026-07-14T13:08:35.196703+00:00
DIVERGENCE_CONTINUATION@FIXED,OVERLAP/MARKUP/CASCADE/BTC_NEUTRAL,14,0,0,14,0.5,0.09801386508242459,0.24250421095046779,,INSUFFICIENT_DATA,0.9654916158688204,2026-07-23T16:05:44.046795+00:00
DIVERGENCE_CONTINUATION@FIXED,NY/MARKUP/CASCADE/BTC_NEUTRAL,4,0,0,4,0.75,0.4817476238161715,0.8496654009705502,,INSUFFICIENT_DATA,1.0,2026-07-22T18:31:46.480450+00:00
DIVERGENCE_CONTINUATION@FIXED,NY/QUIET/COMPRESSED/BTC_NEUTRAL,5,0,0,5,0.4,0.06298853048556206,0.10155915840424394,,INSUFFICIENT_DATA,1.0,2026-07-21T20:10:00.189613+00:00
DIVERGENCE_CONTINUATION@FIXED,ASIA/QUIET/NORMAL/BTC_NEUTRAL,5,0,0,5,0.6,0.006488807063672356,0.006085358556843073,,INSUFFICIENT_DATA,0.8195459098247072,2026-07-24T01:03:57.400186+00:00
DIVERGENCE_CONTINUATION@FIXED,ASIA/MARKDOWN/COMPRESSED/BTC_NEUTRAL,3,0,0,3,0.3333333333333333,-0.2104880268999952,-0.5548675034867477,,INSUFFICIENT_DATA,1.0,2026-07-22T06:40:44.870864+00:00
DIVERGENCE_CONTINUATION@FIXED,ASIA/MARKDOWN/NORMAL/BTC_NEUTRAL,4,0,0,4,0.75,-0.2717176125833196,-0.17989333330631535,,INSUFFICIENT_DATA,0.34903367696309423,2026-07-24T02:22:30.151803+00:00
DIVERGENCE_CONTINUATION@FIXED,ASIA/QUIET/COMPRESSED/BTC_NEUTRAL,10,0,0,10,0.5,0.04828827116320629,-0.17110405936580358,,INSUFFICIENT_DATA,1.0,2026-07-21T04:05:38.414710+00:00
DIVERGENCE_CONTINUATION@FIXED,ASIA/RANGE/NORMAL/BTC_NEUTRAL,6,0,0,6,0.5,-0.0247294077855979,0.2894014216474738,,INSUFFICIENT_DATA,1.0,2026-07-22T05:49:27.468452+00:00
DIVERGENCE_CONTINUATION@FIXED,ASIA/MARKDOWN/NORMAL/BTC_RISING,1,0,0,1,1.0,1.068731956473478,0.8549855651787772,,INSUFFICIENT_DATA,1.0,2026-07-15T07:14:56.543192+00:00
DIVERGENCE_CONTINUATION@FIXED,ASIA/RANGE/NORMAL/BTC_RISING,3,0,0,3,0.0,-0.9319552795750073,-1.424705717762669,,INSUFFICIENT_DATA,0.0,2026-07-21T05:01:51.418566+00:00
DIVERGENCE_CONTINUATION@FIXED,LONDON/MARKUP/EXPANDED/BTC_NEUTRAL,2,0,0,2,0.5,1.6114106447628325,1.5420670854861145,,INSUFFICIENT_DATA,0.9609117647058825,2026-07-23T09:19:07.788923+00:00
DIVERGENCE_CONTINUATION@FIXED,LONDON/MARKDOWN/EXPANDED/BTC_NEUTRAL,2,0,0,2,0.5,1.3094951760065217,0.8387341111846955,,INSUFFICIENT_DATA,1.0,2026-07-20T09:54:25.642040+00:00
DIVERGENCE_CONTINUATION@FIXED,LONDON/MARKUP/CASCADE/BTC_NEUTRAL,8,0,0,8,0.75,0.1312281261275501,0.19174218264151704,,INSUFFICIENT_DATA,0.9611042220215903,2026-07-23T09:19:07.789264+00:00
DIVERGENCE_CONTINUATION@FIXED,OVERLAP/VOLATILE_EXPANSION/CASCADE/BTC_NEUTRAL,12,0,0,12,0.6666666666666666,0.3213028182568347,0.12180205529163256,,INSUFFICIENT_DATA,0.9537791572629973,2026-07-23T13:53:46.413239+00:00
DIVERGENCE_CONTINUATION@FIXED,OVERLAP/MARKUP/CASCADE/BTC_RISING,11,0,0,11,0.6363636363636364,0.07672926713800943,0.08441081159754499,,INSUFFICIENT_DATA,1.0,2026-07-15T16:53:34.572733+00:00
DIVERGENCE_CONTINUATION@FIXED,NY/VOLATILE_EXPANSION/CASCADE/BTC_NEUTRAL,3,0,0,3,0.6666666666666666,0.007725363127437018,0.13446223483435357,,INSUFFICIENT_DATA,0.8891669324806332,2026-07-23T17:35:22.322216+00:00
DIVERGENCE_CONTINUATION@FIXED,NY/DISTRIBUTION/EXPANDED/BTC_NEUTRAL,1,0,0,1,0.0,-1.0,-0.7999999999999949,,INSUFFICIENT_DATA,0.0,2026-07-15T17:23:53.122774+00:00
DIVERGENCE_CONTINUATION@FIXED,NY/MARKDOWN/EXPANDED/BTC_NEUTRAL,4,0,0,4,0.75,-0.00907280515139508,-0.04688964199094067,,INSUFFICIENT_DATA,0.8626627733162107,2026-07-23T17:03:47.709963+00:00
DIVERGENCE_CONTINUATION@FIXED,NY/MARKUP/NORMAL/BTC_NEUTRAL,8,0,0,8,0.125,-0.6462816007552393,-0.6270157431697614,,INSUFFICIENT_DATA,1.0,2026-07-22T20:04:44.103990+00:00
DIVERGENCE_CONTINUATION@FIXED,NY/DISTRIBUTION/NORMAL/BTC_NEUTRAL,3,0,0,3,0.3333333333333333,-0.4859318824500963,-0.18434004474272858,,INSUFFICIENT_DATA,1.0,2026-07-16T18:59:50.591424+00:00
DIVERGENCE_CONTINUATION@FIXED,OFF_HOURS/QUIET/COMPRESSED/BTC_NEUTRAL,4,0,0,4,0.25,-0.5367763844484267,-0.41985755339424774,,INSUFFICIENT_DATA,1.0,2026-07-21T00:13:08.515048+00:00
DIVERGENCE_CONTINUATION@FIXED,ASIA/DISTRIBUTION/NORMAL/BTC_NEUTRAL,2,0,0,2,0.0,-0.6139340787986428,-0.4911472630389082,,INSUFFICIENT_DATA,0.0,2026-07-23T02:28:37.801526+00:00
DIVERGENCE_CONTINUATION@FIXED,LONDON/RANGE/NORMAL/BTC_NEUTRAL,1,0,0,1,1.0,0.14820844491719457,0.34983853606028614,,INSUFFICIENT_DATA,1.0,2026-07-16T11:44:47.163903+00:00
DIVERGENCE_CONTINUATION@FIXED,LONDON/ACCUMULATION/NORMAL/BTC_NEUTRAL,1,0,0,1,0.0,-1.0,-0.7999999999999962,,INSUFFICIENT_DATA,0.0,2026-07-16T12:36:18.481678+00:00
DIVERGENCE_CONTINUATION@FIXED,OVERLAP/MARKUP/EXPANDED/BTC_NEUTRAL,3,0,0,3,0.3333333333333333,-0.3334514296781146,-0.7661115404794424,,INSUFFICIENT_DATA,0.7981044776119415,2026-07-22T15:35:48.408759+00:00
DIVERGENCE_CONTINUATION@FIXED,OVERLAP/MARKUP/NORMAL/BTC_NEUTRAL,2,0,0,2,1.0,0.3565675819629475,0.7447685560648947,,INSUFFICIENT_DATA,1.0,2026-07-17T16:08:25.439097+00:00
DIVERGENCE_CONTINUATION@FIXED,OVERLAP/ACCUMULATION/EXPANDED/BTC_NEUTRAL,1,0,0,1,1.0,1.5214665092948034,1.2171732074358261,,INSUFFICIENT_DATA,1.0,2026-07-16T16:42:42.710955+00:00
DIVERGENCE_CONTINUATION@FIXED,NY/QUIET/EXPANDED/BTC_NEUTRAL,2,0,0,2,1.0,0.4269696615760592,0.34162289180749794,,INSUFFICIENT_DATA,1.0,2026-07-21T19:18:34.909388+00:00
DIVERGENCE_CONTINUATION@FIXED,NY/ACCUMULATION/EXPANDED/BTC_NEUTRAL,1,0,0,1,1.0,0.28314574927443753,0.40696359936694465,,INSUFFICIENT_DATA,1.0,2026-07-16T19:20:16.197961+00:00
DIVERGENCE_CONTINUATION@FIXED,NY/MARKUP/EXPANDED/BTC_NEUTRAL,4,0,0,4,0.25,-0.5727742984909932,-0.2290311069642536,,INSUFFICIENT_DATA,1.0,2026-07-22T20:04:44.103691+00:00
DIVERGENCE_CONTINUATION@FIXED,OFF_HOURS/MARKUP/COMPRESSED/BTC_NEUTRAL,4,0,0,4,0.5,-0.38358607717846605,-0.3963166344466902,,INSUFFICIENT_DATA,1.0,2026-07-21T23:41:04.736418+00:00
DIVERGENCE_CONTINUATION@FIXED,OFF_HOURS/MARKDOWN/NORMAL/BTC_NEUTRAL,2,0,0,2,1.0,0.4869386709633589,0.4855852782258324,,INSUFFICIENT_DATA,1.0,2026-07-19T23:22:46.121836+00:00
DIVERGENCE_CONTINUATION@FIXED,ASIA/MARKDOWN/NORMAL/BTC_FALLING,5,0,0,5,0.0,-0.8169606271337546,-0.6833649025105333,,INSUFFICIENT_DATA,0.0,2026-07-17T05:21:55.414255+00:00
DIVERGENCE_CONTINUATION@FIXED,ASIA/MARKUP/CASCADE/BTC_FALLING,1,0,0,1,0.0,-0.7013469252970742,-1.720677501468568,,INSUFFICIENT_DATA,0.0,2026-07-17T02:14:00.752575+00:00
DIVERGENCE_CONTINUATION@FIXED,ASIA/MARKUP/NORMAL/BTC_FALLING,2,0,0,2,0.0,-0.3204742868036234,-0.6374702158498307,,INSUFFICIENT_DATA,0.0,2026-07-17T05:11:45.544204+00:00
DIVERGENCE_CONTINUATION@FIXED,ASIA/MARKDOWN/COMPRESSED/BTC_FALLING,1,0,0,1,1.0,0.662843753853737,0.530275003082994,,INSUFFICIENT_DATA,1.0,2026-07-17T05:37:13.148940+00:00
DIVERGENCE_CONTINUATION@FIXED,ASIA/QUIET/NORMAL/BTC_FALLING,1,0,0,1,1.0,0.565633701139924,0.5217813372163483,,INSUFFICIENT_DATA,1.0,2026-07-17T06:34:38.737186+00:00
DIVERGENCE_CONTINUATION@FIXED,ASIA/VOLATILE_EXPANSION/CASCADE/BTC_FALLING,3,0,0,3,1.0,0.17650944373759433,0.14120755499007462,,INSUFFICIENT_DATA,1.0,2026-07-17T08:00:50.509528+00:00
DIVERGENCE_CONTINUATION@FIXED,LONDON/MARKDOWN/COMPRESSED/BTC_FALLING,1,0,0,1,1.0,1.3090128755365107,1.0472103004291955,,INSUFFICIENT_DATA,1.0,2026-07-17T08:21:25.052153+00:00
DIVERGENCE_CONTINUATION@FIXED,LONDON/MARKUP/NORMAL/BTC_FALLING,1,0,0,1,0.0,-0.06521259824588652,-0.15492819201259578,,INSUFFICIENT_DATA,0.0,2026-07-17T08:21:25.052345+00:00
DIVERGENCE_CONTINUATION@FIXED,LONDON/VOLATILE_EXPANSION/CASCADE/BTC_FALLING,1,0,0,1,1.0,0.03873626799299248,0.032679738562087904,,INSUFFICIENT_DATA,1.0,2026-07-17T08:26:30.850866+00:00
DIVERGENCE_CONTINUATION@FIXED,LONDON/MARKUP/EXPANDED/BTC_FALLING,2,0,0,2,1.0,0.4247365266688041,0.7294091486644265,,INSUFFICIENT_DATA,1.0,2026-07-17T11:05:20.978058+00:00
DIVERGENCE_CONTINUATION@FIXED,LONDON/QUIET/COMPRESSED/BTC_FALLING,1,0,0,1,0.0,-1.0,-0.8000000000000065,,INSUFFICIENT_DATA,0.0,2026-07-17T09:48:32.564040+00:00
DIVERGENCE_CONTINUATION@FIXED,LONDON/MARKDOWN/NORMAL/BTC_FALLING,1,0,0,1,0.0,-0.08148631029986024,-0.06518904823988853,,INSUFFICIENT_DATA,0.0,2026-07-17T09:58:41.931109+00:00
DIVERGENCE_CONTINUATION@FIXED,OVERLAP/QUIET/NORMAL/BTC_FALLING,1,0,0,1,1.0,0.3810770883695958,0.30486167069567305,,INSUFFICIENT_DATA,1.0,2026-07-17T13:41:10.782247+00:00
DIVERGENCE_CONTINUATION@FIXED,OVERLAP/DISTRIBUTION/NORMAL/BTC_FALLING,1,0,0,1,0.0,-1.0,-1.4464652390730515,,INSUFFICIENT_DATA,0.0,2026-07-17T14:20:57.901778+00:00
DIVERGENCE_CONTINUATION@FIXED,OVERLAP/MARKDOWN/CASCADE/BTC_FALLING,2,0,0,2,1.0,0.30436416219943746,0.263673419351933,,INSUFFICIENT_DATA,1.0,2026-07-17T15:01:57.060514+00:00
DIVERGENCE_CONTINUATION@FIXED,ASIA/MARKUP/EXPANDED/BTC_NEUTRAL,2,0,0,2,1.0,1.4698874658401875,3.0081452898043266,,INSUFFICIENT_DATA,0.9756741921154289,2026-07-23T03:42:30.373102+00:00
DIVERGENCE_CONTINUATION@FIXED,LONDON/DISTRIBUTION/EXPANDED/BTC_NEUTRAL,2,0,0,2,1.0,1.7900580436610576,1.7694540528973424,,INSUFFICIENT_DATA,1.0,2026-07-20T10:09:38.516963+00:00
DIVERGENCE_CONTINUATION@FIXED,LONDON/QUIET/COMPRESSED/BTC_NEUTRAL,1,0,0,1,0.0,-1.0,-0.7999999999999927,,INSUFFICIENT_DATA,0.0,2026-07-18T10:04:06.931479+00:00
DIVERGENCE_CONTINUATION@FIXED,LONDON/MARKDOWN/NORMAL/BTC_NEUTRAL,6,0,0,6,0.6666666666666666,0.28522947090030637,-0.008883387266866235,,INSUFFICIENT_DATA,0.9561420304689524,2026-07-23T09:50:29.834150+00:00
DIVERGENCE_CONTINUATION@FIXED,LONDON/ACCUMULATION/EXPANDED/BTC_NEUTRAL,1,0,0,1,1.0,1.2405087449050407,1.0841076959733071,,INSUFFICIENT_DATA,1.0,2026-07-18T10:44:42.965142+00:00
DIVERGENCE_CONTINUATION@FIXED,LONDON/DISTRIBUTION/NORMAL/BTC_NEUTRAL,1,0,0,1,0.0,-1.0,-1.050022036139279,,INSUFFICIENT_DATA,0.0,2026-07-18T11:06:25.688179+00:00
DIVERGENCE_CONTINUATION@FIXED,OVERLAP/MARKDOWN/NORMAL/BTC_NEUTRAL,3,0,0,3,0.3333333333333333,-0.3217367102699707,-0.3305027283527697,,INSUFFICIENT_DATA,1.0,2026-07-19T13:49:26.372544+00:00
DIVERGENCE_CONTINUATION@FIXED,NY/MARKDOWN/EXPANDED/BTC_RISING,1,0,0,1,0.0,-1.0,-0.800000000000014,,INSUFFICIENT_DATA,0.0,2026-07-18T18:14:32.874674+00:00
DIVERGENCE_CONTINUATION@FIXED,NY/MARKDOWN/COMPRESSED/BTC_RISING,1,0,0,1,1.0,0.5292233350904942,1.5876700052714834,,INSUFFICIENT_DATA,1.0,2026-07-18T21:32:24.550175+00:00
DIVERGENCE_CONTINUATION@FIXED,OFF_HOURS/DISTRIBUTION/NORMAL/BTC_RISING,1,0,0,1,1.0,0.27422303473491516,0.3625377643504489,,INSUFFICIENT_DATA,1.0,2026-07-18T23:05:28.500923+00:00
DIVERGENCE_CONTINUATION@FIXED,ASIA/QUIET/COMPRESSED/BTC_RISING,2,0,0,2,1.0,0.16076625925658983,0.1684287382571677,,INSUFFICIENT_DATA,1.0,2026-07-22T01:07:57.799275+00:00
DIVERGENCE_CONTINUATION@FIXED,ASIA/ACCUMULATION/NORMAL/BTC_NEUTRAL,3,0,0,3,0.0,-0.5828647419356864,-0.9682954606804625,,INSUFFICIENT_DATA,0.0,2026-07-20T01:20:04.891000+00:00
DIVERGENCE_CONTINUATION@FIXED,OVERLAP/DISTRIBUTION/NORMAL/BTC_NEUTRAL,1,0,0,1,1.0,0.5128692183493228,1.1718750000000049,,INSUFFICIENT_DATA,1.0,2026-07-19T16:40:51.685698+00:00
DIVERGENCE_CONTINUATION@FIXED,NY/RANGE/NORMAL/BTC_NEUTRAL,1,0,0,1,0.0,-1.0,-0.7999999999999958,,INSUFFICIENT_DATA,0.0,2026-07-19T18:12:34.119032+00:00
DIVERGENCE_CONTINUATION@FIXED,NY/MARKDOWN/NORMAL/BTC_NEUTRAL,1,0,0,1,1.0,0.6254299831133878,0.7494955318535576,,INSUFFICIENT_DATA,1.0,2026-07-19T18:17:38.418321+00:00
DIVERGENCE_CONTINUATION@FIXED,NY/MARKDOWN/CASCADE/BTC_NEUTRAL,1,0,0,1,0.0,-1.0,-0.7999999999999995,,INSUFFICIENT_DATA,0.0,2026-07-19T18:27:47.215465+00:00
DIVERGENCE_CONTINUATION@FIXED,NY/QUIET/NORMAL/BTC_NEUTRAL,4,0,0,4,0.25,-0.5967118252252875,-0.49947283907238416,,INSUFFICIENT_DATA,1.0,2026-07-23T20:58:55.293307+00:00
DIVERGENCE_CONTINUATION@FIXED,NY/MARKDOWN/COMPRESSED/BTC_NEUTRAL,2,0,0,2,0.0,-0.24950140694111933,-0.4167092075997522,,INSUFFICIENT_DATA,0.0,2026-07-22T20:04:44.094492+00:00
DIVERGENCE_CONTINUATION@FIXED,OFF_HOURS/VOLATILE_EXPANSION/CASCADE/BTC_NEUTRAL,2,0,0,2,1.0,1.2937953196831167,1.035036255746491,,INSUFFICIENT_DATA,1.0,2026-07-19T23:22:46.121348+00:00
DIVERGENCE_CONTINUATION@FIXED,ASIA/VOLATILE_EXPANSION/CASCADE/BTC_NEUTRAL,7,0,0,7,0.2857142857142857,0.16020258114340116,0.11212196364695488,,INSUFFICIENT_DATA,1.0,2026-07-23T03:47:39.584431+00:00
DIVERGENCE_CONTINUATION@FIXED,LONDON/MARKDOWN/CASCADE/BTC_NEUTRAL,2,0,0,2,0.5,-0.2822218350610354,-0.31788682549077113,,INSUFFICIENT_DATA,1.0,2026-07-20T11:23:55.660552+00:00
DIVERGENCE_CONTINUATION@FIXED,LONDON/QUIET/NORMAL/BTC_NEUTRAL,3,0,0,3,0.6666666666666666,0.051763057633433474,0.17665139881561454,,INSUFFICIENT_DATA,0.8986455118948085,2026-07-23T08:53:11.660145+00:00
DIVERGENCE_CONTINUATION@FIXED,OVERLAP/RANGE/NORMAL/BTC_NEUTRAL,1,0,0,1,1.0,0.23472525409008477,0.27788805081381374,,INSUFFICIENT_DATA,1.0,2026-07-20T13:42:28.136969+00:00
DIVERGENCE_CONTINUATION@FIXED,NY/MARKUP/CASCADE/BTC_RISING,2,0,0,2,0.5,0.5281401897452842,0.40604939271762225,,INSUFFICIENT_DATA,1.0,2026-07-21T20:35:56.953545+00:00
DIVERGENCE_CONTINUATION@FIXED,ASIA/DISTRIBUTION/NORMAL/BTC_RISING,3,0,0,3,0.0,-0.7632183242172467,-0.6365915071095162,,INSUFFICIENT_DATA,0.0,2026-07-22T02:45:00.529652+00:00
DIVERGENCE_CONTINUATION@FIXED,ASIA/MARKUP/NORMAL/BTC_RISING,4,0,0,4,0.5,0.1889500207426698,0.4359302082930524,,INSUFFICIENT_DATA,1.0,2026-07-22T03:16:07.577155+00:00
DIVERGENCE_CONTINUATION@FIXED,ASIA/MARKUP/CASCADE/BTC_NEUTRAL,4,0,0,4,0.25,-0.1492044517739594,-0.1258847420351046,,INSUFFICIENT_DATA,1.0,2026-07-22T07:16:45.366206+00:00
DIVERGENCE_CONTINUATION@FIXED,LONDON/MARKUP/EXPANDED/BTC_RISING,2,0,0,2,1.0,1.396235631787378,1.1169885054299145,,INSUFFICIENT_DATA,1.0,2026-07-21T09:42:27.611134+00:00
DIVERGENCE_CONTINUATION@FIXED,LONDON/MARKUP/NORMAL/BTC_RISING,2,0,0,2,0.5,0.16449297453008124,0.034410364944709615,,INSUFFICIENT_DATA,1.0,2026-07-21T12:06:38.983027+00:00
DIVERGENCE_CONTINUATION@FIXED,LONDON/QUIET/NORMAL/BTC_RISING,4,0,0,4,0.25,-0.2241843758029866,-0.18496695716993888,,INSUFFICIENT_DATA,1.0,2026-07-21T12:53:29.922415+00:00
DIVERGENCE_CONTINUATION@FIXED,LONDON/QUIET/COMPRESSED/BTC_RISING,1,0,0,1,1.0,0.7140307033202411,0.5712245626561947,,INSUFFICIENT_DATA,1.0,2026-07-21T10:38:44.502405+00:00
DIVERGENCE_CONTINUATION@FIXED,LONDON/MARKUP/CASCADE/BTC_RISING,2,0,0,2,1.0,0.437144726825739,0.36188999996422455,,INSUFFICIENT_DATA,1.0,2026-07-21T12:06:38.982049+00:00
DIVERGENCE_CONTINUATION@FIXED,OVERLAP/VOLATILE_EXPANSION/CASCADE/BTC_RISING,2,0,0,2,0.5,-0.4355038439709073,-0.34840307517672686,,INSUFFICIENT_DATA,1.0,2026-07-21T16:43:10.947185+00:00
DIVERGENCE_CONTINUATION@FIXED,OVERLAP/MARKUP/NORMAL/BTC_RISING,1,0,0,1,0.0,-1.0,-1.106554921540646,,INSUFFICIENT_DATA,0.0,2026-07-21T15:20:58.930596+00:00
DIVERGENCE_CONTINUATION@FIXED,OVERLAP/QUIET/NORMAL/BTC_RISING,1,0,0,1,0.0,-0.15440521674183766,-0.12352417339346954,,INSUFFICIENT_DATA,0.0,2026-07-21T16:58:42.589086+00:00
DIVERGENCE_CONTINUATION@FIXED,NY/QUIET/NORMAL/BTC_RISING,2,0,0,2,0.5,-0.18093718610383447,-0.10076169749728164,,INSUFFICIENT_DATA,1.0,2026-07-21T17:09:07.856625+00:00
DIVERGENCE_CONTINUATION@FIXED,NY/VOLATILE_EXPANSION/CASCADE/BTC_RISING,1,0,0,1,0.0,-0.7721970453810589,-1.1387900355872014,,INSUFFICIENT_DATA,0.0,2026-07-21T17:45:38.692415+00:00
DIVERGENCE_CONTINUATION@FIXED,NY/MARKUP/NORMAL/BTC_RISING,2,0,0,2,0.0,-0.7649073989696163,-0.6712473915831543,,INSUFFICIENT_DATA,0.0,2026-07-21T22:18:55.464935+00:00
DIVERGENCE_CONTINUATION@FIXED,NY/MARKUP/COMPRESSED/BTC_RISING,1,0,0,1,0.0,-0.5193456245131111,-0.4154764996104918,,INSUFFICIENT_DATA,0.0,2026-07-21T20:35:56.953724+00:00
DIVERGENCE_CONTINUATION@FIXED,NY/DISTRIBUTION/NORMAL/BTC_RISING,1,0,0,1,0.0,-0.3143406679673106,-0.3260310015443697,,INSUFFICIENT_DATA,0.0,2026-07-21T20:35:56.953835+00:00
DIVERGENCE_CONTINUATION@FIXED,OFF_HOURS/MARKUP/NORMAL/BTC_NEUTRAL,2,0,0,2,1.0,0.7046470485345007,0.8337391553979614,,INSUFFICIENT_DATA,0.9174680659961708,2026-07-23T00:34:14.592269+00:00
DIVERGENCE_CONTINUATION@FIXED,OFF_HOURS/MARKDOWN/NORMAL/BTC_RISING,1,0,0,1,1.0,1.3098393887416007,1.1584609019445575,,INSUFFICIENT_DATA,1.0,2026-07-22T00:57:45.138627+00:00
DIVERGENCE_CONTINUATION@FIXED,ASIA/MARKDOWN/EXPANDED/BTC_NEUTRAL,1,0,0,1,1.0,0.46449953227315294,1.3934985968194593,,INSUFFICIENT_DATA,0.9028181818181819,2026-07-23T07:55:46.801597+00:00
DIVERGENCE_CONTINUATION@FIXED,OVERLAP/MARKDOWN/COMPRESSED/BTC_NEUTRAL,2,0,0,2,1.0,0.11137176646782274,0.464863456004094,,INSUFFICIENT_DATA,0.7560433970578969,2026-07-23T14:19:55.121522+00:00
DIVERGENCE_CONTINUATION@FIXED,OVERLAP/QUIET/COMPRESSED/BTC_NEUTRAL,1,0,0,1,1.0,0.43000623344241584,1.2900187003272516,,INSUFFICIENT_DATA,0.8958346860593465,2026-07-23T13:16:53.332313+00:00
DIVERGENCE_CONTINUATION@FIXED,OVERLAP/MARKDOWN/CASCADE/BTC_NEUTRAL,3,0,0,3,0.3333333333333333,-0.46990003099795735,-0.35889759850615094,,INSUFFICIENT_DATA,0.5108846153846116,2026-07-23T16:37:30.316492+00:00
FAILED_AUCTION_RECLAIM,LONDON/MARKDOWN/EXPANDED/BTC_NEUTRAL,45,0,45,0,1.0,1.845321152804456,2.815472956167067,1.7001787794871692,STRONG,1.0,2026-07-15T10:39:00.103622+00:00
FAILED_AUCTION_RECLAIM,OVERLAP/RANGE/EXPANDED/BTC_NEUTRAL/MIDCAP,50,0,50,0,1.0,1.8082145071607167,1.4465716057285887,1.6791983402803008,STRONG,1.0,2026-07-20T15:55:41.062842+00:00
FAILED_AUCTION_RECLAIM,OVERLAP/MARKDOWN/COMPRESSED/BTC_NEUTRAL/ALTCOIN,19,0,19,0,1.0,1.9999858362336904,3.6101174228518738,1.6636194876208374,STRONG,1.0,2026-07-20T14:02:54.633689+00:00
FAILED_AUCTION_RECLAIM,LONDON/MARKDOWN/EXPANDED/BTC_RISING,17,0,17,0,1.0,1.5635485795242188,1.2508388636194059,1.2753495821775545,STRONG,1.0,2026-07-21T12:06:37.345915+00:00
FAILED_AUCTION_RECLAIM,LONDON/MARKDOWN/EXPANDED/BTC_RISING/MAJOR,17,0,17,0,1.0,1.5635485795242188,1.2508388636194059,1.2753495821775545,STRONG,1.0,2026-07-21T12:06:37.345934+00:00
FAILED_AUCTION_RECLAIM,NY/VOLATILE_EXPANSION/CASCADE/BTC_NEUTRAL/MAJOR,50,0,50,0,1.0,1.309837085449238,1.2897493511550122,1.2163801646396448,STRONG,0.9247176563207953,2026-07-22T17:45:14.723391+00:00
FAILED_AUCTION_RECLAIM,NY/MARKDOWN/COMPRESSED/BTC_NEUTRAL/MIDCAP,31,0,31,0,1.0,1.345293839462337,2.6997752342309336,1.196963085028599,STRONG,1.0,2026-07-21T19:33:56.663732+00:00
FAILED_AUCTION_RECLAIM,OVERLAP/VOLATILE_EXPANSION/CASCADE/BTC_RISING/ALTCOIN,19,0,19,0,1.0,1.4347489921025025,1.4956268765585554,1.193446643402719,STRONG,1.0,2026-07-21T13:56:16.457465+00:00
FAILED_AUCTION_RECLAIM,LONDON/ACCUMULATION/NORMAL/BTC_NEUTRAL,50,0,50,0,1.0,1.2185820445994253,1.2882678773666825,1.1316361740730452,STRONG,0.8957078842123392,2026-07-23T12:50:00.756615+00:00
FAILED_AUCTION_RECLAIM,LONDON/ACCUMULATION/NORMAL/BTC_NEUTRAL/ALTCOIN,50,0,50,0,1.0,1.2185820445994253,1.2882678773666825,1.1316361740730452,STRONG,0.8957078842123392,2026-07-23T12:50:00.756627+00:00
FAILED_AUCTION_RECLAIM,ASIA/ACCUMULATION/NORMAL/BTC_RISING/MIDCAP,29,0,29,0,1.0,1.144170609261314,3.432511827783949,1.0103328604141733,STRONG,1.0,2026-07-22T02:09:13.514472+00:00
FAILED_AUCTION_RECLAIM,ASIA/VOLATILE_EXPANSION/CASCADE/BTC_NEUTRAL/ALTCOIN,50,0,50,0,1.0,1.0442002142971287,1.3546449938335265,0.9696964933221977,STRONG,1.0,2026-07-22T07:32:02.216007+00:00
FAILED_AUCTION_RECLAIM,ASIA/ACCUMULATION/NORMAL/BTC_FALLING,50,0,50,0,1.0,1.033675578971694,1.9757165946801618,0.9599227910869049,STRONG,1.0,2026-07-17T06:09:04.843835+00:00
FAILED_AUCTION_RECLAIM,NY/MARKDOWN/CASCADE/BTC_NEUTRAL,40,0,40,0,1.0,1.0148251900649687,0.8118601520519743,0.9259016003658341,STRONG,0.844052173613806,2026-07-23T20:01:24.744068+00:00
FAILED_AUCTION_RECLAIM,NY/MARKDOWN/CASCADE/BTC_NEUTRAL/ALTCOIN,40,0,40,0,1.0,1.0148251900649687,0.8118601520519743,0.9259016003658341,STRONG,0.844052173613806,2026-07-23T20:01:24.744076+00:00
FAILED_AUCTION_RECLAIM,OVERLAP/RANGE/NORMAL/BTC_NEUTRAL/MIDCAP,50,0,50,0,0.72,1.0893396842824727,0.8044117347075662,0.8605460883249004,STRONG,0.9788192636304833,2026-07-23T15:28:22.863829+00:00
FAILED_AUCTION_RECLAIM,OFF_HOURS/QUIET/COMPRESSED/BTC_NEUTRAL/MAJOR,50,0,50,0,1.0,0.8793164904333557,0.7034531923466808,0.8165772287908938,STRONG,1.0,2026-07-22T00:27:05.154360+00:00
FAILED_AUCTION_RECLAIM,LONDON/QUIET/COMPRESSED/BTC_NEUTRAL/ALTCOIN,50,0,50,0,1.0,0.8641306096926749,0.7191343110115505,0.8024748611600276,STRONG,0.8274144765664349,2026-07-23T12:55:31.445200+00:00
FAILED_AUCTION_RECLAIM,ASIA/ACCUMULATION/NORMAL/BTC_RISING,33,0,33,0,0.8787878787878788,0.9751442369268664,2.951741905755102,0.8011773163016449,STRONG,1.0,2026-07-22T02:09:13.514463+00:00
FAILED_AUCTION_RECLAIM,OVERLAP/ACCUMULATION/EXPANDED/BTC_FALLING,39,0,39,0,1.0,0.8482958959252841,0.6858354348861341,0.7722293271279802,STRONG,1.0,2026-07-17T14:51:42.712391+00:00
FAILED_AUCTION_RECLAIM,LONDON/QUIET/EXPANDED/BTC_NEUTRAL/MIDCAP,48,0,48,0,0.8541666666666666,0.9049040970710633,0.9386303282549177,0.7664316041817045,STRONG,1.0,2026-07-22T08:48:48.317725+00:00
FAILED_AUCTION_RECLAIM,OVERLAP/MARKDOWN/COMPRESSED/BTC_NEUTRAL,50,0,50,0,0.8,0.8468219205050649,1.488181376883139,0.708817764456823,STRONG,0.9725522734529994,2026-07-23T14:25:02.636775+00:00
FAILED_AUCTION_RECLAIM,OFF_HOURS/QUIET/COMPRESSED/BTC_RISING/MIDCAP,50,0,50,0,1.0,0.7575849709452087,0.6060679767561724,0.7035312573783178,STRONG,1.0,2026-07-22T00:57:42.415651+00:00
FAILED_AUCTION_RECLAIM,ASIA/VOLATILE_EXPANSION/CASCADE/BTC_NEUTRAL,50,0,50,0,0.86,0.8147033254843207,1.1568094130646411,0.6899649834843387,STRONG,1.0,2026-07-22T07:32:02.215998+00:00
FAILED_AUCTION_RECLAIM,OVERLAP/VOLATILE_EXPANSION/CASCADE/BTC_NEUTRAL/MIDCAP,30,0,30,0,0.9333333333333333,0.7947482932343864,0.6961753495855793,0.6636152632879743,STRONG,0.8449625401839984,2026-07-23T14:56:57.587201+00:00
FAILED_AUCTION_RECLAIM,NY/MARKDOWN/COMPRESSED/BTC_FALLING,37,0,37,0,0.7567567567567568,0.8699537067483613,1.7616871613398255,0.6623915814094975,STRONG,1.0,2026-07-13T22:21:31.133751+00:00
FAILED_AUCTION_RECLAIM,LONDON/MARKUP/NORMAL/BTC_FALLING,19,0,19,0,1.0,0.7364989216632939,1.7064633079134819,0.6126313179288047,STRONG,1.0,2026-07-17T09:27:51.529241+00:00
FAILED_AUCTION_RECLAIM,ASIA/MARKUP/NORMAL/BTC_NEUTRAL,50,0,50,0,1.0,0.6315988831025482,1.070837297866486,0.5865342812087199,STRONG,0.877133504798603,2026-07-23T04:23:57.130814+00:00
FAILED_AUCTION_RECLAIM,ASIA/MARKUP/NORMAL/BTC_NEUTRAL/ALTCOIN,50,0,50,0,1.0,0.6315988831025482,1.070837297866486,0.5865342812087199,STRONG,0.877133504798603,2026-07-23T04:23:57.130823+00:00
FAILED_AUCTION_RECLAIM,OVERLAP/RANGE/EXPANDED/BTC_NEUTRAL,50,0,50,0,1.0,0.6305873213683811,0.8846706987495767,0.585594894438855,STRONG,0.855026338156403,2026-07-22T14:38:22.083612+00:00
FAILED_AUCTION_RECLAIM,OVERLAP/RANGE/EXPANDED/BTC_NEUTRAL/ALTCOIN,50,0,50,0,1.0,0.6305873213683811,0.8846706987495767,0.585594894438855,STRONG,0.855026338156403,2026-07-22T14:38:22.083635+00:00
FAILED_AUCTION_RECLAIM,LONDON/QUIET/NORMAL/BTC_RISING/MIDCAP,50,0,50,0,1.0,0.624266188896314,0.5610566705886315,0.5797247749846903,STRONG,1.0,2026-07-21T11:14:40.952524+00:00
FAILED_AUCTION_RECLAIM,ASIA/MARKUP/NORMAL/BTC_FALLING,50,0,50,0,1.0,0.6079290033531366,0.5433042916009923,0.5645532481883307,STRONG,1.0,2026-07-17T06:09:04.846356+00:00
FAILED_AUCTION_RECLAIM,NY/QUIET/NORMAL/BTC_FALLING,50,0,50,0,1.0,0.557199556797766,0.4965690038402759,0.5174433493783301,STRONG,1.0,2026-07-13T21:36:09.228545+00:00
FAILED_AUCTION_RECLAIM,ASIA/QUIET/COMPRESSED/BTC_FALLING,16,1,15,0,0.9375,0.6740319919657091,1.0375861662353476,0.514231028479208,STRONG,0.859337340923268,2026-07-17T05:11:44.457187+00:00
FAILED_AUCTION_RECLAIM,LONDON/QUIET/NORMAL/BTC_RISING,50,0,50,0,0.9,0.58316001694644,0.5281717330287323,0.5066922903860007,STRONG,1.0,2026-07-21T12:37:52.499488+00:00
FAILED_AUCTION_RECLAIM,ASIA/ACCUMULATION/NORMAL/BTC_NEUTRAL/MIDCAP,44,0,44,0,0.9318181818181818,0.4989279879558779,0.8465641710725925,0.4349392390257589,STRONG,1.0,2026-07-20T07:31:07.163247+00:00
FAILED_AUCTION_RECLAIM,OFF_HOURS/QUIET/COMPRESSED/BTC_RISING,50,0,50,0,0.8,0.5273594530260256,0.31799446396832726,0.4309242248766048,STRONG,1.0,2026-07-22T01:02:48.067213+00:00
FAILED_AUCTION_RECLAIM,OVERLAP/QUIET/EXPANDED/BTC_NEUTRAL/MIDCAP,50,0,50,0,0.64,0.5619020808343838,0.4587586658395083,0.4258834963207265,STRONG,0.8903830553933443,2026-07-23T16:31:57.543580+00:00
FAILED_AUCTION_RECLAIM,OVERLAP/MARKDOWN/EXPANDED/BTC_NEUTRAL,16,0,16,0,0.9375,0.5474907262762504,0.7937361750233322,0.41565315410382536,STRONG,0.8533811906165862,2026-07-22T14:17:32.336356+00:00
FAILED_AUCTION_RECLAIM,OVERLAP/MARKDOWN/EXPANDED/BTC_NEUTRAL/ALTCOIN,16,0,16,0,0.9375,0.5474907262762504,0.7937361750233322,0.41565315410382536,STRONG,0.8533811906165862,2026-07-22T14:17:32.336364+00:00
FAILED_AUCTION_RECLAIM,NY/QUIET/COMPRESSED/BTC_RISING,50,0,50,0,1.0,0.4462937237235416,1.2608578185605461,0.4144506512840829,STRONG,1.0,2026-07-21T19:03:03.866833+00:00
FAILED_AUCTION_RECLAIM,LONDON/MARKDOWN/CASCADE/BTC_NEUTRAL,50,0,50,0,1.0,0.4440423498935901,0.8864704045742693,0.4123599130538376,STRONG,0.8552780674315421,2026-07-22T11:20:39.094160+00:00
FAILED_AUCTION_RECLAIM,LONDON/MARKDOWN/CASCADE/BTC_NEUTRAL/ALTCOIN,50,0,50,0,1.0,0.4440423498935901,0.8864704045742693,0.4123599130538376,STRONG,0.8552780674315421,2026-07-22T11:20:39.094174+00:00
FAILED_AUCTION_RECLAIM,OVERLAP/MARKDOWN/NORMAL/BTC_NEUTRAL/ALTCOIN,45,0,45,0,0.7111111111111111,0.5201844012057204,0.6886765322246075,0.41066332265686967,STRONG,0.8941754402670056,2026-07-22T14:01:59.497782+00:00
FAILED_AUCTION_RECLAIM,NY/QUIET/COMPRESSED/BTC_NEUTRAL/MAJOR,24,0,24,0,1.0,0.4567175585628862,1.2578337471916656,0.39369940684117544,STRONG,1.0,2026-07-21T21:53:07.251466+00:00
FAILED_AUCTION_RECLAIM,ASIA/DISTRIBUTION/EXPANDED/BTC_NEUTRAL,50,1,49,0,0.86,0.43221798866721356,0.8824326957388078,0.3696703187718643,STRONG,0.9464385391344017,2026-07-22T04:32:51.801176+00:00
FAILED_AUCTION_RECLAIM,ASIA/DISTRIBUTION/EXPANDED/BTC_NEUTRAL/ALTCOIN,50,1,49,0,0.86,0.43221798866721356,0.8824326957388078,0.3696703187718643,STRONG,0.9464385391344017,2026-07-22T04:32:51.801188+00:00
FAILED_AUCTION_RECLAIM,OVERLAP/MARKDOWN/NORMAL/BTC_NEUTRAL,50,0,50,0,0.64,0.4557226877723095,0.5824790590636304,0.3508962942056963,STRONG,0.8941754402670056,2026-07-22T14:01:59.497743+00:00
FAILED_AUCTION_RECLAIM,ASIA/MARKDOWN/COMPRESSED/BTC_RISING,50,0,50,0,0.68,0.4791080478410755,1.1085086131575215,0.3168120573592048,STRONG,1.0,2026-07-22T01:23:18.184665+00:00
FAILED_AUCTION_RECLAIM,ASIA/QUIET/COMPRESSED/BTC_NEUTRAL/MAJOR,39,1,38,0,0.9743589743589743,0.34937215563487695,0.30188824246432394,0.31130252700103844,STRONG,0.612692312225405,2026-07-23T05:55:28.719918+00:00
FAILED_AUCTION_RECLAIM,ASIA/QUIET/COMPRESSED/BTC_NEUTRAL,50,0,50,0,0.82,0.370112671792558,0.8295338315126777,0.3055579826239884,STRONG,0.8754281063553149,2026-07-24T03:50:44.659316+00:00
FAILED_AUCTION_RECLAIM,ASIA/QUIET/COMPRESSED/BTC_NEUTRAL/ALTCOIN,50,0,50,0,0.82,0.370112671792558,0.8295338315126777,0.3055579826239884,STRONG,0.8754281063553149,2026-07-24T03:50:44.659323+00:00
FAILED_AUCTION_RECLAIM,OFF_HOURS/QUIET/COMPRESSED/BTC_FALLING,36,0,36,0,1.0,0.3366409494614919,0.2974253336093783,0.3041814129104682,STRONG,1.0,2026-07-13T23:42:02.609369+00:00
FAILED_AUCTION_RECLAIM,NY/VOLATILE_EXPANSION/CASCADE/BTC_RISING/MIDCAP,19,0,19,0,1.0,0.35691733245476553,0.28553386596381164,0.29688941740686053,STRONG,1.0,2026-07-21T17:09:04.729552+00:00
FAILED_AUCTION_RECLAIM,ASIA/ACCUMULATION/NORMAL/BTC_NEUTRAL,50,0,50,0,0.82,0.36623019906015103,0.6841008624827271,0.2944487965890719,STRONG,1.0,2026-07-20T07:31:07.163231+00:00
FAILED_AUCTION_RECLAIM,ASIA/QUIET/COMPRESSED/BTC_RISING,50,0,50,0,0.86,0.33532155988480605,0.3233369069688774,0.2822424664561375,STRONG,1.0,2026-07-22T03:26:17.393498+00:00
FAILED_AUCTION_RECLAIM,ASIA/RANGE/NORMAL/BTC_NEUTRAL,50,0,50,0,0.7,0.41867040280639245,0.485065795926886,0.2735344918371539,STRONG,0.9330988692782097,2026-07-23T04:42:57.260596+00:00
FAILED_AUCTION_RECLAIM,OVERLAP/QUIET/NORMAL/BTC_FALLING,24,0,24,0,1.0,0.3160292058757762,0.25282336470062294,0.2724233140702628,STRONG,1.0,2026-07-13T16:13:26.104200+00:00
FAILED_AUCTION_RECLAIM,NY/MARKDOWN/NORMAL/BTC_RISING/ALTCOIN,24,0,24,0,0.9166666666666666,0.35212116559267614,0.7805867865938448,0.2689134976421867,STRONG,1.0,2026-07-21T18:11:28.392932+00:00
FAILED_AUCTION_RECLAIM,NY/MARKDOWN/COMPRESSED/BTC_NEUTRAL,50,0,50,0,0.62,0.4540821804666491,0.8309502794958061,0.2677616073253617,STRONG,1.0,2026-07-21T19:33:56.663724+00:00
FAILED_AUCTION_RECLAIM,OVERLAP/QUIET/NORMAL/BTC_NEUTRAL/MIDCAP,50,0,50,0,0.62,0.3963918640328663,0.3402143672105354,0.25405788806246843,STRONG,0.8532357949236318,2026-07-23T14:04:06.422169+00:00
FAILED_AUCTION_RECLAIM,NY/DISTRIBUTION/NORMAL/BTC_NEUTRAL,50,0,50,0,0.96,0.2651481167313814,0.20767206392722837,0.23674193282850245,POSITIVE,0.6155944109399188,2026-07-23T22:32:38.658420+00:00
FAILED_AUCTION_RECLAIM,NY/DISTRIBUTION/NORMAL/BTC_NEUTRAL/MIDCAP,50,0,50,0,0.96,0.2651481167313814,0.20767206392722837,0.23674193282850245,POSITIVE,0.6155944109399188,2026-07-23T22:32:38.658440+00:00
FAILED_AUCTION_RECLAIM,ASIA/QUIET/NORMAL/BTC_FALLING,50,0,50,0,0.86,0.27019360907514295,0.29497627834502516,0.21206794791114275,POSITIVE,1.0,2026-07-17T02:39:26.365382+00:00
FAILED_AUCTION_RECLAIM,OVERLAP/MARKUP/CASCADE/BTC_NEUTRAL/ALTCOIN,21,0,21,0,1.0,0.23889154323936887,0.3973299427844859,0.2019484416473474,POSITIVE,1.0,2026-07-20T15:50:29.854852+00:00
FAILED_AUCTION_RECLAIM,LONDON/MARKUP/EXPANDED/BTC_FALLING,28,0,28,0,0.6785714285714286,0.3121316077488925,0.4764222465226163,0.199299431790164,POSITIVE,1.0,2026-07-17T12:07:59.252835+00:00
FAILED_AUCTION_RECLAIM,OFF_HOURS/MARKDOWN/COMPRESSED/BTC_RISING,41,0,41,0,1.0,0.2089401421072646,0.33032069048232826,0.19104014634620195,POSITIVE,1.0,2026-07-22T00:37:18.966731+00:00
FAILED_AUCTION_RECLAIM,ASIA/MARKUP/CASCADE/BTC_FALLING,19,0,19,0,1.0,0.22551204499628863,0.19406392694064326,0.18758444482564637,POSITIVE,1.0,2026-07-17T05:16:50.318614+00:00
FAILED_AUCTION_RECLAIM,LONDON/QUIET/COMPRESSED/BTC_RISING/ALTCOIN,40,1,39,0,0.75,0.2466058748427155,0.22415451013465115,0.18599110132088864,POSITIVE,0.8686852126033131,2026-07-22T00:03:39.197386+00:00
FAILED_AUCTION_RECLAIM,LONDON/QUIET/COMPRESSED/BTC_RISING,50,1,49,0,0.72,0.23930941144179227,0.21294403022718142,0.18473389939668228,POSITIVE,0.8865266581939778,2026-07-22T00:03:38.005702+00:00
FAILED_AUCTION_RECLAIM,ASIA/QUIET/NORMAL/BTC_NEUTRAL/MIDCAP,50,0,50,0,0.88,0.21854647222886645,0.17279887208639266,0.18212294872049203,POSITIVE,0.6219038272943985,2026-07-24T02:48:26.110725+00:00
FAILED_AUCTION_RECLAIM,LONDON/RANGE/NORMAL/BTC_NEUTRAL,44,2,42,0,0.75,0.24161515983504203,0.16799404647177543,0.17262394457123792,POSITIVE,0.7172825072484061,2026-07-23T08:25:12.231354+00:00
FAILED_AUCTION_RECLAIM,LONDON/DISTRIBUTION/EXPANDED/BTC_NEUTRAL,21,0,21,0,0.6190476190476191,0.2775639432778446,0.3748793476487655,0.1716054782237334,POSITIVE,1.0,2026-07-22T09:14:22.661403+00:00
FAILED_AUCTION_RECLAIM,NY/QUIET/NORMAL/BTC_RISING,50,0,50,0,0.46,0.2458408600934125,0.22771352318444962,0.1671707804585133,POSITIVE,1.0,2026-07-21T19:03:03.866502+00:00
FAILED_AUCTION_RECLAIM,NY/QUIET/COMPRESSED/BTC_FALLING,41,0,41,0,0.4634146341463415,0.3203065300349908,0.6319580067082355,0.16629628299945431,POSITIVE,1.0,2026-07-13T21:26:06.392923+00:00
FAILED_AUCTION_RECLAIM,NY/QUIET/EXPANDED/BTC_NEUTRAL,50,0,50,0,0.48,0.2429730339902139,0.20028813445580365,0.16519328902254884,POSITIVE,0.9627954534179082,2026-07-22T20:30:45.199492+00:00
FAILED_AUCTION_RECLAIM,OVERLAP/VOLATILE_EXPANSION/CASCADE/BTC_RISING,50,0,50,0,0.68,0.23502042104116388,0.1880163368329286,0.1646433479683201,POSITIVE,1.0,2026-07-21T16:58:36.615540+00:00
FAILED_AUCTION_RECLAIM,ASIA/MARKDOWN/CASCADE/BTC_NEUTRAL/MIDCAP,50,0,50,0,0.34,0.24826692607246706,0.2160321099815645,0.16017056586557285,POSITIVE,1.0,2026-07-20T01:35:25.306164+00:00
FAILED_AUCTION_RECLAIM,NY/VOLATILE_EXPANSION/CASCADE/BTC_RISING,50,0,50,0,0.86,0.18942141362158899,0.16100053394993402,0.1592690152732054,POSITIVE,1.0,2026-07-21T18:21:45.040931+00:00
FAILED_AUCTION_RECLAIM,NY/QUIET/NORMAL/BTC_RISING/MIDCAP,50,0,50,0,0.42,0.23571291428537214,0.2196102899275194,0.15353547499312128,POSITIVE,1.0,2026-07-21T19:03:03.866513+00:00
FAILED_AUCTION_RECLAIM,LONDON/QUIET/EXPANDED/BTC_NEUTRAL,50,0,50,0,0.68,0.23486204972779004,0.25538269918623646,0.14767406976975994,POSITIVE,0.9340629412429526,2026-07-23T12:34:13.326969+00:00
FAILED_AUCTION_RECLAIM,NY/QUIET/NORMAL/BTC_NEUTRAL,50,0,50,0,1.0,0.1544848931958981,0.12358791455671987,0.14346239078695477,POSITIVE,0.4517301678217868,2026-07-23T22:43:08.195369+00:00
FAILED_AUCTION_RECLAIM,NY/QUIET/NORMAL/BTC_NEUTRAL/MIDCAP,50,0,50,0,1.0,0.1544848931958981,0.12358791455671987,0.14346239078695477,POSITIVE,0.4517301678217868,2026-07-23T22:43:08.195378+00:00
FAILED_AUCTION_RECLAIM,LONDON/DISTRIBUTION/NORMAL/BTC_NEUTRAL/MIDCAP,50,1,49,0,0.98,0.15650676260196897,0.1456729016293426,0.1428384308306613,POSITIVE,0.46045903196677,2026-07-23T11:27:10.567561+00:00
FAILED_AUCTION_RECLAIM,ASIA/MARKDOWN/NORMAL/BTC_RISING/ALTCOIN,25,0,25,0,0.88,0.17374076405950445,0.13899261124760362,0.13828937145111111,POSITIVE,1.0,2026-07-22T03:46:45.043975+00:00
FAILED_AUCTION_RECLAIM,OFF_HOURS/QUIET/COMPRESSED/BTC_NEUTRAL/MIDCAP,50,0,50,0,0.64,0.20324592336186004,0.17266356940883237,0.13561131339055515,POSITIVE,0.8524234501406421,2026-07-23T23:45:42.948958+00:00
FAILED_AUCTION_RECLAIM,ASIA/QUIET/EXPANDED/BTC_NEUTRAL/ALTCOIN,50,0,50,0,1.0,0.13242326443065516,0.1059386115445252,0.12297485998805308,POSITIVE,1.0,2026-07-20T07:51:25.290609+00:00
FAILED_AUCTION_RECLAIM,OVERLAP/QUIET/EXPANDED/BTC_NEUTRAL,50,0,50,0,0.5,0.26547056371596794,0.20910704686170598,0.12270732484761554,POSITIVE,0.8548199183512086,2026-07-23T16:42:36.545540+00:00
FAILED_AUCTION_RECLAIM,NY/VOLATILE_EXPANSION/CASCADE/BTC_NEUTRAL,50,0,50,0,0.42,0.3031524177928915,0.1261533527596592,0.1161101922934551,POSITIVE,0.9065105508068191,2026-07-23T19:40:38.584615+00:00
FAILED_AUCTION_RECLAIM,LONDON/QUIET/NORMAL/BTC_NEUTRAL/MIDCAP,26,0,26,0,0.8461538461538461,0.16070735498468414,0.1285658839877473,0.10812804869562881,POSITIVE,0.6666427426196306,2026-07-23T10:54:22.516047+00:00
FAILED_AUCTION_RECLAIM,LONDON/RANGE/EXPANDED/BTC_NEUTRAL,41,0,41,0,1.0,0.09573741049879635,0.11380320067958895,0.08753554356781762,POSITIVE,0.4313943135883802,2026-07-22T11:41:29.628561+00:00
FAILED_AUCTION_RECLAIM,LONDON/RANGE/EXPANDED/BTC_NEUTRAL/ALTCOIN,41,0,41,0,1.0,0.09573741049879635,0.11380320067958895,0.08753554356781762,POSITIVE,0.4313943135883802,2026-07-22T11:41:29.628597+00:00
FAILED_AUCTION_RECLAIM,LONDON/QUIET/NORMAL/BTC_NEUTRAL,50,0,50,0,0.92,0.10383070999513482,0.08306456799610785,0.08642440949160377,POSITIVE,0.6985803631079048,2026-07-23T10:54:22.516017+00:00
FAILED_AUCTION_RECLAIM,NY/QUIET/COMPRESSED/BTC_RISING/MIDCAP,23,0,23,0,1.0,0.0972135608480259,0.1220246986091221,0.08330024661363689,POSITIVE,1.0,2026-07-21T19:03:03.866841+00:00
FAILED_AUCTION_RECLAIM,OVERLAP/VOLATILE_EXPANSION/CASCADE/BTC_NEUTRAL/MAJOR,42,0,42,0,0.42857142857142855,0.23530879824355685,0.18204599265583296,0.08053964291746615,POSITIVE,0.9730065106792278,2026-07-23T16:31:57.545418+00:00
FAILED_AUCTION_RECLAIM,NY/MARKUP/COMPRESSED/BTC_NEUTRAL,21,0,21,0,0.5714285714285714,0.23712526091216693,0.29490978050983024,0.07775049010901738,POSITIVE,0.9799115141199429,2026-07-23T21:50:56.771675+00:00
FAILED_AUCTION_RECLAIM,OVERLAP/VOLATILE_EXPANSION/CASCADE/BTC_RISING/MIDCAP,50,0,50,0,0.7,0.1258807752977203,0.10070462023817478,0.05718145206773853,POSITIVE,1.0,2026-07-21T16:58:36.615551+00:00
FAILED_AUCTION_RECLAIM,OVERLAP/MARKDOWN/CASCADE/BTC_FALLING,17,0,17,0,1.0,0.06753954203776401,0.11500162309627168,0.055090406429544186,POSITIVE,1.0,2026-07-17T14:51:42.712256+00:00
FAILED_AUCTION_RECLAIM,LONDON/QUIET/COMPRESSED/BTC_NEUTRAL,50,0,50,0,0.66,0.17245651644233667,0.15651842865881352,0.051571606807946646,POSITIVE,0.8288732128559617,2026-07-23T12:55:31.445191+00:00
FAILED_AUCTION_RECLAIM,NY/RANGE/NORMAL/BTC_NEUTRAL/MIDCAP,50,0,50,0,0.82,0.0777835040212977,-0.023605683864252505,0.04049090492461141,FLAT,0.8175900852715599,2026-07-23T20:58:51.208616+00:00
FAILED_AUCTION_RECLAIM,ASIA/QUIET/COMPRESSED/BTC_NEUTRAL/MIDCAP,50,0,50,0,0.46,0.15227208633088316,0.27644273319330936,0.03199339445966265,FLAT,0.972855203673181,2026-07-24T01:24:41.383389+00:00
FAILED_AUCTION_RECLAIM,OFF_HOURS/QUIET/EXPANDED/BTC_NEUTRAL,24,0,24,0,0.4583333333333333,0.07877038495997955,0.06301630796798414,0.030595336990704262,FLAT,1.0,2026-07-19T23:17:39.917815+00:00
FAILED_AUCTION_RECLAIM,LONDON/DISTRIBUTION/NORMAL/BTC_NEUTRAL,50,1,49,0,0.84,0.06261376641368104,0.06193085999218618,0.028342706039971494,FLAT,0.5655811307232537,2026-07-23T11:27:08.716550+00:00
FAILED_AUCTION_RECLAIM,LONDON/VOLATILE_EXPANSION/CASCADE/BTC_NEUTRAL,40,0,40,0,0.725,0.07799244237045833,0.004140847387704857,0.026046868109504295,FLAT,0.951412624603503,2026-07-23T12:39:32.608837+00:00
FAILED_AUCTION_RECLAIM,ASIA/MARKUP/EXPANDED/BTC_NEUTRAL,24,0,24,0,0.625,0.048915330848728254,0.07576636176429478,0.02380393080932066,FLAT,1.0,2026-07-20T04:07:53.241097+00:00
FAILED_AUCTION_RECLAIM,ASIA/MARKUP/EXPANDED/BTC_NEUTRAL/ALTCOIN,24,0,24,0,0.625,0.048915330848728254,0.07576636176429478,0.02380393080932066,FLAT,1.0,2026-07-20T04:07:53.241106+00:00
FAILED_AUCTION_RECLAIM,LONDON/QUIET/NORMAL/BTC_NEUTRAL/ALTCOIN,50,0,50,0,1.0,0.023561421958684634,0.018849137566947595,0.02188031369673694,FLAT,1.0,2026-07-22T08:59:03.346729+00:00
FAILED_AUCTION_RECLAIM,ASIA/MARKDOWN/COMPRESSED/BTC_NEUTRAL,50,0,50,0,0.52,0.0873552017889089,0.0698841614311292,0.012319102498193818,FLAT,1.0,2026-07-23T07:03:12.889380+00:00
FAILED_AUCTION_RECLAIM,ASIA/MARKDOWN/COMPRESSED/BTC_NEUTRAL/ALTCOIN,50,0,50,0,0.52,0.0873552017889089,0.0698841614311292,0.012319102498193818,FLAT,1.0,2026-07-23T07:03:12.889391+00:00
FAILED_AUCTION_RECLAIM,OVERLAP/QUIET/COMPRESSED/BTC_NEUTRAL,50,0,50,0,0.76,0.06386048582831073,0.08696822433407064,0.011957402430122277,FLAT,0.874267742063336,2026-07-23T13:27:28.320663+00:00
FAILED_AUCTION_RECLAIM,NY/MARKUP/NORMAL/BTC_NEUTRAL,19,0,19,0,0.2631578947368421,0.05982782744715155,0.09849076550401403,0.008927816116365395,FLAT,1.0,2026-07-21T19:28:46.245330+00:00
FAILED_AUCTION_RECLAIM,LONDON/QUIET/COMPRESSED/BTC_NEUTRAL/MAJOR,37,0,37,0,0.7297297297297297,0.02557805928261291,0.020462447426091036,0.0016542848040052849,FLAT,0.4444093749999883,2026-07-23T12:50:00.756699+00:00
FAILED_AUCTION_RECLAIM,NY/QUIET/COMPRESSED/BTC_NEUTRAL/ALTCOIN,50,0,50,0,0.44,0.11694204768979696,0.09355363815183347,-0.005829372287910473,FLAT,0.8360744186046524,2026-07-23T21:09:12.100383+00:00
FAILED_AUCTION_RECLAIM,ASIA/QUIET/EXPANDED/BTC_NEUTRAL,50,0,50,0,0.8,0.006247785851891213,0.004998228681513941,-0.011336114410841966,FLAT,1.0,2026-07-22T05:34:02.294565+00:00
FAILED_AUCTION_RECLAIM,OFF_HOURS/VOLATILE_EXPANSION/CASCADE/BTC_NEUTRAL,50,0,50,0,0.08,0.007030367607733585,0.005634491878301458,-0.014051015090021655,FLAT,1.0,2026-07-19T23:48:13.436465+00:00
FAILED_AUCTION_RECLAIM,OFF_HOURS/VOLATILE_EXPANSION/CASCADE/BTC_NEUTRAL/MIDCAP,50,0,50,0,0.08,0.007030367607733585,0.005634491878301458,-0.014051015090021655,FLAT,1.0,2026-07-19T23:48:13.436475+00:00
FAILED_AUCTION_RECLAIM,NY/QUIET/EXPANDED/BTC_RISING,50,0,50,0,0.8,0.013362046600636772,0.010689637280506436,-0.021408958330700972,FLAT,1.0,2026-07-21T19:03:03.866670+00:00
FAILED_AUCTION_RECLAIM,NY/QUIET/EXPANDED/BTC_RISING/MIDCAP,50,0,50,0,0.8,0.013362046600636772,0.010689637280506436,-0.021408958330700972,FLAT,1.0,2026-07-21T19:03:03.866681+00:00
FAILED_AUCTION_RECLAIM,OVERLAP/MARKDOWN/CASCADE/BTC_NEUTRAL,50,0,50,0,0.28,0.018002298503606157,0.011542909243818367,-0.03504024173489079,FLAT,1.0,2026-07-23T16:31:57.545808+00:00
FAILED_AUCTION_RECLAIM,NY/ACCUMULATION/NORMAL/BTC_NEUTRAL,50,0,50,0,0.66,-0.02794166766615471,-0.0047955410262653575,-0.03573979798109318,FLAT,0.4558032156696099,2026-07-23T20:58:51.209741+00:00
FAILED_AUCTION_RECLAIM,NY/ACCUMULATION/NORMAL/BTC_NEUTRAL/ALTCOIN,50,0,50,0,0.66,-0.02794166766615471,-0.0047955410262653575,-0.03573979798109318,FLAT,0.4558032156696099,2026-07-23T20:58:51.209749+00:00
FAILED_AUCTION_RECLAIM,LONDON/QUIET/COMPRESSED/BTC_FALLING,50,0,50,0,0.34,-0.01627786624642294,-0.02216014785730425,-0.03668113695464854,FLAT,1.0,2026-07-17T12:44:11.536090+00:00
FAILED_AUCTION_RECLAIM,NY/RANGE/EXPANDED/BTC_NEUTRAL,50,0,50,0,0.7,-0.030043999808974712,-0.01756758532708127,-0.037358794632977796,FLAT,0.25667269349416716,2026-07-23T19:45:46.953058+00:00
FAILED_AUCTION_RECLAIM,ASIA/RANGE/NORMAL/BTC_NEUTRAL/ALTCOIN,50,0,50,0,0.7,0.02791325002403551,-0.041912101663437104,-0.040463373766393695,FLAT,0.9392299945442248,2026-07-23T01:46:57.115227+00:00
FAILED_AUCTION_RECLAIM,LONDON/VOLATILE_EXPANSION/CASCADE/BTC_NEUTRAL/ALTCOIN,33,0,33,0,0.6666666666666666,0.002724237266657213,-0.0973109404218786,-0.049953152459663336,FLAT,0.9235314234202531,2026-07-23T12:39:32.608849+00:00
FAILED_AUCTION_RECLAIM,OVERLAP/VOLATILE_EXPANSION/CASCADE/BTC_NEUTRAL,50,0,50,0,0.48,0.037551810280781105,0.007340353310629956,-0.05233856858102379,NEGATIVE,0.7861677782925411,2026-07-23T16:31:57.545400+00:00
FAILED_AUCTION_RECLAIM,OVERLAP/QUIET/COMPRESSED/BTC_RISING/ALTCOIN,15,0,15,0,0.3333333333333333,-0.006956164396220177,-0.006631713634803423,-0.0585392116650916,NEGATIVE,1.0,2026-07-21T15:15:41.453975+00:00
FAILED_AUCTION_RECLAIM,OVERLAP/RANGE/NORMAL/BTC_NEUTRAL,50,0,50,0,0.3,0.06815309021503548,-0.1675523357925863,-0.06459105375410856,NEGATIVE,0.934265499858045,2026-07-23T15:28:22.863819+00:00
FAILED_AUCTION_RECLAIM,OVERLAP/QUIET/NORMAL/BTC_NEUTRAL/ALTCOIN,50,0,50,0,0.72,-0.008079124163641538,-0.01868791722723941,-0.0692408365658897,NEGATIVE,0.7746383243821375,2026-07-23T14:09:27.713283+00:00
FAILED_AUCTION_RECLAIM,NY/QUIET/EXPANDED/BTC_NEUTRAL/MAJOR,23,0,23,0,0.0,-0.07740058902498206,-0.06192047121998553,-0.07740058902498206,NEGATIVE,0.0,2026-07-21T19:18:32.420073+00:00
FAILED_AUCTION_RECLAIM,OFF_HOURS/QUIET/COMPRESSED/BTC_RISING/ALTCOIN,18,0,18,0,0.3888888888888889,0.031629013768191466,-0.29485347258472266,-0.07830234950869586,NEGATIVE,1.0,2026-07-22T01:02:48.067223+00:00
FAILED_AUCTION_RECLAIM,OFF_HOURS/MARKDOWN/EXPANDED/BTC_NEUTRAL,15,0,15,0,0.6666666666666666,-0.05556340835649536,-0.05261911290243905,-0.08108756798459489,NEGATIVE,1.0,2026-07-20T00:18:45.580972+00:00
FAILED_AUCTION_RECLAIM,ASIA/DISTRIBUTION/NORMAL/BTC_NEUTRAL,50,0,50,0,0.58,-0.08461518422356226,-0.0975473312048462,-0.08208566095156179,NEGATIVE,-0.16851117891424852,2026-07-24T02:17:05.697385+00:00
FAILED_AUCTION_RECLAIM,ASIA/DISTRIBUTION/NORMAL/BTC_NEUTRAL/MIDCAP,50,0,50,0,0.58,-0.08461518422356226,-0.0975473312048462,-0.08208566095156179,NEGATIVE,-0.16851117891424852,2026-07-24T02:17:05.697395+00:00
FAILED_AUCTION_RECLAIM,ASIA/MARKDOWN/NORMAL/BTC_RISING,31,0,31,0,0.7096774193548387,-0.053434867693948035,-0.32117286366172143,-0.08810484089947133,NEGATIVE,1.0,2026-07-22T03:46:45.043966+00:00
FAILED_AUCTION_RECLAIM,NY/QUIET/NORMAL/BTC_NEUTRAL/MAJOR,16,0,16,0,0.5,-0.03652199347191386,-0.034226348443177804,-0.09237614037625777,NEGATIVE,0.7831107475793937,2026-07-23T21:24:49.792268+00:00
FAILED_AUCTION_RECLAIM,NY/DISTRIBUTION/EXPANDED/BTC_RISING,36,0,36,0,0.2777777777777778,-0.054585133839148564,-0.0889068423086144,-0.09259668734391671,NEGATIVE,1.0,2026-07-21T18:57:54.823492+00:00
FAILED_AUCTION_RECLAIM,OFF_HOURS/QUIET/NORMAL/BTC_NEUTRAL/ALTCOIN,27,0,27,0,0.7777777777777778,-0.054216130819148035,-0.04565725053035979,-0.09608305711971846,NEGATIVE,0.5423572255681167,2026-07-24T00:42:56.508105+00:00
FAILED_AUCTION_RECLAIM,OFF_HOURS/DISTRIBUTION/NORMAL/BTC_NEUTRAL/MIDCAP,48,0,48,0,1.0,-0.10596517813982399,-0.08407878042488932,-0.0981128775097904,NEGATIVE,-1.2754433392891038,2026-07-23T23:45:42.949199+00:00
FAILED_AUCTION_RECLAIM,LONDON/QUIET/NORMAL/BTC_RISING/ALTCOIN,15,0,15,0,0.4666666666666667,-0.061505416317021215,-0.04921196583088868,-0.09978464820304528,NEGATIVE,1.0,2026-07-21T12:37:52.499499+00:00
FAILED_AUCTION_RECLAIM,NY/MARKDOWN/NORMAL/BTC_RISING,50,0,50,0,0.46,-0.053342351822351475,0.007377952325581423,-0.11406896777619446,NEGATIVE,1.0,2026-07-21T18:11:28.392922+00:00
FAILED_AUCTION_RECLAIM,NY/RANGE/EXPANDED/BTC_NEUTRAL/MIDCAP,49,0,49,0,0.30612244897959184,-0.10036640621029824,-0.073692190721832,-0.11663590930514786,NEGATIVE,0.4806932754477615,2026-07-23T19:45:46.953073+00:00
FAILED_AUCTION_RECLAIM,NY/DISTRIBUTION/EXPANDED/BTC_RISING/MIDCAP,34,0,34,0,0.23529411764705882,-0.09430879184961961,-0.12448935491694607,-0.12127603606917114,NEGATIVE,1.0,2026-07-21T18:57:54.822206+00:00
FAILED_AUCTION_RECLAIM,LONDON/MARKDOWN/NORMAL/BTC_NEUTRAL,50,0,50,0,0.58,-0.1135829406793315,-0.10055225054014087,-0.12189902472094584,NEGATIVE,0.8236785113576812,2026-07-23T08:53:05.578633+00:00
FAILED_AUCTION_RECLAIM,LONDON/QUIET/COMPRESSED/BTC_NEUTRAL/MIDCAP,50,0,50,0,0.46,0.0656360185304371,0.05250881482435144,-0.13460581828578833,NEGATIVE,0.8912544658357482,2026-07-23T12:55:31.445133+00:00
FAILED_AUCTION_RECLAIM,LONDON/QUIET/NORMAL/BTC_FALLING,50,0,50,0,0.24,-0.1005859055530719,-0.09070545309705802,-0.14441648300762105,NEGATIVE,1.0,2026-07-17T10:08:48.486725+00:00
FAILED_AUCTION_RECLAIM,OFF_HOURS/QUIET/NORMAL/BTC_NEUTRAL,50,0,50,0,0.46,-0.12372037582684378,-0.10045678851939485,-0.14840017219645601,NEGATIVE,0.49805546089943625,2026-07-24T00:42:56.508086+00:00
FAILED_AUCTION_RECLAIM,OVERLAP/VOLATILE_EXPANSION/CASCADE/BTC_NEUTRAL/ALTCOIN,50,0,50,0,0.64,-0.11072802972432293,-0.08678916907021263,-0.1518220526736093,NEGATIVE,0.9110353851469961,2026-07-23T16:16:10.077340+00:00
FAILED_AUCTION_RECLAIM,ASIA/DISTRIBUTION/NORMAL/BTC_NEUTRAL/ALTCOIN,50,0,50,0,0.42,-0.14020092842243478,-0.1550293874989974,-0.15810295285301743,NEGATIVE,0.5998210168074486,2026-07-24T02:06:37.540485+00:00
FAILED_AUCTION_RECLAIM,NY/RANGE/EXPANDED/BTC_NEUTRAL/ALTCOIN,29,0,29,0,0.7241379310344828,-0.16382922286975285,-0.3339370172407684,-0.16046615071038214,NEGATIVE,-0.10978571428576629,2026-07-22T21:22:36.212536+00:00
FAILED_AUCTION_RECLAIM,OVERLAP/DISTRIBUTION/NORMAL/BTC_NEUTRAL,50,0,50,0,0.5,-0.004281674059058886,0.44351247203956423,-0.1617370766644352,NEGATIVE,0.9245102581892771,2026-07-23T14:14:38.898841+00:00
FAILED_AUCTION_RECLAIM,OVERLAP/DISTRIBUTION/NORMAL/BTC_NEUTRAL/ALTCOIN,50,0,50,0,0.5,-0.004281674059058886,0.44351247203956423,-0.1617370766644352,NEGATIVE,0.9245102581892771,2026-07-23T14:14:38.898853+00:00
FAILED_AUCTION_RECLAIM,LONDON/MARKDOWN/NORMAL/BTC_NEUTRAL/ALTCOIN,50,0,50,0,0.54,-0.15417768315583907,-0.13948530985246388,-0.16285263318371876,NEGATIVE,0.8211782040532104,2026-07-23T08:53:05.578645+00:00
FAILED_AUCTION_RECLAIM,OVERLAP/QUIET/EXPANDED/BTC_NEUTRAL/ALTCOIN,15,0,15,0,0.4666666666666667,0.006836898534409015,-0.01520809750527874,-0.16610898126000853,NEGATIVE,0.8260340909090915,2026-07-22T15:35:42.991630+00:00
FAILED_AUCTION_RECLAIM,OVERLAP/DISTRIBUTION/NORMAL/BTC_RISING,21,0,21,0,0.47619047619047616,-0.14226090282540543,-0.1989705192003322,-0.16711306946940488,NEGATIVE,1.0,2026-07-21T15:26:06.110790+00:00
FAILED_AUCTION_RECLAIM,OVERLAP/DISTRIBUTION/NORMAL/BTC_RISING/ALTCOIN,21,0,21,0,0.47619047619047616,-0.14226090282540543,-0.1989705192003322,-0.16711306946940488,NEGATIVE,1.0,2026-07-21T15:26:06.110798+00:00
FAILED_AUCTION_RECLAIM,OVERLAP/MARKDOWN/CASCADE/BTC_NEUTRAL/ALTCOIN,36,0,36,0,0.0,-0.1709656721006904,-0.25659631682935996,-0.1709656721006904,NEGATIVE,0.0,2026-07-23T16:31:57.545816+00:00
FAILED_AUCTION_RECLAIM,NY/RANGE/EXPANDED/BTC_RISING/ALTCOIN,46,0,46,0,0.4782608695652174,-0.036490683229821894,-0.029496803132978755,-0.17550881513779054,NEGATIVE,1.0,2026-07-21T17:34:55.776487+00:00
FAILED_AUCTION_RECLAIM,ASIA/MARKDOWN/NORMAL/BTC_NEUTRAL,50,0,50,0,0.24,-0.14661201757576517,-0.07118209153756971,-0.17999729324116767,NEGATIVE,0.8096989795918386,2026-07-24T03:03:58.292861+00:00
FAILED_AUCTION_RECLAIM,ASIA/MARKDOWN/NORMAL/BTC_NEUTRAL/ALTCOIN,50,0,50,0,0.28,-0.1548856390787515,-0.12740471473097437,-0.18582850000158646,NEGATIVE,0.7845700489336994,2026-07-24T03:03:58.292908+00:00
FAILED_AUCTION_RECLAIM,ASIA/MARKUP/COMPRESSED/BTC_NEUTRAL,42,0,42,0,0.0,-0.1858472819061449,-0.1575656542711425,-0.1858472819061449,NEGATIVE,0.0,2026-07-23T07:55:44.231784+00:00
FAILED_AUCTION_RECLAIM,ASIA/MARKUP/COMPRESSED/BTC_NEUTRAL/ALTCOIN,26,0,26,0,0.0,-0.1865833954760263,-0.16362397820164848,-0.1865833954760263,NEGATIVE,0.0,2026-07-23T07:55:44.231793+00:00
FAILED_AUCTION_RECLAIM,OFF_HOURS/QUIET/NORMAL/BTC_NEUTRAL/MIDCAP,50,0,50,0,0.34,-0.17148587992986683,-0.14217443182079534,-0.18995119206152206,NEGATIVE,0.568264315819738,2026-07-23T23:56:07.921102+00:00
FAILED_AUCTION_RECLAIM,ASIA/RANGE/NORMAL/BTC_FALLING,50,0,50,0,0.24,-0.1470493759698531,-0.03237616242672734,-0.2033095870354017,NEGATIVE,1.0,2026-07-17T08:00:48.094638+00:00
FAILED_AUCTION_RECLAIM,OVERLAP/DISTRIBUTION/EXPANDED/BTC_NEUTRAL,50,0,50,0,0.5,-0.0906375321947209,-0.035102131330367874,-0.2107232944025615,NEGATIVE,0.9282981535834667,2026-07-23T16:53:10.791323+00:00
FAILED_AUCTION_RECLAIM,OFF_HOURS/VOLATILE_EXPANSION/CASCADE/BTC_NEUTRAL/MAJOR,31,0,31,0,0.0,-0.24245402707327923,-0.24542526931595632,-0.24245402707327923,NEGATIVE,0.0,2026-07-19T23:27:48.566172+00:00
FAILED_AUCTION_RECLAIM,NY/RANGE/EXPANDED/BTC_RISING,50,0,50,0,0.44,-0.11357142857143622,-0.09113705888233987,-0.24382724015589674,NEGATIVE,1.0,2026-07-21T17:34:55.776477+00:00
FAILED_AUCTION_RECLAIM,OVERLAP/QUIET/NORMAL/BTC_NEUTRAL,50,0,50,0,0.46,-0.17079879994214062,-0.150794441142318,-0.2492343689025975,NEGATIVE,0.7672162943166377,2026-07-23T14:09:27.713257+00:00
FAILED_AUCTION_RECLAIM,ASIA/QUIET/NORMAL/BTC_RISING,50,0,50,0,0.0,-0.25574351107622173,-0.20459480886097758,-0.25574351107622173,NEGATIVE,0.0,2026-07-22T03:10:54.643066+00:00
FAILED_AUCTION_RECLAIM,ASIA/QUIET/NORMAL/BTC_RISING/MAJOR,50,0,50,0,0.0,-0.25574351107622173,-0.20459480886097758,-0.25574351107622173,NEGATIVE,0.0,2026-07-22T03:10:54.643077+00:00
FAILED_AUCTION_RECLAIM,ASIA/ACCUMULATION/EXPANDED/BTC_FALLING,15,0,15,0,0.0,-0.2646479953704182,-0.2265980764006971,-0.2646479953704182,NEGATIVE,0.0,2026-07-13T06:36:34.551917+00:00
FAILED_AUCTION_RECLAIM,NY/DISTRIBUTION/EXPANDED/BTC_NEUTRAL/MIDCAP,37,0,37,0,0.0,-0.26669355666342864,-0.21959457231697374,-0.26669355666342864,NEGATIVE,0.0,2026-07-23T19:51:01.382218+00:00
FAILED_AUCTION_RECLAIM,ASIA/MARKDOWN/EXPANDED/BTC_NEUTRAL,50,0,50,0,0.0,-0.2777783664904189,-0.22222269319233642,-0.2777783664904189,NEGATIVE,0.0,2026-07-22T08:02:47.561833+00:00
FAILED_AUCTION_RECLAIM,ASIA/MARKDOWN/EXPANDED/BTC_NEUTRAL/ALTCOIN,50,0,50,0,0.0,-0.2777783664904189,-0.22222269319233642,-0.2777783664904189,NEGATIVE,0.0,2026-07-22T08:02:47.561846+00:00
FAILED_AUCTION_RECLAIM,NY/DISTRIBUTION/NORMAL/BTC_NEUTRAL/ALTCOIN,50,0,50,0,0.5,-0.3026433312209305,-0.24210031768516158,-0.27989207104106095,NEGATIVE,-9.932000000001203,2026-07-23T21:50:56.772397+00:00
FAILED_AUCTION_RECLAIM,NY/VOLATILE_EXPANSION/CASCADE/BTC_NEUTRAL/MIDCAP,50,0,50,0,0.42,-0.3094535903657817,-0.47702069538222147,-0.31234640947650927,NEGATIVE,1.0,2026-07-23T19:40:38.584621+00:00
FAILED_AUCTION_RECLAIM,LONDON/QUIET/EXPANDED/BTC_NEUTRAL/ALTCOIN,22,0,22,0,0.45454545454545453,-0.2946811462207659,-0.2357449169766138,-0.32591511473196616,NEGATIVE,0.4733408167155342,2026-07-23T12:34:13.327029+00:00
FAILED_AUCTION_RECLAIM,OFF_HOURS/MARKDOWN/COMPRESSED/BTC_NEUTRAL/MIDCAP,33,0,33,0,0.0,-0.32676594693837785,-0.28927374919635956,-0.32676594693837785,NEGATIVE,0.0,2026-07-22T00:01:29.612760+00:00
FAILED_AUCTION_RECLAIM,OVERLAP/QUIET/COMPRESSED/BTC_RISING,50,0,50,0,0.28,-0.2943750858049916,-0.7682517589584706,-0.33341679955411546,NEGATIVE,1.0,2026-07-21T15:15:41.453941+00:00
FAILED_AUCTION_RECLAIM,ASIA/MARKDOWN/CASCADE/BTC_NEUTRAL,50,0,50,0,0.0,-0.3370397306435718,-0.27272926619214605,-0.3370397306435718,NEGATIVE,0.0,2026-07-22T07:47:26.518563+00:00
FAILED_AUCTION_RECLAIM,NY/MARKDOWN/NORMAL/BTC_NEUTRAL,50,0,50,0,0.1,-0.24107008210822867,-0.23687170595114757,-0.34352001703905766,NEGATIVE,0.9062375909993376,2026-07-23T20:58:51.208677+00:00
FAILED_AUCTION_RECLAIM,OVERLAP/QUIET/EXPANDED/BTC_RISING,35,0,35,0,0.0,-0.35814731680263,-0.28651785344210534,-0.35814731680263,NEGATIVE,0.0,2026-07-21T15:56:55.834498+00:00
FAILED_AUCTION_RECLAIM,OFF_HOURS/MARKDOWN/COMPRESSED/BTC_NEUTRAL,50,0,50,0,0.06,-0.3475039992121392,-0.38112846853760163,-0.361468869122522,NEGATIVE,0.7393496595685312,2026-07-23T00:49:43.560741+00:00
FAILED_AUCTION_RECLAIM,OVERLAP/QUIET/EXPANDED/BTC_RISING/ALTCOIN,31,0,31,0,0.0,-0.377015400758449,-0.30161232060676096,-0.377015400758449,NEGATIVE,0.0,2026-07-21T15:15:41.454458+00:00
FAILED_AUCTION_RECLAIM,ASIA/MARKDOWN/NORMAL/BTC_NEUTRAL/MIDCAP,43,0,43,0,0.0,-0.37866850182528633,-0.307838725334522,-0.37866850182528633,NEGATIVE,0.0,2026-07-23T04:13:37.236183+00:00
FAILED_AUCTION_RECLAIM,NY/RANGE/NORMAL/BTC_NEUTRAL,50,0,50,0,0.14,-0.3971906472448745,-0.39986764967281074,-0.3859416988880894,NEGATIVE,-18.045499999980954,2026-07-23T22:22:16.463953+00:00
FAILED_AUCTION_RECLAIM,NY/RANGE/NORMAL/BTC_NEUTRAL/ALTCOIN,50,0,50,0,0.14,-0.3971906472448745,-0.39986764967281074,-0.3859416988880894,NEGATIVE,-18.045499999980954,2026-07-23T22:22:16.463967+00:00
FAILED_AUCTION_RECLAIM,ASIA/MARKDOWN/CASCADE/BTC_NEUTRAL/ALTCOIN,43,0,43,0,0.0,-0.3892507998453198,-0.3137006024873316,-0.3892507998453198,NEGATIVE,0.0,2026-07-22T07:47:26.518574+00:00
FAILED_AUCTION_RECLAIM,NY/QUIET/NORMAL/BTC_RISING/MAJOR,50,0,50,0,0.0,-0.4002400903894152,-0.3201920723115313,-0.4002400903894152,NEGATIVE,0.0,2026-07-21T18:16:38.092640+00:00
FAILED_AUCTION_RECLAIM,OVERLAP/RANGE/EXPANDED/BTC_RISING,26,0,26,0,0.0,-0.41089345437171765,-0.36907970404957907,-0.41089345437171765,NEGATIVE,0.0,2026-07-21T16:48:19.051596+00:00
FAILED_AUCTION_RECLAIM,OVERLAP/RANGE/EXPANDED/BTC_RISING/ALTCOIN,26,0,26,0,0.0,-0.41089345437171765,-0.36907970404957907,-0.41089345437171765,NEGATIVE,0.0,2026-07-21T16:48:19.051607+00:00
FAILED_AUCTION_RECLAIM,OVERLAP/DISTRIBUTION/EXPANDED/BTC_NEUTRAL/ALTCOIN,50,0,50,0,0.28,-0.33913688857615126,-0.28177948273240516,-0.4286503886629569,NEGATIVE,1.0,2026-07-22T14:27:55.606837+00:00
FAILED_AUCTION_RECLAIM,OVERLAP/RANGE/NORMAL/BTC_NEUTRAL/ALTCOIN,21,0,21,0,0.0,-0.43139665254148224,-0.7142001678575031,-0.43139665254148224,NEGATIVE,0.0,2026-07-22T14:43:32.543394+00:00
FAILED_AUCTION_RECLAIM,LONDON/DISTRIBUTION/NORMAL/BTC_NEUTRAL/ALTCOIN,50,0,50,0,0.34,-0.38630291817558077,-0.3089907009397902,-0.43207114147906966,NEGATIVE,0.6785576234788869,2026-07-23T10:28:17.113125+00:00
FAILED_AUCTION_RECLAIM,ASIA/VOLATILE_EXPANSION/CASCADE/BTC_NEUTRAL/MIDCAP,39,0,39,0,0.0,-0.4470929114749457,-0.35827160161248106,-0.4470929114749457,NEGATIVE,0.0,2026-07-22T05:18:45.543839+00:00
FAILED_AUCTION_RECLAIM,ASIA/QUIET/NORMAL/BTC_NEUTRAL,50,0,50,0,0.14,-0.4635590965958146,-0.393496209660607,-0.45762197693442236,NEGATIVE,-1.0359501420885997,2026-07-24T03:40:17.151829+00:00
FAILED_AUCTION_RECLAIM,LONDON/RANGE/NORMAL/BTC_RISING,50,0,50,0,0.0,-0.4592456638580495,-0.39882899034670016,-0.4592456638580495,NEGATIVE,0.0,2026-07-21T11:55:57.540723+00:00
FAILED_AUCTION_RECLAIM,LONDON/RANGE/NORMAL/BTC_RISING/ALTCOIN,50,0,50,0,0.0,-0.4592456638580495,-0.39882899034670016,-0.4592456638580495,NEGATIVE,0.0,2026-07-21T11:55:57.540750+00:00
FAILED_AUCTION_RECLAIM,ASIA/QUIET/NORMAL/BTC_NEUTRAL/MAJOR,50,0,50,0,0.18,-0.45443449676046505,-0.36354759740837117,-0.45933125786070245,NEGATIVE,0.24088920670262462,2026-07-24T02:11:50.175555+00:00
FAILED_AUCTION_RECLAIM,LONDON/MARKUP/COMPRESSED/BTC_NEUTRAL,18,0,18,0,0.0,-0.4593946648291339,-0.5528894846589143,-0.4593946648291339,NEGATIVE,0.0,2026-07-23T12:39:32.610693+00:00
FAILED_AUCTION_RECLAIM,LONDON/MARKUP/COMPRESSED/BTC_NEUTRAL/ALTCOIN,18,0,18,0,0.0,-0.4593946648291339,-0.5528894846589143,-0.4593946648291339,NEGATIVE,0.0,2026-07-23T12:39:32.610702+00:00
FAILED_AUCTION_RECLAIM,ASIA/QUIET/NORMAL/BTC_NEUTRAL/ALTCOIN,50,0,50,0,0.08,-0.46946373083498405,-0.40171285060657375,-0.4641064124325802,NEGATIVE,-2.0429999999995965,2026-07-24T03:40:17.151842+00:00
FAILED_AUCTION_RECLAIM,ASIA/MARKDOWN/COMPRESSED/BTC_FALLING,21,0,21,0,0.0,-0.46620046620047,-0.3729878288182203,-0.46620046620047,NEGATIVE,0.0,2026-07-17T05:32:03.370549+00:00
FAILED_AUCTION_RECLAIM,OFF_HOURS/QUIET/EXPANDED/BTC_RISING,28,0,28,0,0.0,-0.4668460724689472,-0.3734461296337045,-0.4668460724689472,NEGATIVE,0.0,2026-07-18T23:20:34.783404+00:00
FAILED_AUCTION_RECLAIM,NY/MARKDOWN/NORMAL/BTC_NEUTRAL/ALTCOIN,50,0,50,0,0.0,-0.47067909746538994,-0.42053972845199616,-0.47067909746538994,NEGATIVE,0.0,2026-07-23T18:22:31.028694+00:00
FAILED_AUCTION_RECLAIM,OFF_HOURS/RANGE/NORMAL/BTC_NEUTRAL,39,0,39,0,0.0,-0.49714955642858644,-1.0966226776185202,-0.49714955642858644,NEGATIVE,0.0,2026-07-15T23:13:41.220833+00:00
FAILED_AUCTION_RECLAIM,OFF_HOURS/DISTRIBUTION/NORMAL/BTC_NEUTRAL/ALTCOIN,50,0,50,0,0.22,-0.4469784114684623,-0.35757227432338795,-0.4973664974395675,NEGATIVE,1.0,2026-07-23T23:35:19.792643+00:00
FAILED_AUCTION_RECLAIM,OVERLAP/MARKUP/CASCADE/BTC_NEUTRAL,50,0,50,0,0.42,-0.47966555183946513,-0.5109430142050438,-0.5098260935629076,NEGATIVE,1.0,2026-07-20T15:50:29.854842+00:00
FAILED_AUCTION_RECLAIM,OFF_HOURS/MARKDOWN/CASCADE/BTC_NEUTRAL,50,0,50,0,0.0,-0.5178461538461506,-0.426853267018816,-0.5178461538461506,NEGATIVE,0.0,2026-07-19T23:22:43.768500+00:00
FAILED_AUCTION_RECLAIM,OFF_HOURS/MARKDOWN/CASCADE/BTC_NEUTRAL/ALTCOIN,50,0,50,0,0.0,-0.5178461538461506,-0.426853267018816,-0.5178461538461506,NEGATIVE,0.0,2026-07-19T23:22:43.768509+00:00
FAILED_AUCTION_RECLAIM,OVERLAP/MARKUP/NORMAL/BTC_NEUTRAL,50,2,48,0,0.26,-0.5225672462975667,-1.0204060818465108,-0.5375551418482087,NEGATIVE,-0.3350169517961055,2026-07-23T16:21:31.516829+00:00
FAILED_AUCTION_RECLAIM,ASIA/QUIET/NORMAL/BTC_RISING/ALTCOIN,22,0,22,0,0.0,-0.5647541846441247,-0.45180334771530306,-0.5647541846441247,NEGATIVE,0.0,2026-07-22T02:29:42.604293+00:00
FAILED_AUCTION_RECLAIM,OVERLAP/QUIET/COMPRESSED/BTC_NEUTRAL/ALTCOIN,16,0,16,0,0.5,-0.5456546403449039,-0.43071310589025696,-0.5668092195647593,NEGATIVE,1.0,2026-07-23T13:27:28.319943+00:00
FAILED_AUCTION_RECLAIM,OVERLAP/VOLATILE_EXPANSION/CASCADE/BTC_RISING/MAJOR,50,0,50,0,0.0,-0.5714903822403657,-0.45719230579229264,-0.5714903822403657,NEGATIVE,0.0,2026-07-21T16:48:19.051679+00:00
FAILED_AUCTION_RECLAIM,OFF_HOURS/DISTRIBUTION/NORMAL/BTC_NEUTRAL,50,0,50,0,0.22,-0.581109568577727,-0.46422202725868666,-0.5751246839754705,NEGATIVE,-0.48158068881689936,2026-07-23T23:45:42.949159+00:00
FAILED_AUCTION_RECLAIM,OVERLAP/ACCUMULATION/NORMAL/BTC_NEUTRAL,50,0,50,0,0.0,-0.5956582257001242,-1.3089775353776318,-0.5956582257001242,NEGATIVE,0.0,2026-07-23T16:31:57.545025+00:00
FAILED_AUCTION_RECLAIM,OVERLAP/ACCUMULATION/NORMAL/BTC_NEUTRAL/ALTCOIN,50,0,50,0,0.0,-0.5956582257001242,-1.3089775353776318,-0.5956582257001242,NEGATIVE,0.0,2026-07-23T16:31:57.545033+00:00
FAILED_AUCTION_RECLAIM,LONDON/MARKUP/NORMAL/BTC_NEUTRAL/ALTCOIN,29,0,29,0,0.13793103448275862,-0.47409944427559225,-0.1707756970999483,-0.6322038651205923,NEGATIVE,0.9529239150459248,2026-07-23T08:32:12.196387+00:00
FAILED_AUCTION_RECLAIM,LONDON/DISTRIBUTION/NORMAL/BTC_NEUTRAL/MAJOR,50,0,50,0,0.0,-0.6416629730651165,-0.5133303784520935,-0.6416629730651165,NEGATIVE,0.0,2026-07-23T08:26:53.549953+00:00
FAILED_AUCTION_RECLAIM,OVERLAP/MARKUP/NORMAL/BTC_FALLING,38,0,38,0,0.0,-0.6610587884230134,-0.5288470307384137,-0.6610587884230134,NEGATIVE,0.0,2026-07-13T14:57:50.045922+00:00
FAILED_AUCTION_RECLAIM,OVERLAP/MARKUP/NORMAL/BTC_NEUTRAL/ALTCOIN,31,0,31,0,0.0,-0.7030343706359743,-1.1903165177206636,-0.7030343706359743,NEGATIVE,0.0,2026-07-23T16:21:31.516840+00:00
FAILED_AUCTION_RECLAIM,NY/ACCUMULATION/NORMAL/BTC_RISING,21,0,21,0,0.0,-0.7448974125462046,-0.6117722999959636,-0.7448974125462046,NEGATIVE,0.0,2026-07-18T22:50:05.727633+00:00
FAILED_AUCTION_RECLAIM,LONDON/MARKUP/NORMAL/BTC_NEUTRAL,50,1,49,0,0.08,-0.6676117103138752,-0.7817663303703332,-0.7599519373246137,NEGATIVE,0.8501869789399564,2026-07-23T08:32:12.196375+00:00
FAILED_AUCTION_RECLAIM,ASIA/VOLATILE_EXPANSION/CASCADE/BTC_FALLING,50,0,50,0,0.0,-0.7907013352357594,-1.2413198722798309,-0.7907013352357594,NEGATIVE,0.0,2026-07-17T06:55:42.503728+00:00
FAILED_AUCTION_RECLAIM,OFF_HOURS/QUIET/COMPRESSED/BTC_NEUTRAL,50,0,50,0,0.08,-0.7853225739114498,-1.486377035986483,-0.8105843243707833,NEGATIVE,0.7354893617021261,2026-07-24T00:53:28.219526+00:00
FAILED_AUCTION_RECLAIM,OFF_HOURS/QUIET/COMPRESSED/BTC_NEUTRAL/ALTCOIN,50,1,49,0,0.1,-0.773015488234118,-1.4735313674446178,-0.8170828527869847,NEGATIVE,0.844894700069867,2026-07-24T00:53:28.219543+00:00
FAILED_AUCTION_RECLAIM,ASIA/QUIET/EXPANDED/BTC_NEUTRAL/MIDCAP,50,0,50,0,0.0,-0.8326689370231111,-0.7325299369151616,-0.8326689370231111,NEGATIVE,0.0,2026-07-22T05:34:02.294575+00:00
FAILED_AUCTION_RECLAIM,NY/VOLATILE_EXPANSION/CASCADE/BTC_NEUTRAL/ALTCOIN,41,1,40,0,0.12195121951219512,-0.8819160613143331,-1.0534916372598686,-0.8797368762420025,NEGATIVE,-2.62288968109379,2026-07-23T17:40:37.067187+00:00
FAILED_AUCTION_RECLAIM,LONDON/MARKDOWN/NORMAL/BTC_NEUTRAL/MIDCAP,18,0,18,0,0.1111111111111111,-0.8872368264541455,-2.0305387819126355,-0.8884276829228251,NEGATIVE,1.0,2026-07-22T08:02:47.562177+00:00
FAILED_AUCTION_RECLAIM,NY/DISTRIBUTION/NORMAL/BTC_RISING,50,0,50,0,0.1,-0.8773458326312619,-0.8154470625481324,-0.890151072647183,NEGATIVE,1.0,2026-07-21T18:52:49.106126+00:00
FAILED_AUCTION_RECLAIM,ASIA/DISTRIBUTION/NORMAL/BTC_RISING,47,0,47,0,0.06382978723404255,-0.8563544212611592,-1.4817966713854689,-0.9087291607974912,NEGATIVE,1.0,2026-07-22T03:56:56.025090+00:00
FAILED_AUCTION_RECLAIM,ASIA/RANGE/EXPANDED/BTC_NEUTRAL,50,0,50,0,0.0,-0.9384588441330999,-0.884230519655856,-0.9384588441330999,NEGATIVE,0.0,2026-07-22T05:54:30.317608+00:00
FAILED_AUCTION_RECLAIM,LONDON/MARKUP/COMPRESSED/BTC_FALLING,33,0,33,0,0.0,-0.9392491796950398,-1.12482280830186,-0.9392491796950398,NEGATIVE,0.0,2026-07-17T11:15:45.582420+00:00
FAILED_AUCTION_RECLAIM,LONDON/MARKDOWN/NORMAL/BTC_FALLING,33,0,33,0,0.0,-1.0,-0.9472626055526779,-1.0,NEGATIVE,0.0,2026-07-17T10:18:58.214384+00:00
FAILED_AUCTION_RECLAIM,OVERLAP/DISTRIBUTION/NORMAL/BTC_FALLING,26,0,26,0,0.0,-1.0,-1.0410123127671047,-1.0,NEGATIVE,0.0,2026-07-13T14:27:40.271471+00:00
FAILED_AUCTION_RECLAIM,OVERLAP/MARKDOWN/NORMAL/BTC_FALLING,16,0,16,0,0.0,-1.0,-0.8205990220048904,-1.0,NEGATIVE,0.0,2026-07-17T13:46:15.285266+00:00
FAILED_AUCTION_RECLAIM,LONDON/MARKDOWN/COMPRESSED/BTC_NEUTRAL,26,0,26,0,0.0,-1.0,-0.7999999999999996,-1.0,NEGATIVE,0.0,2026-07-16T11:29:36.715336+00:00
FAILED_AUCTION_RECLAIM,OFF_HOURS/DISTRIBUTION/EXPANDED/BTC_NEUTRAL,39,0,39,0,0.0,-1.0,-1.038973332733728,-1.0,NEGATIVE,0.0,2026-07-20T00:23:51.075118+00:00
FAILED_AUCTION_RECLAIM,OFF_HOURS/DISTRIBUTION/EXPANDED/BTC_NEUTRAL/ALTCOIN,39,0,39,0,0.0,-1.0,-1.038973332733728,-1.0,NEGATIVE,0.0,2026-07-20T00:23:51.075126+00:00
FAILED_AUCTION_RECLAIM,ASIA/RANGE/EXPANDED/BTC_NEUTRAL/ALTCOIN,50,0,50,0,0.0,-1.0,-0.8861522744347538,-1.0,NEGATIVE,0.0,2026-07-22T04:37:58.542374+00:00
FAILED_AUCTION_RECLAIM,NY/DISTRIBUTION/NORMAL/BTC_RISING/MAJOR,40,0,40,0,0.0,-1.0,-0.7999999999999968,-1.0,NEGATIVE,0.0,2026-07-21T17:55:55.397475+00:00
FAILED_AUCTION_RECLAIM,ASIA/MARKDOWN/COMPRESSED/BTC_RISING/MIDCAP,16,0,16,0,0.0,-1.0,-2.0823986523204017,-1.0,NEGATIVE,0.0,2026-07-22T01:23:18.184673+00:00
FAILED_AUCTION_RECLAIM,ASIA/DISTRIBUTION/NORMAL/BTC_RISING/MIDCAP,22,0,22,0,0.0,-1.0,-2.8772031889678953,-1.0,NEGATIVE,0.0,2026-07-22T01:28:26.486266+00:00
FAILED_AUCTION_RECLAIM,ASIA/DISTRIBUTION/NORMAL/BTC_RISING/ALTCOIN,22,0,22,0,0.0,-1.0,-0.7999999999999985,-1.0,NEGATIVE,0.0,2026-07-22T03:56:56.025099+00:00
FAILED_AUCTION_RECLAIM,NY/QUIET/COMPRESSED/BTC_NEUTRAL,50,0,50,0,0.0,-1.1067462635106595,-1.5869921819870334,-1.1067462635106595,NEGATIVE,0.0,2026-07-23T22:53:29.669181+00:00
FAILED_AUCTION_RECLAIM,NY/QUIET/COMPRESSED/BTC_NEUTRAL/MIDCAP,50,0,50,0,0.0,-1.1067462635106595,-1.5869921819870334,-1.1067462635106595,NEGATIVE,0.0,2026-07-23T22:53:29.669198+00:00
FAILED_AUCTION_RECLAIM,NY/DISTRIBUTION/EXPANDED/BTC_NEUTRAL/ALTCOIN,50,0,50,0,0.0,-1.128253241953305,-1.4361092952937355,-1.128253241953305,NEGATIVE,0.0,2026-07-23T17:51:04.677349+00:00
FAILED_AUCTION_RECLAIM,NY/DISTRIBUTION/NORMAL/BTC_NEUTRAL/MAJOR,50,0,50,0,0.04,-1.1455979071207425,-0.91669211166875,-1.1415448338083358,NEGATIVE,-3.5875476190468247,2026-07-23T20:27:38.566224+00:00
FAILED_AUCTION_RECLAIM,NY/DISTRIBUTION/EXPANDED/BTC_NEUTRAL,50,0,50,0,0.0,-1.1833970933962188,-0.968719254565328,-1.1833970933962188,NEGATIVE,0.0,2026-07-23T20:17:15.417943+00:00
FAILED_AUCTION_RECLAIM,NY/DISTRIBUTION/EXPANDED/BTC_NEUTRAL/MAJOR,33,0,33,0,0.0,-1.1874999999999991,-0.9500000000000071,-1.1874999999999991,NEGATIVE,0.0,2026-07-23T20:17:15.417955+00:00
FAILED_AUCTION_RECLAIM,OVERLAP/DISTRIBUTION/NORMAL/BTC_NEUTRAL/MAJOR,22,0,22,0,0.0,-1.1875000000000002,-0.949999999999998,-1.1875000000000002,NEGATIVE,0.0,2026-07-22T13:51:39.884235+00:00
FAILED_AUCTION_RECLAIM,ASIA/DISTRIBUTION/NORMAL/BTC_NEUTRAL/MAJOR,26,0,26,0,0.0,-1.1875000000000002,-0.9499999999999985,-1.1875000000000002,NEGATIVE,0.0,2026-07-23T07:39:45.343317+00:00
FAILED_AUCTION_RECLAIM,OFF_HOURS/ACCUMULATION/NORMAL/BTC_NEUTRAL,6,0,6,0,0.6666666666666666,0.32421612732860017,0.4169209497226854,,INSUFFICIENT_DATA,1.0,2026-07-17T23:04:22.122163+00:00
FAILED_AUCTION_RECLAIM,ASIA/QUIET/EXPANDED/BTC_FALLING,12,0,12,0,0.5833333333333334,-0.029036170111012505,-0.02322893608880981,,INSUFFICIENT_DATA,1.0,2026-07-13T06:36:31.792938+00:00
FAILED_AUCTION_RECLAIM,ASIA/MARKDOWN/NORMAL/BTC_FALLING,2,1,1,0,0.5,-0.47021278497056174,-1.1597138163281704,,INSUFFICIENT_DATA,-8.583374715892816,2026-07-17T07:14:30.402132+00:00
FAILED_AUCTION_RECLAIM,ASIA/DISTRIBUTION/NORMAL/BTC_FALLING,8,0,8,0,0.75,-0.12173343287513154,-0.4807936859950021,,INSUFFICIENT_DATA,1.0,2026-07-17T07:19:35.162008+00:00
FAILED_AUCTION_RECLAIM,LONDON/ACCUMULATION/NORMAL/BTC_FALLING,1,0,1,0,0.0,-0.2545454031221445,-0.31818985327912747,,INSUFFICIENT_DATA,0.0,2026-07-13T08:02:32.696673+00:00
FAILED_AUCTION_RECLAIM,LONDON/VOLATILE_EXPANSION/CASCADE/BTC_FALLING,9,0,9,0,1.0,0.903039612717044,1.4379957008376048,,INSUFFICIENT_DATA,1.0,2026-07-13T09:18:24.223145+00:00
FAILED_AUCTION_RECLAIM,LONDON/RANGE/NORMAL/BTC_FALLING,9,0,9,0,0.8888888888888888,0.31632011689378314,0.3597843173547789,,INSUFFICIENT_DATA,1.0,2026-07-17T08:16:09.541203+00:00
FAILED_AUCTION_RECLAIM,NY/RANGE/NORMAL/BTC_FALLING,9,0,9,0,0.0,-0.7826086956521766,-1.8218623481781455,,INSUFFICIENT_DATA,0.0,2026-07-13T19:14:45.548555+00:00
FAILED_AUCTION_RECLAIM,NY/ACCUMULATION/NORMAL/BTC_FALLING,2,0,2,0,1.0,0.06731642942864839,0.13974966581602757,,INSUFFICIENT_DATA,1.0,2026-07-13T21:10:56.466423+00:00
FAILED_AUCTION_RECLAIM,NY/MARKUP/NORMAL/BTC_FALLING,8,0,8,0,1.0,1.829395325203252,1.4635162601626046,,INSUFFICIENT_DATA,1.0,2026-07-13T21:41:13.995155+00:00
FAILED_AUCTION_RECLAIM,OFF_HOURS/ACCUMULATION/NORMAL/BTC_FALLING,5,0,5,0,0.0,-0.7976878612716899,-0.6381502890173456,,INSUFFICIENT_DATA,0.0,2026-07-14T00:02:11.691762+00:00
FAILED_AUCTION_RECLAIM,OFF_HOURS/QUIET/NORMAL/BTC_FALLING,3,0,3,0,0.0,-0.43922696054942584,-0.35138156843954316,,INSUFFICIENT_DATA,0.0,2026-07-14T00:37:27.864291+00:00
FAILED_AUCTION_RECLAIM,OVERLAP/MARKDOWN/CASCADE/BTC_RISING,9,0,9,0,0.5555555555555556,0.016406017788492724,0.05095442154344242,,INSUFFICIENT_DATA,1.0,2026-07-21T16:43:08.051766+00:00
FAILED_AUCTION_RECLAIM,NY/MARKDOWN/EXPANDED/BTC_RISING,9,0,9,0,0.0,-1.0,-0.8290726714927307,,INSUFFICIENT_DATA,0.0,2026-07-15T17:34:00.562228+00:00
FAILED_AUCTION_RECLAIM,NY/MARKUP/EXPANDED/BTC_NEUTRAL,8,1,7,0,0.0,-0.6103186752017808,-1.2871699376158157,,INSUFFICIENT_DATA,-1.414929648241211,2026-07-17T00:47:08.693334+00:00
FAILED_AUCTION_RECLAIM,OVERLAP/MARKDOWN/EXPANDED/BTC_FALLING,2,0,2,0,1.0,1.9999999982112655,2.110533048303992,,INSUFFICIENT_DATA,1.0,2026-07-17T14:46:37.243678+00:00
FAILED_AUCTION_RECLAIM,OVERLAP/RANGE/EXPANDED/BTC_FALLING,1,0,1,0,1.0,1.9999999982112655,2.110533048303992,,INSUFFICIENT_DATA,1.0,2026-07-17T14:46:37.243784+00:00
FAILED_AUCTION_RECLAIM,OFF_HOURS/MARKUP/COMPRESSED/BTC_NEUTRAL,11,0,11,0,0.6363636363636364,0.45621288034625634,1.285591363377607,,INSUFFICIENT_DATA,0.9510484314541331,2026-07-23T23:40:32.461230+00:00
FAILED_AUCTION_RECLAIM,OVERLAP/ACCUMULATION/EXPANDED/BTC_NEUTRAL,2,0,2,0,1.0,1.035348355651933,1.1375831723545882,,INSUFFICIENT_DATA,1.0,2026-07-18T14:09:16.572660+00:00
FAILED_AUCTION_RECLAIM,NY/MARKUP/NORMAL/BTC_RISING,1,0,1,0,1.0,0.14879446722653003,0.14068655036578515,,INSUFFICIENT_DATA,1.0,2026-07-18T19:35:53.074952+00:00
FAILED_AUCTION_RECLAIM,NY/ACCUMULATION/EXPANDED/BTC_RISING,12,0,12,0,0.0,-0.25710571049892245,-0.32460818042691,,INSUFFICIENT_DATA,0.0,2026-07-18T20:11:21.687138+00:00
FAILED_AUCTION_RECLAIM,NY/RANGE/NORMAL/BTC_RISING,8,0,8,0,1.0,0.10797581341780195,0.086380650734242,,INSUFFICIENT_DATA,1.0,2026-07-18T23:00:17.698746+00:00
FAILED_AUCTION_RECLAIM,ASIA/QUIET/EXPANDED/BTC_RISING,5,0,5,0,1.0,0.6869772998805227,0.549581839904421,,INSUFFICIENT_DATA,1.0,2026-07-19T01:17:04.905282+00:00
FAILED_AUCTION_RECLAIM,ASIA/RANGE/NORMAL/BTC_RISING,3,0,3,0,1.0,1.8704729055096625,5.6114187165289975,,INSUFFICIENT_DATA,1.0,2026-07-19T01:22:11.414723+00:00
FAILED_AUCTION_RECLAIM,ASIA/MARKUP/NORMAL/BTC_RISING,1,0,1,0,0.0,-0.2715085694892237,-0.5790807093738675,,INSUFFICIENT_DATA,0.0,2026-07-19T03:49:00.167365+00:00
FAILED_AUCTION_RECLAIM,ASIA/ACCUMULATION/EXPANDED/BTC_NEUTRAL,1,1,0,0,0.0,-1.0,-2.1357395431811654,,INSUFFICIENT_DATA,-7.36736263736257,2026-07-19T06:30:07.210294+00:00
FAILED_AUCTION_RECLAIM,LONDON/MARKUP/EXPANDED/BTC_NEUTRAL,11,0,11,0,1.0,1.48918918918919,4.467567567567569,,INSUFFICIENT_DATA,1.0,2026-07-19T08:10:37.464526+00:00
FAILED_AUCTION_RECLAIM,LONDON/DISTRIBUTION/EXPANDED/BTC_NEUTRAL/ALTCOIN,9,0,9,0,1.0,0.6583830113241926,0.8982084823542854,,INSUFFICIENT_DATA,1.0,2026-07-19T12:43:25.881336+00:00
FAILED_AUCTION_RECLAIM,OVERLAP/MARKUP/COMPRESSED/BTC_NEUTRAL,1,0,1,0,0.0,-0.03649635036496433,-0.0887311446317679,,INSUFFICIENT_DATA,0.0,2026-07-19T14:55:49.201059+00:00
FAILED_AUCTION_RECLAIM,OVERLAP/MARKUP/COMPRESSED/BTC_NEUTRAL/ALTCOIN,1,0,1,0,0.0,-0.03649635036496433,-0.0887311446317679,,INSUFFICIENT_DATA,0.0,2026-07-19T14:55:49.201080+00:00
FAILED_AUCTION_RECLAIM,OVERLAP/DISTRIBUTION/NORMAL/BTC_NEUTRAL/MIDCAP,2,0,2,0,1.0,0.061508180588026755,0.12330456226882032,,INSUFFICIENT_DATA,1.0,2026-07-19T15:31:34.650291+00:00
FAILED_AUCTION_RECLAIM,NY/QUIET/EXPANDED/BTC_NEUTRAL/MIDCAP,12,0,12,0,0.75,0.3578112568472321,0.28299577295539263,,INSUFFICIENT_DATA,0.8889620264962063,2026-07-22T20:30:45.199545+00:00
FAILED_AUCTION_RECLAIM,NY/QUIET/EXPANDED/BTC_NEUTRAL/ALTCOIN,4,0,4,0,1.0,0.15162652298312992,0.17636684303351205,,INSUFFICIENT_DATA,1.0,2026-07-19T18:48:01.045458+00:00
FAILED_AUCTION_RECLAIM,OFF_HOURS/QUIET/EXPANDED/BTC_NEUTRAL/MAJOR,5,0,5,0,1.0,0.40659142856699093,0.3252731428535933,,INSUFFICIENT_DATA,1.0,2026-07-19T23:12:35.785140+00:00
FAILED_AUCTION_RECLAIM,OFF_HOURS/QUIET/EXPANDED/BTC_NEUTRAL/MIDCAP,10,0,10,0,0.2,0.004788535777869657,0.003830828622296254,,INSUFFICIENT_DATA,1.0,2026-07-19T23:17:39.917825+00:00
FAILED_AUCTION_RECLAIM,OFF_HOURS/VOLATILE_EXPANSION/CASCADE/BTC_NEUTRAL/ALTCOIN,4,0,4,0,0.0,-1.0,-1.0357617641796264,,INSUFFICIENT_DATA,0.0,2026-07-19T23:22:43.769842+00:00
FAILED_AUCTION_RECLAIM,OFF_HOURS/MARKDOWN/EXPANDED/BTC_NEUTRAL/ALTCOIN,1,0,1,0,0.0,-1.0,-1.0389733327337285,,INSUFFICIENT_DATA,0.0,2026-07-20T00:18:45.581085+00:00
FAILED_AUCTION_RECLAIM,OFF_HOURS/MARKDOWN/NORMAL/BTC_NEUTRAL,7,0,7,0,1.0,1.1117324386217196,0.8893859508973768,,INSUFFICIENT_DATA,1.0,2026-07-20T00:39:18.565938+00:00
FAILED_AUCTION_RECLAIM,OFF_HOURS/MARKDOWN/NORMAL/BTC_NEUTRAL/ALTCOIN,7,0,7,0,1.0,1.1117324386217196,0.8893859508973768,,INSUFFICIENT_DATA,1.0,2026-07-20T00:39:18.565953+00:00
FAILED_AUCTION_RECLAIM,NY/ACCUMULATION/EXPANDED/BTC_NEUTRAL,1,1,0,0,1.0,1.4999999999999702,0.9650687690625511,,INSUFFICIENT_DATA,1.0,2026-07-20T00:55:13.127471+00:00
FAILED_AUCTION_RECLAIM,NY/ACCUMULATION/EXPANDED/BTC_NEUTRAL/ALTCOIN,1,1,0,0,1.0,1.4999999999999702,0.9650687690625511,,INSUFFICIENT_DATA,1.0,2026-07-20T00:55:13.886782+00:00
FAILED_AUCTION_RECLAIM,OVERLAP/QUIET/NORMAL/BTC_NEUTRAL/MAJOR,10,0,10,0,0.4,-0.5342788038698312,-0.4274230430958658,,INSUFFICIENT_DATA,0.46703125000000595,2026-07-22T14:43:32.543575+00:00
FAILED_AUCTION_RECLAIM,NY/MARKUP/COMPRESSED/BTC_NEUTRAL/ALTCOIN,4,0,4,0,1.0,0.23314431710018188,0.45841759693833384,,INSUFFICIENT_DATA,0.8593972144329719,2026-07-23T21:50:56.771684+00:00
FAILED_AUCTION_RECLAIM,NY/MARKUP/COMPRESSED/BTC_NEUTRAL/MIDCAP,5,0,5,0,0.0,-0.24222239043221813,-0.6256109481916018,,INSUFFICIENT_DATA,0.0,2026-07-20T21:09:06.942827+00:00
FAILED_AUCTION_RECLAIM,ASIA/MARKUP/COMPRESSED/BTC_RISING,11,0,11,0,0.09090909090909091,-0.18622514773988819,-0.356129694334911,,INSUFFICIENT_DATA,1.0,2026-07-21T04:51:38.230531+00:00
FAILED_AUCTION_RECLAIM,ASIA/MARKUP/COMPRESSED/BTC_RISING/ALTCOIN,11,0,11,0,0.09090909090909091,-0.18622514773988819,-0.356129694334911,,INSUFFICIENT_DATA,1.0,2026-07-21T04:51:38.230540+00:00
FAILED_AUCTION_RECLAIM,LONDON/QUIET/COMPRESSED/BTC_RISING/MIDCAP,7,0,7,0,0.0,-0.25297239577989405,-0.20416909407493136,,INSUFFICIENT_DATA,0.0,2026-07-21T10:43:47.033358+00:00
FAILED_AUCTION_RECLAIM,LONDON/QUIET/COMPRESSED/BTC_RISING/MAJOR,6,0,6,0,1.0,0.4015620394930813,0.32124963159446307,,INSUFFICIENT_DATA,1.0,2026-07-21T12:06:37.345718+00:00
FAILED_AUCTION_RECLAIM,LONDON/DISTRIBUTION/NORMAL/BTC_RISING,7,0,7,0,1.0,0.35115098150225904,0.2809207852018084,,INSUFFICIENT_DATA,1.0,2026-07-21T12:37:52.499217+00:00
FAILED_AUCTION_RECLAIM,LONDON/DISTRIBUTION/NORMAL/BTC_RISING/ALTCOIN,7,0,7,0,1.0,0.35115098150225904,0.2809207852018084,,INSUFFICIENT_DATA,1.0,2026-07-21T12:37:52.499225+00:00
FAILED_AUCTION_RECLAIM,OVERLAP/QUIET/COMPRESSED/BTC_RISING/MAJOR,9,0,9,0,1.0,0.41913958302826915,0.3353116664226124,,INSUFFICIENT_DATA,1.0,2026-07-21T13:08:59.012172+00:00
FAILED_AUCTION_RECLAIM,OVERLAP/QUIET/NORMAL/BTC_RISING,11,0,11,0,0.0,-1.0,-0.8288895192171314,,INSUFFICIENT_DATA,0.0,2026-07-21T15:10:08.721934+00:00
FAILED_AUCTION_RECLAIM,OVERLAP/QUIET/NORMAL/BTC_RISING/MIDCAP,8,0,8,0,0.0,-1.0,-0.8000000000000018,,INSUFFICIENT_DATA,0.0,2026-07-21T15:10:08.721946+00:00
FAILED_AUCTION_RECLAIM,OVERLAP/MARKDOWN/NORMAL/BTC_RISING,14,0,14,0,0.8571428571428571,1.7142857142856873,1.403484865408234,,INSUFFICIENT_DATA,1.0,2026-07-21T15:46:38.624289+00:00
FAILED_AUCTION_RECLAIM,OVERLAP/MARKDOWN/NORMAL/BTC_RISING/ALTCOIN,14,0,14,0,0.8571428571428571,1.7142857142856873,1.403484865408234,,INSUFFICIENT_DATA,1.0,2026-07-21T15:46:38.624299+00:00
FAILED_AUCTION_RECLAIM,OVERLAP/MARKDOWN/COMPRESSED/BTC_RISING,2,0,2,0,1.0,0.2582644628099266,0.2066115702479398,,INSUFFICIENT_DATA,1.0,2026-07-21T14:54:33.271020+00:00
FAILED_AUCTION_RECLAIM,OVERLAP/MARKDOWN/COMPRESSED/BTC_RISING/ALTCOIN,2,0,2,0,1.0,0.2582644628099266,0.2066115702479398,,INSUFFICIENT_DATA,1.0,2026-07-21T14:54:33.271027+00:00
FAILED_AUCTION_RECLAIM,OVERLAP/QUIET/NORMAL/BTC_RISING/ALTCOIN,3,0,3,0,0.0,-1.0,-0.9059282371294771,,INSUFFICIENT_DATA,0.0,2026-07-21T14:59:42.562714+00:00
FAILED_AUCTION_RECLAIM,OVERLAP/MARKUP/EXPANDED/BTC_RISING,2,0,2,0,0.5,-0.09722204218140122,-0.10806916426512776,,INSUFFICIENT_DATA,1.0,2026-07-21T15:31:15.506506+00:00
FAILED_AUCTION_RECLAIM,OVERLAP/MARKUP/EXPANDED/BTC_RISING/ALTCOIN,2,0,2,0,0.5,-0.09722204218140122,-0.10806916426512776,,INSUFFICIENT_DATA,1.0,2026-07-21T15:31:15.506554+00:00
FAILED_AUCTION_RECLAIM,OVERLAP/DISTRIBUTION/EXPANDED/BTC_RISING,6,0,6,0,1.0,0.12962938957520762,0.14409221902017702,,INSUFFICIENT_DATA,1.0,2026-07-21T15:31:15.508694+00:00
FAILED_AUCTION_RECLAIM,OVERLAP/DISTRIBUTION/EXPANDED/BTC_RISING/ALTCOIN,6,0,6,0,1.0,0.12962938957520762,0.14409221902017702,,INSUFFICIENT_DATA,1.0,2026-07-21T15:31:15.508709+00:00
FAILED_AUCTION_RECLAIM,OVERLAP/QUIET/EXPANDED/BTC_RISING/MIDCAP,4,0,4,0,0.0,-0.21191966614503166,-0.16953573291602486,,INSUFFICIENT_DATA,0.0,2026-07-21T15:56:55.834512+00:00
FAILED_AUCTION_RECLAIM,OVERLAP/MARKDOWN/CASCADE/BTC_RISING/MAJOR,2,0,2,0,0.0,-0.15298846103979713,-0.12239076883183715,,INSUFFICIENT_DATA,0.0,2026-07-21T16:43:08.051780+00:00
FAILED_AUCTION_RECLAIM,NY/VOLATILE_EXPANSION/CASCADE/BTC_RISING/ALTCOIN,12,0,12,0,0.4166666666666667,0.11546102307148574,0.13179966450995162,,INSUFFICIENT_DATA,1.0,2026-07-21T18:21:45.040947+00:00
FAILED_AUCTION_RECLAIM,NY/QUIET/NORMAL/BTC_RISING/ALTCOIN,9,0,9,0,1.0,0.11962878217679858,0.09571154834350144,,INSUFFICIENT_DATA,1.0,2026-07-21T18:47:39.841440+00:00
FAILED_AUCTION_RECLAIM,NY/DISTRIBUTION/NORMAL/BTC_RISING/MIDCAP,5,0,5,0,1.0,0.22654167368738337,0.18123333894990826,,INSUFFICIENT_DATA,1.0,2026-07-21T18:52:49.106138+00:00
FAILED_AUCTION_RECLAIM,NY/MARKDOWN/COMPRESSED/BTC_RISING,6,0,6,0,1.0,0.563568341331678,0.8327994875080137,,INSUFFICIENT_DATA,1.0,2026-07-21T18:52:49.105079+00:00
FAILED_AUCTION_RECLAIM,NY/MARKDOWN/COMPRESSED/BTC_RISING/ALTCOIN,6,0,6,0,1.0,0.563568341331678,0.8327994875080137,,INSUFFICIENT_DATA,1.0,2026-07-21T18:52:49.105096+00:00
FAILED_AUCTION_RECLAIM,NY/DISTRIBUTION/NORMAL/BTC_RISING/ALTCOIN,7,0,7,0,0.0,-1.0,-1.6112171174508956,,INSUFFICIENT_DATA,0.0,2026-07-21T18:52:49.105736+00:00
FAILED_AUCTION_RECLAIM,NY/DISTRIBUTION/EXPANDED/BTC_RISING/ALTCOIN,2,0,2,0,1.0,0.6207170523388593,0.5159958720330242,,INSUFFICIENT_DATA,1.0,2026-07-21T18:57:54.823504+00:00
FAILED_AUCTION_RECLAIM,NY/MARKUP/NORMAL/BTC_NEUTRAL/ALTCOIN,14,0,14,0,0.0,-0.0440920509748215,-0.05866823115283243,,INSUFFICIENT_DATA,0.0,2026-07-21T19:28:46.245336+00:00
FAILED_AUCTION_RECLAIM,OFF_HOURS/MARKUP/COMPRESSED/BTC_NEUTRAL/ALTCOIN,4,0,4,0,1.0,0.4333525580135876,0.9347500662368592,,INSUFFICIENT_DATA,0.9257241940280229,2026-07-23T23:40:32.451910+00:00
FAILED_AUCTION_RECLAIM,OFF_HOURS/QUIET/NORMAL/BTC_RISING,1,0,1,0,1.0,1.050741250191044,0.8405930001528308,,INSUFFICIENT_DATA,1.0,2026-07-22T00:32:12.467646+00:00
FAILED_AUCTION_RECLAIM,OFF_HOURS/QUIET/NORMAL/BTC_RISING/MIDCAP,1,0,1,0,1.0,1.050741250191044,0.8405930001528308,,INSUFFICIENT_DATA,1.0,2026-07-22T00:32:12.467667+00:00
FAILED_AUCTION_RECLAIM,OFF_HOURS/MARKDOWN/COMPRESSED/BTC_RISING/ALTCOIN,1,0,1,0,1.0,0.5112474437627764,0.40899795501022246,,INSUFFICIENT_DATA,1.0,2026-07-22T00:37:18.966754+00:00
FAILED_AUCTION_RECLAIM,OFF_HOURS/MARKDOWN/COMPRESSED/BTC_NEUTRAL/ALTCOIN,3,0,3,0,1.0,0.35456967864718925,0.2836557429177515,,INSUFFICIENT_DATA,0.7393496595685312,2026-07-23T00:49:43.560753+00:00
FAILED_AUCTION_RECLAIM,ASIA/MARKDOWN/NORMAL/BTC_RISING/MIDCAP,2,0,2,0,0.0,-1.0,-2.8772031889678935,,INSUFFICIENT_DATA,0.0,2026-07-22T01:23:18.194846+00:00
FAILED_AUCTION_RECLAIM,ASIA/QUIET/COMPRESSED/BTC_RISING/MIDCAP,5,0,5,0,0.0,-0.36863426877319383,-0.29490741501855194,,INSUFFICIENT_DATA,0.0,2026-07-22T03:26:17.393572+00:00
FAILED_AUCTION_RECLAIM,ASIA/RANGE/EXPANDED/BTC_NEUTRAL/MIDCAP,7,0,7,0,0.0,-0.5604203152364254,-0.786240786240784,,INSUFFICIENT_DATA,0.0,2026-07-22T05:54:30.317615+00:00
FAILED_AUCTION_RECLAIM,LONDON/VOLATILE_EXPANSION/CASCADE/BTC_NEUTRAL/MIDCAP,7,0,7,0,1.0,0.4328282664312352,0.4824135613471699,,INSUFFICIENT_DATA,1.0,2026-07-22T08:59:03.347181+00:00
FAILED_AUCTION_RECLAIM,LONDON/QUIET/NORMAL/BTC_NEUTRAL/MAJOR,5,0,5,0,1.0,0.11674431932755214,0.09339545546204217,,INSUFFICIENT_DATA,1.0,2026-07-22T09:14:22.648907+00:00
FAILED_AUCTION_RECLAIM,LONDON/DISTRIBUTION/EXPANDED/BTC_NEUTRAL/MIDCAP,12,0,12,0,0.3333333333333333,-0.008050357756916768,-0.01761750338037416,,INSUFFICIENT_DATA,1.0,2026-07-22T09:14:22.661411+00:00
FAILED_AUCTION_RECLAIM,OVERLAP/MARKDOWN/COMPRESSED/BTC_NEUTRAL/MIDCAP,14,0,14,0,1.0,0.24880187325549258,0.30426313304218117,,INSUFFICIENT_DATA,0.6697949072039892,2026-07-23T14:25:02.636865+00:00
FAILED_AUCTION_RECLAIM,OVERLAP/MARKUP/NORMAL/BTC_NEUTRAL/MIDCAP,5,1,4,0,0.0,-1.051596151390012,-3.0374130449148664,,INSUFFICIENT_DATA,-33.42118689403614,2026-07-22T14:48:42.441965+00:00
FAILED_AUCTION_RECLAIM,OVERLAP/QUIET/COMPRESSED/BTC_NEUTRAL/MIDCAP,14,0,14,0,0.9285714285714286,0.16814722007747587,0.2560313359643929,,INSUFFICIENT_DATA,0.699280062752844,2026-07-23T13:27:28.320677+00:00
FAILED_AUCTION_RECLAIM,NY/MARKDOWN/EXPANDED/BTC_NEUTRAL,2,0,2,0,0.0,-0.45458680234351045,-0.4663055511624238,,INSUFFICIENT_DATA,0.0,2026-07-22T19:23:19.106349+00:00
FAILED_AUCTION_RECLAIM,NY/MARKDOWN/EXPANDED/BTC_NEUTRAL/ALTCOIN,2,0,2,0,0.0,-0.45458680234351045,-0.4663055511624238,,INSUFFICIENT_DATA,0.0,2026-07-22T19:23:19.106358+00:00
FAILED_AUCTION_RECLAIM,OFF_HOURS/QUIET/NORMAL/BTC_NEUTRAL/MAJOR,6,0,6,0,1.0,0.2048779440662564,0.16390235525300464,,INSUFFICIENT_DATA,0.5221443946188288,2026-07-23T00:08:14.855377+00:00
FAILED_AUCTION_RECLAIM,ASIA/RANGE/NORMAL/BTC_NEUTRAL/MIDCAP,14,0,14,0,1.0,1.886095826063624,2.483792859667734,,INSUFFICIENT_DATA,0.9430479130318078,2026-07-23T04:42:57.260609+00:00
FAILED_AUCTION_RECLAIM,LONDON/RANGE/NORMAL/BTC_NEUTRAL/MIDCAP,1,1,0,0,0.0,-1.1661098438367856,-3.000000000000002,,INSUFFICIENT_DATA,-4.70684210526318,2026-07-23T08:25:14.016773+00:00
FAILED_AUCTION_RECLAIM,OVERLAP/DISTRIBUTION/EXPANDED/BTC_NEUTRAL/MIDCAP,13,0,13,0,0.8461538461538461,0.7518191145737376,0.5429785167477144,,INSUFFICIENT_DATA,0.8349562875808614,2026-07-23T16:53:10.791335+00:00
FAILED_AUCTION_RECLAIM,OVERLAP/QUIET/EXPANDED/BTC_NEUTRAL/MAJOR,13,0,13,0,0.0,-0.39465489518983976,-0.3157239161518704,,INSUFFICIENT_DATA,0.0,2026-07-23T16:42:36.545550+00:00
FAILED_AUCTION_RECLAIM,NY/QUIET/NORMAL/BTC_NEUTRAL/ALTCOIN,7,0,7,0,0.42857142857142855,-0.328539475121213,-0.26283158009696955,,INSUFFICIENT_DATA,-2.497999999999276,2026-07-23T21:14:23.658127+00:00
FAILED_AUCTION_RECLAIM,NY/MARKDOWN/NORMAL/BTC_NEUTRAL/MIDCAP,5,0,5,0,1.0,1.8124751819986624,1.4497882477501247,,INSUFFICIENT_DATA,0.9062375909993376,2026-07-23T20:58:51.208687+00:00
FAILED_AUCTION_RECLAIM,OFF_HOURS/MARKUP/COMPRESSED/BTC_NEUTRAL/MIDCAP,3,0,3,0,1.0,1.2035850752978123,3.610755225893444,,INSUFFICIENT_DATA,0.9601143943197302,2026-07-23T23:40:32.461247+00:00
FAILED_AUCTION_RECLAIM@ATR,ASIA/DISTRIBUTION/NORMAL/BTC_NEUTRAL,32,0,0,32,0.65625,0.21838133586929498,0.18908861280969874,0.12200498403444293,POSITIVE,0.915416069812987,2026-07-24T03:14:24.760264+00:00
FAILED_AUCTION_RECLAIM@ATR,OFF_HOURS/QUIET/COMPRESSED/BTC_NEUTRAL,50,0,0,50,0.66,0.1286975619015036,0.15743217260896583,0.08390014343668951,POSITIVE,0.9718738314912999,2026-07-24T00:17:08.068153+00:00
FAILED_AUCTION_RECLAIM@ATR,NY/QUIET/EXPANDED/BTC_NEUTRAL,17,0,0,17,0.7058823529411765,0.15343229240627188,0.22134918164570974,0.08237839416494801,POSITIVE,0.9326735508629151,2026-07-22T20:30:49.657151+00:00
FAILED_AUCTION_RECLAIM@ATR,OVERLAP/QUIET/NORMAL/BTC_NEUTRAL,50,0,0,50,0.6,0.1594240002639399,0.1340700881897659,0.07286135055039406,POSITIVE,0.8623146101837842,2026-07-23T13:58:57.054862+00:00
FAILED_AUCTION_RECLAIM@ATR,ASIA/QUIET/NORMAL/BTC_RISING,19,0,0,19,0.47368421052631576,0.208888869697736,0.12399751011579259,0.05520268209150034,POSITIVE,1.0,2026-07-22T03:05:49.664413+00:00
FAILED_AUCTION_RECLAIM@ATR,NY/QUIET/NORMAL/BTC_NEUTRAL,50,0,0,50,0.62,0.06979862272258033,0.0459529285142024,0.016843706043017576,FLAT,0.860374345001233,2026-07-23T22:37:58.002604+00:00
FAILED_AUCTION_RECLAIM@ATR,NY/MARKDOWN/NORMAL/BTC_NEUTRAL,17,0,0,17,0.5882352941176471,0.09474332708018648,0.020278951817569862,-0.0046762571793944885,FLAT,0.9486875864073316,2026-07-23T20:53:44.712940+00:00
FAILED_AUCTION_RECLAIM@ATR,OVERLAP/VOLATILE_EXPANSION/CASCADE/BTC_NEUTRAL,36,0,0,36,0.4722222222222222,0.1415458176569727,-0.0006668532883862243,-0.041039650835317965,FLAT,0.8952612700007252,2026-07-23T16:16:19.095899+00:00
FAILED_AUCTION_RECLAIM@ATR,ASIA/QUIET/COMPRESSED/BTC_NEUTRAL,50,0,0,50,0.4,0.006983200567442754,0.10769545883181657,-0.047533841000256954,FLAT,0.9594896515690635,2026-07-24T03:50:49.320071+00:00
FAILED_AUCTION_RECLAIM@ATR,LONDON/QUIET/COMPRESSED/BTC_NEUTRAL,50,0,0,50,0.56,0.004187644341687009,-0.01292496506254249,-0.06085852933654831,NEGATIVE,0.8516142354850861,2026-07-23T12:55:41.712423+00:00
FAILED_AUCTION_RECLAIM@ATR,LONDON/QUIET/NORMAL/BTC_NEUTRAL,50,0,0,50,0.52,-0.00521299111602199,-0.025785267064119512,-0.07193562307290108,NEGATIVE,0.9022276654499235,2026-07-23T12:39:37.239073+00:00
FAILED_AUCTION_RECLAIM@ATR,NY/QUIET/COMPRESSED/BTC_NEUTRAL,36,0,0,36,0.5,-0.00822561717001198,0.06010625532817494,-0.07561861670812825,NEGATIVE,0.9791400805090614,2026-07-23T22:17:04.056728+00:00
FAILED_AUCTION_RECLAIM@ATR,OVERLAP/QUIET/EXPANDED/BTC_NEUTRAL,29,0,0,29,0.5172413793103449,0.03460837874617574,0.10089972503774221,-0.09021077177048567,NEGATIVE,0.9131258193052266,2026-07-23T16:32:02.684373+00:00
FAILED_AUCTION_RECLAIM@ATR,NY/DISTRIBUTION/NORMAL/BTC_NEUTRAL,29,0,0,29,0.4482758620689655,-0.04673648679220488,-0.23098848281010628,-0.10275259018188243,NEGATIVE,0.8272794979725469,2026-07-23T22:27:33.115078+00:00
FAILED_AUCTION_RECLAIM@ATR,NY/QUIET/NORMAL/BTC_RISING,19,0,0,19,0.47368421052631576,-0.05572895773003833,-0.09489582220113885,-0.10679349554294479,NEGATIVE,1.0,2026-07-21T18:57:57.646859+00:00
FAILED_AUCTION_RECLAIM@ATR,OVERLAP/RANGE/NORMAL/BTC_NEUTRAL,15,0,0,15,0.4,0.24571734032308734,-0.25281055945263897,-0.11687654271077352,NEGATIVE,0.9714208923305669,2026-07-23T15:23:15.336296+00:00
FAILED_AUCTION_RECLAIM@ATR,NY/VOLATILE_EXPANSION/CASCADE/BTC_NEUTRAL,26,0,0,26,0.38461538461538464,0.03352505269635201,-0.11398216285386309,-0.15619124519385308,NEGATIVE,1.0,2026-07-23T19:40:42.874330+00:00
FAILED_AUCTION_RECLAIM@ATR,ASIA/RANGE/NORMAL/BTC_NEUTRAL,19,0,0,19,0.42105263157894735,-0.026994060999903247,-0.22204567212124462,-0.15673923669271303,NEGATIVE,0.977881718783777,2026-07-23T01:26:21.221131+00:00
FAILED_AUCTION_RECLAIM@ATR,ASIA/MARKDOWN/NORMAL/BTC_NEUTRAL,25,0,0,25,0.4,-0.07383179815918042,-0.038673959911021384,-0.16536357707503846,NEGATIVE,0.9351827885288423,2026-07-23T04:53:27.466314+00:00
FAILED_AUCTION_RECLAIM@ATR,LONDON/MARKDOWN/NORMAL/BTC_NEUTRAL,20,0,0,20,0.45,-0.1149274621583199,-0.07670537716545626,-0.21476643345906768,NEGATIVE,0.9835958112978539,2026-07-23T08:53:11.660708+00:00
FAILED_AUCTION_RECLAIM@ATR,ASIA/QUIET/NORMAL/BTC_NEUTRAL,50,0,0,50,0.48,-0.19685901380510745,-0.11254440862372102,-0.22764504932176102,NEGATIVE,0.7255562024271527,2026-07-24T02:43:18.281686+00:00
FAILED_AUCTION_RECLAIM@ATR,OFF_HOURS/QUIET/NORMAL/BTC_NEUTRAL,26,0,0,26,0.38461538461538464,-0.1907741495535577,-0.15065316813423885,-0.24900574750498305,NEGATIVE,0.5926376781445956,2026-07-23T23:56:13.308170+00:00
FAILED_AUCTION_RECLAIM@ATR,NY/RANGE/NORMAL/BTC_NEUTRAL,34,0,0,34,0.35294117647058826,-0.18539738050777368,-0.3469634856277717,-0.264656515365498,NEGATIVE,0.9805080579619828,2026-07-23T20:58:55.293653+00:00
FAILED_AUCTION_RECLAIM@ATR,NY/VOLATILE_EXPANSION/CASCADE/BTC_RISING,18,0,0,18,0.3333333333333333,-0.3468399321751402,-0.08551036086341601,-0.4026858443579812,NEGATIVE,1.0,2026-07-21T18:21:48.608035+00:00
FAILED_AUCTION_RECLAIM@ATR,OVERLAP/VOLATILE_EXPANSION/CASCADE/BTC_RISING,17,0,0,17,0.17647058823529413,-0.3637116719923092,-0.3031132014063185,-0.45290093485255917,NEGATIVE,1.0,2026-07-21T16:53:31.900010+00:00
FAILED_AUCTION_RECLAIM@ATR,LONDON/RANGE/NORMAL/BTC_NEUTRAL,14,0,0,14,0.6428571428571429,0.01276396336996687,-0.0333253759713406,,INSUFFICIENT_DATA,1.0,2026-07-20T09:22:59.492223+00:00
FAILED_AUCTION_RECLAIM@ATR,LONDON/DISTRIBUTION/NORMAL/BTC_NEUTRAL,13,0,0,13,0.5384615384615384,-0.07037176733003997,-0.08119083574004002,,INSUFFICIENT_DATA,0.9653274416059826,2026-07-23T11:15:43.037138+00:00
FAILED_AUCTION_RECLAIM@ATR,LONDON/MARKUP/CASCADE/BTC_NEUTRAL,3,0,0,3,0.3333333333333333,-0.2645366522271331,-0.6961171866814065,,INSUFFICIENT_DATA,1.0,2026-07-19T09:37:08.794443+00:00
FAILED_AUCTION_RECLAIM@ATR,LONDON/MARKUP/NORMAL/BTC_NEUTRAL,10,0,0,10,0.2,-0.3455053750989596,-0.34894695515009966,,INSUFFICIENT_DATA,1.0,2026-07-23T08:26:59.659423+00:00
FAILED_AUCTION_RECLAIM@ATR,LONDON/MARKDOWN/EXPANDED/BTC_NEUTRAL,4,0,0,4,0.75,0.6017295318038566,0.9265539722201755,,INSUFFICIENT_DATA,1.0,2026-07-16T10:03:24.457323+00:00
FAILED_AUCTION_RECLAIM@ATR,OVERLAP/DISTRIBUTION/NORMAL/BTC_NEUTRAL,12,0,0,12,0.5833333333333334,-0.14548129940989196,-0.01636082522208676,,INSUFFICIENT_DATA,0.9150476894266183,2026-07-23T13:22:16.756435+00:00
FAILED_AUCTION_RECLAIM@ATR,OVERLAP/QUIET/COMPRESSED/BTC_NEUTRAL,13,0,0,13,0.7692307692307693,0.20868514317771558,0.08744653720542016,,INSUFFICIENT_DATA,0.8902613694259142,2026-07-23T13:06:29.542612+00:00
FAILED_AUCTION_RECLAIM@ATR,OVERLAP/MARKDOWN/CASCADE/BTC_NEUTRAL,5,0,0,5,0.6,0.13173329289543734,0.5320117476686422,,INSUFFICIENT_DATA,0.9546793586386976,2026-07-23T16:26:48.781104+00:00
FAILED_AUCTION_RECLAIM@ATR,NY/MARKDOWN/COMPRESSED/BTC_NEUTRAL,5,0,0,5,0.4,-0.04642145466769794,-0.12420875668651943,,INSUFFICIENT_DATA,0.871717234720161,2026-07-22T21:02:00.534967+00:00
FAILED_AUCTION_RECLAIM@ATR,NY/ACCUMULATION/EXPANDED/BTC_NEUTRAL,2,0,0,2,0.0,-0.5857572690059,-0.49447470326930487,,INSUFFICIENT_DATA,0.0,2026-07-19T22:26:42.667319+00:00
FAILED_AUCTION_RECLAIM@ATR,NY/ACCUMULATION/NORMAL/BTC_NEUTRAL,4,0,0,4,0.0,-0.08343383918947711,-0.35446641775997845,,INSUFFICIENT_DATA,0.0,2026-07-16T21:27:55.299026+00:00
FAILED_AUCTION_RECLAIM@ATR,NY/MARKUP/COMPRESSED/BTC_NEUTRAL,3,0,0,3,1.0,0.6662835078846226,0.824106885477364,,INSUFFICIENT_DATA,0.9427987574166126,2026-07-23T21:51:00.183807+00:00
FAILED_AUCTION_RECLAIM@ATR,OFF_HOURS/MARKDOWN/COMPRESSED/BTC_NEUTRAL,4,0,0,4,0.5,0.013653433010937256,0.031599414750064204,,INSUFFICIENT_DATA,0.8045974493988576,2026-07-23T00:49:47.584806+00:00
FAILED_AUCTION_RECLAIM@ATR,OFF_HOURS/MARKUP/COMPRESSED/BTC_NEUTRAL,2,0,0,2,0.5,-0.3146015508991894,-0.20528057115492954,,INSUFFICIENT_DATA,1.0,2026-07-21T00:43:42.699690+00:00
FAILED_AUCTION_RECLAIM@ATR,OFF_HOURS/ACCUMULATION/NORMAL/BTC_NEUTRAL,1,0,0,1,1.0,0.1973164956590356,0.1784941583729971,,INSUFFICIENT_DATA,1.0,2026-07-14T23:54:30.207668+00:00
FAILED_AUCTION_RECLAIM@ATR,ASIA/MARKDOWN/EXPANDED/BTC_NEUTRAL,3,0,0,3,0.0,-0.6846734912531846,-0.6039996906868249,,INSUFFICIENT_DATA,0.0,2026-07-22T07:52:37.483867+00:00
FAILED_AUCTION_RECLAIM@ATR,ASIA/MARKUP/EXPANDED/BTC_NEUTRAL,1,0,0,1,1.0,1.0355362598488456,0.6845238095238213,,INSUFFICIENT_DATA,1.0,2026-07-15T05:07:54.741755+00:00
FAILED_AUCTION_RECLAIM@ATR,ASIA/MARKUP/NORMAL/BTC_NEUTRAL,12,0,0,12,0.4166666666666667,-0.32119257063196177,-0.3991253908662593,,INSUFFICIENT_DATA,1.0,2026-07-24T02:01:29.200180+00:00
FAILED_AUCTION_RECLAIM@ATR,ASIA/RANGE/NORMAL/BTC_RISING,4,0,0,4,0.5,-0.16728254368460038,0.061313403951294115,,INSUFFICIENT_DATA,1.0,2026-07-22T01:53:57.676194+00:00
FAILED_AUCTION_RECLAIM@ATR,LONDON/QUIET/EXPANDED/BTC_NEUTRAL,13,0,0,13,0.6923076923076923,0.27712990223311085,0.19947609907481662,,INSUFFICIENT_DATA,0.9629475933652121,2026-07-23T12:23:44.436537+00:00
FAILED_AUCTION_RECLAIM@ATR,LONDON/MARKDOWN/COMPRESSED/BTC_NEUTRAL,3,0,0,3,0.3333333333333333,-0.38230025016622005,-1.309172655697638,,INSUFFICIENT_DATA,1.0,2026-07-16T11:24:35.186508+00:00
FAILED_AUCTION_RECLAIM@ATR,OVERLAP/RANGE/EXPANDED/BTC_NEUTRAL,12,0,0,12,0.8333333333333334,1.8658042064277527,0.5888921752445277,,INSUFFICIENT_DATA,0.9742402690795879,2026-07-22T14:38:25.493225+00:00
FAILED_AUCTION_RECLAIM@ATR,OVERLAP/RANGE/NORMAL/BTC_RISING,1,0,0,1,0.0,-1.0,-1.5285770154757203,,INSUFFICIENT_DATA,0.0,2026-07-15T14:37:20.987949+00:00
FAILED_AUCTION_RECLAIM@ATR,OVERLAP/MARKDOWN/CASCADE/BTC_RISING,5,0,0,5,0.4,0.2900371130855408,0.011786324684692626,,INSUFFICIENT_DATA,1.0,2026-07-21T16:43:10.947674+00:00
FAILED_AUCTION_RECLAIM@ATR,OVERLAP/QUIET/COMPRESSED/BTC_RISING,3,0,0,3,0.3333333333333333,-0.24085341274258756,-0.5969752762067979,,INSUFFICIENT_DATA,1.0,2026-07-21T15:15:50.236353+00:00
FAILED_AUCTION_RECLAIM@ATR,OVERLAP/RANGE/EXPANDED/BTC_RISING,6,0,0,6,0.0,-0.3317303089755072,-0.4040881758158739,,INSUFFICIENT_DATA,0.0,2026-07-21T16:43:10.949161+00:00
FAILED_AUCTION_RECLAIM@ATR,NY/DISTRIBUTION/EXPANDED/BTC_RISING,4,0,0,4,0.75,0.4537557447220094,0.4108512857341109,,INSUFFICIENT_DATA,1.0,2026-07-21T18:57:57.646650+00:00
FAILED_AUCTION_RECLAIM@ATR,NY/RANGE/EXPANDED/BTC_RISING,4,0,0,4,0.5,-0.2039451076067292,-0.06392620479636155,,INSUFFICIENT_DATA,1.0,2026-07-21T17:34:58.234087+00:00
FAILED_AUCTION_RECLAIM@ATR,NY/MARKDOWN/EXPANDED/BTC_NEUTRAL,2,0,0,2,0.5,-0.5525543120539499,-0.2455144891821589,,INSUFFICIENT_DATA,1.0,2026-07-22T19:23:21.854007+00:00
FAILED_AUCTION_RECLAIM@ATR,NY/RANGE/EXPANDED/BTC_NEUTRAL,8,0,0,8,0.75,0.19840462321696511,0.011601431957410466,,INSUFFICIENT_DATA,0.8727852607421143,2026-07-23T19:35:30.227766+00:00
FAILED_AUCTION_RECLAIM@ATR,NY/MARKUP/NORMAL/BTC_NEUTRAL,6,0,0,6,0.6666666666666666,0.4782143278711266,0.28028674499964507,,INSUFFICIENT_DATA,0.9269820507110911,2026-07-23T22:11:49.864385+00:00
FAILED_AUCTION_RECLAIM@ATR,NY/MARKUP/CASCADE/BTC_NEUTRAL,4,0,0,4,0.25,-0.36094979356072043,-0.3585333928624826,,INSUFFICIENT_DATA,1.0,2026-07-23T17:03:47.710699+00:00
FAILED_AUCTION_RECLAIM@ATR,OFF_HOURS/MARKUP/NORMAL/BTC_NEUTRAL,1,0,0,1,0.0,-1.0,-0.5026230403008218,,INSUFFICIENT_DATA,0.0,2026-07-15T23:13:42.314684+00:00
FAILED_AUCTION_RECLAIM@ATR,OFF_HOURS/MARKDOWN/NORMAL/BTC_NEUTRAL,2,0,0,2,0.5,0.4799239478117305,0.08973976473554951,,INSUFFICIENT_DATA,1.0,2026-07-20T00:39:21.080230+00:00
FAILED_AUCTION_RECLAIM@ATR,OFF_HOURS/DISTRIBUTION/NORMAL/BTC_NEUTRAL,7,0,0,7,0.42857142857142855,-0.02821720542878795,-0.0832200981400431,,INSUFFICIENT_DATA,0.9054821701171852,2026-07-23T23:45:47.997012+00:00
FAILED_AUCTION_RECLAIM@ATR,ASIA/MARKDOWN/COMPRESSED/BTC_NEUTRAL,5,0,0,5,0.8,0.2804942369017468,0.49535095695819364,,INSUFFICIENT_DATA,0.9484723438875832,2026-07-23T06:57:58.747946+00:00
FAILED_AUCTION_RECLAIM@ATR,ASIA/DISTRIBUTION/EXPANDED/BTC_NEUTRAL,5,0,0,5,0.2,-0.3714143221470051,-0.60498085857733,,INSUFFICIENT_DATA,1.0,2026-07-22T07:16:45.366835+00:00
FAILED_AUCTION_RECLAIM@ATR,LONDON/DISTRIBUTION/EXPANDED/BTC_NEUTRAL,3,0,0,3,0.6666666666666666,0.028180263713462606,-0.10591992186512132,,INSUFFICIENT_DATA,1.0,2026-07-22T09:09:19.959723+00:00
FAILED_AUCTION_RECLAIM@ATR,LONDON/RANGE/EXPANDED/BTC_FALLING,1,0,0,1,0.0,-0.3157249043804536,-0.9428879310344687,,INSUFFICIENT_DATA,0.0,2026-07-16T09:27:49.476235+00:00
FAILED_AUCTION_RECLAIM@ATR,OVERLAP/MARKUP/NORMAL/BTC_NEUTRAL,6,0,0,6,0.3333333333333333,-0.2037543827278215,-0.12983741585891334,,INSUFFICIENT_DATA,1.0,2026-07-18T16:01:41.072674+00:00
FAILED_AUCTION_RECLAIM@ATR,OVERLAP/MARKUP/CASCADE/BTC_NEUTRAL,4,0,0,4,0.25,-0.6451019500564864,-0.3942289703787184,,INSUFFICIENT_DATA,1.0,2026-07-20T15:50:38.320970+00:00
FAILED_AUCTION_RECLAIM@ATR,OVERLAP/ACCUMULATION/NORMAL/BTC_NEUTRAL,4,0,0,4,0.25,-0.29211328970272976,-0.5446015276848841,,INSUFFICIENT_DATA,1.0,2026-07-18T16:01:41.072972+00:00
FAILED_AUCTION_RECLAIM@ATR,OVERLAP/MARKDOWN/COMPRESSED/BTC_NEUTRAL,5,0,0,5,1.0,0.5896139309886562,1.8750839389524585,,INSUFFICIENT_DATA,0.9689935930983539,2026-07-22T14:02:04.354184+00:00
FAILED_AUCTION_RECLAIM@ATR,NY/MARKUP/EXPANDED/BTC_NEUTRAL,2,0,0,2,0.5,-0.032168994704529885,-0.02441352694024984,,INSUFFICIENT_DATA,1.0,2026-07-16T22:59:44.288977+00:00
FAILED_AUCTION_RECLAIM@ATR,OFF_HOURS/MARKUP/COMPRESSED/BTC_FALLING,1,0,0,1,0.0,-0.032007315957929806,-0.13837638376382239,,INSUFFICIENT_DATA,0.0,2026-07-17T00:21:53.605617+00:00
FAILED_AUCTION_RECLAIM@ATR,ASIA/QUIET/NORMAL/BTC_FALLING,5,0,0,5,0.2,-0.755393236499484,-0.2370463216486546,,INSUFFICIENT_DATA,1.0,2026-07-17T02:39:27.319942+00:00
FAILED_AUCTION_RECLAIM@ATR,ASIA/MARKUP/NORMAL/BTC_FALLING,5,0,0,5,1.0,0.3773943459891149,1.1187111289148106,,INSUFFICIENT_DATA,1.0,2026-07-17T05:27:00.664191+00:00
FAILED_AUCTION_RECLAIM@ATR,ASIA/VOLATILE_EXPANSION/CASCADE/BTC_FALLING,3,0,0,3,0.6666666666666666,0.013204258556834455,0.04726352692472239,,INSUFFICIENT_DATA,1.0,2026-07-17T06:49:55.386934+00:00
FAILED_AUCTION_RECLAIM@ATR,ASIA/MARKUP/CASCADE/BTC_FALLING,1,0,0,1,1.0,0.07856548664386911,0.19406392694064326,,INSUFFICIENT_DATA,1.0,2026-07-17T05:11:45.544457+00:00
FAILED_AUCTION_RECLAIM@ATR,ASIA/ACCUMULATION/NORMAL/BTC_FALLING,1,0,0,1,1.0,0.9312820512820564,1.912061994609171,,INSUFFICIENT_DATA,1.0,2026-07-17T05:57:30.413197+00:00
FAILED_AUCTION_RECLAIM@ATR,ASIA/RANGE/EXPANDED/BTC_FALLING,1,0,0,1,0.0,-1.0,-0.8653692561631313,,INSUFFICIENT_DATA,0.0,2026-07-17T06:39:44.849321+00:00
FAILED_AUCTION_RECLAIM@ATR,ASIA/RANGE/NORMAL/BTC_FALLING,1,0,0,1,0.0,-0.29123328380386176,-0.33854586490407723,,INSUFFICIENT_DATA,0.0,2026-07-17T06:44:51.800151+00:00
FAILED_AUCTION_RECLAIM@ATR,ASIA/MARKDOWN/NORMAL/BTC_FALLING,1,0,0,1,1.0,0.06467991526931252,0.10851871947911328,,INSUFFICIENT_DATA,1.0,2026-07-17T07:14:31.922090+00:00
FAILED_AUCTION_RECLAIM@ATR,ASIA/DISTRIBUTION/NORMAL/BTC_FALLING,1,0,0,1,1.0,0.7716535433070839,1.1431682090364674,,INSUFFICIENT_DATA,1.0,2026-07-17T07:29:51.375466+00:00
FAILED_AUCTION_RECLAIM@ATR,LONDON/QUIET/NORMAL/BTC_FALLING,5,0,0,5,0.8,0.2861238511209595,0.17637134057614468,,INSUFFICIENT_DATA,1.0,2026-07-17T12:28:51.576559+00:00
FAILED_AUCTION_RECLAIM@ATR,LONDON/MARKDOWN/NORMAL/BTC_FALLING,1,0,0,1,0.0,-0.24432524689524046,-0.8572981519913105,,INSUFFICIENT_DATA,0.0,2026-07-17T10:08:50.864065+00:00
FAILED_AUCTION_RECLAIM@ATR,LONDON/MARKUP/COMPRESSED/BTC_FALLING,2,0,0,2,0.0,-0.562147507108121,-1.5687760465178697,,INSUFFICIENT_DATA,0.0,2026-07-17T11:15:54.863238+00:00
FAILED_AUCTION_RECLAIM@ATR,LONDON/QUIET/COMPRESSED/BTC_FALLING,8,0,0,8,0.5,0.018312702014335182,0.007966713336645198,,INSUFFICIENT_DATA,1.0,2026-07-17T12:38:59.898097+00:00
FAILED_AUCTION_RECLAIM@ATR,LONDON/QUIET/EXPANDED/BTC_FALLING,1,0,0,1,0.0,-0.21095640974396493,-0.30984996738421605,,INSUFFICIENT_DATA,0.0,2026-07-17T10:44:47.325629+00:00
FAILED_AUCTION_RECLAIM@ATR,OVERLAP/MARKDOWN/NORMAL/BTC_FALLING,2,0,0,2,0.0,-0.31261546980390387,-1.2422729748715944,,INSUFFICIENT_DATA,0.0,2026-07-17T13:41:10.782412+00:00
FAILED_AUCTION_RECLAIM@ATR,OVERLAP/QUIET/NORMAL/BTC_FALLING,1,0,0,1,1.0,0.27405036654235737,0.22686760654674396,,INSUFFICIENT_DATA,1.0,2026-07-17T13:35:57.554521+00:00
FAILED_AUCTION_RECLAIM@ATR,OVERLAP/MARKDOWN/CASCADE/BTC_FALLING,2,0,0,2,0.0,-1.0,-0.2373790308619779,,INSUFFICIENT_DATA,0.0,2026-07-17T14:51:45.088833+00:00
FAILED_AUCTION_RECLAIM@ATR,OVERLAP/MARKDOWN/EXPANDED/BTC_FALLING,1,0,0,1,1.0,2.407838686663578,2.110533048303992,,INSUFFICIENT_DATA,1.0,2026-07-17T14:46:39.982920+00:00
FAILED_AUCTION_RECLAIM@ATR,OVERLAP/MARKUP/CASCADE/BTC_FALLING,1,0,0,1,0.0,-0.5022781903634366,-1.2970969734404068,,INSUFFICIENT_DATA,0.0,2026-07-17T16:23:47.428231+00:00
FAILED_AUCTION_RECLAIM@ATR,ASIA/ACCUMULATION/NORMAL/BTC_NEUTRAL,4,0,0,4,0.25,-0.7488561782901424,-1.3032188533808222,,INSUFFICIENT_DATA,1.0,2026-07-24T02:22:30.152089+00:00
FAILED_AUCTION_RECLAIM@ATR,ASIA/RANGE/EXPANDED/BTC_NEUTRAL,4,0,0,4,0.0,-0.5335948927681395,-0.9761292790692664,,INSUFFICIENT_DATA,0.0,2026-07-22T05:54:32.988752+00:00
FAILED_AUCTION_RECLAIM@ATR,LONDON/MARKUP/COMPRESSED/BTC_NEUTRAL,2,0,0,2,0.5,-0.007812428234289043,-0.02300950768198129,,INSUFFICIENT_DATA,1.0,2026-07-23T12:34:23.628282+00:00
FAILED_AUCTION_RECLAIM@ATR,OVERLAP/ACCUMULATION/EXPANDED/BTC_NEUTRAL,1,0,0,1,1.0,0.6222222222222251,1.1375831723545882,,INSUFFICIENT_DATA,1.0,2026-07-18T14:09:18.851971+00:00
FAILED_AUCTION_RECLAIM@ATR,OVERLAP/MARKDOWN/NORMAL/BTC_NEUTRAL,6,0,0,6,0.8333333333333334,0.16115095216894484,0.5510019243615418,,INSUFFICIENT_DATA,0.8625118941790387,2026-07-22T14:02:04.354639+00:00
FAILED_AUCTION_RECLAIM@ATR,NY/QUIET/EXPANDED/BTC_RISING,11,0,0,11,0.09090909090909091,-0.6139417801757459,-0.3382724246975089,,INSUFFICIENT_DATA,1.0,2026-07-21T18:11:32.369056+00:00
FAILED_AUCTION_RECLAIM@ATR,NY/DISTRIBUTION/NORMAL/BTC_RISING,6,0,0,6,0.5,-0.3309296139522256,-0.3705536749732588,,INSUFFICIENT_DATA,1.0,2026-07-21T18:52:51.303953+00:00
FAILED_AUCTION_RECLAIM@ATR,NY/MARKUP/NORMAL/BTC_RISING,1,0,0,1,1.0,0.032514615319586194,0.14068655036578515,,INSUFFICIENT_DATA,1.0,2026-07-18T19:35:54.527084+00:00
FAILED_AUCTION_RECLAIM@ATR,NY/ACCUMULATION/EXPANDED/BTC_RISING,3,0,0,3,0.3333333333333333,-0.0334283478101477,-0.1950326900094109,,INSUFFICIENT_DATA,1.0,2026-07-18T20:01:15.839708+00:00
FAILED_AUCTION_RECLAIM@ATR,NY/QUIET/COMPRESSED/BTC_RISING,9,0,0,9,0.4444444444444444,0.024872469539697874,0.020706138295171456,,INSUFFICIENT_DATA,1.0,2026-07-21T22:13:46.235094+00:00
FAILED_AUCTION_RECLAIM@ATR,NY/ACCUMULATION/NORMAL/BTC_RISING,1,0,0,1,0.0,-0.22240932848268982,-0.7391763463569084,,INSUFFICIENT_DATA,0.0,2026-07-18T22:50:08.327432+00:00
FAILED_AUCTION_RECLAIM@ATR,NY/RANGE/NORMAL/BTC_RISING,2,0,0,2,0.5,-0.04476050181252545,-0.05061830502687187,,INSUFFICIENT_DATA,1.0,2026-07-21T18:27:01.003049+00:00
FAILED_AUCTION_RECLAIM@ATR,OFF_HOURS/QUIET/EXPANDED/BTC_RISING,2,0,0,2,0.0,-0.15725955982971024,-0.3230299356097532,,INSUFFICIENT_DATA,0.0,2026-07-18T23:15:33.477783+00:00
FAILED_AUCTION_RECLAIM@ATR,OFF_HOURS/QUIET/NORMAL/BTC_RISING,3,0,0,3,0.6666666666666666,0.5489056533175128,0.23010041833214404,,INSUFFICIENT_DATA,1.0,2026-07-22T00:32:14.855136+00:00
FAILED_AUCTION_RECLAIM@ATR,OFF_HOURS/QUIET/COMPRESSED/BTC_RISING,9,0,0,9,0.5555555555555556,0.10176401328792173,0.11190087180131636,,INSUFFICIENT_DATA,1.0,2026-07-22T00:57:45.139241+00:00
FAILED_AUCTION_RECLAIM@ATR,ASIA/QUIET/EXPANDED/BTC_RISING,1,0,0,1,1.0,0.3242857606122518,0.5973715651135012,,INSUFFICIENT_DATA,1.0,2026-07-19T01:12:00.989429+00:00
FAILED_AUCTION_RECLAIM@ATR,ASIA/MARKUP/NORMAL/BTC_RISING,1,0,0,1,1.0,0.1842319759716828,0.40029112081513457,,INSUFFICIENT_DATA,1.0,2026-07-19T01:12:00.989553+00:00
FAILED_AUCTION_RECLAIM@ATR,ASIA/QUIET/COMPRESSED/BTC_RISING,11,0,0,11,0.7272727272727273,-0.007432231764951568,0.1497176803551808,,INSUFFICIENT_DATA,1.0,2026-07-22T03:41:42.386352+00:00
FAILED_AUCTION_RECLAIM@ATR,ASIA/MARKDOWN/COMPRESSED/BTC_RISING,1,0,0,1,0.0,-0.1159743641429364,-0.34151894617011197,,INSUFFICIENT_DATA,0.0,2026-07-19T02:22:58.159672+00:00
FAILED_AUCTION_RECLAIM@ATR,ASIA/VOLATILE_EXPANSION/CASCADE/BTC_NEUTRAL,10,0,0,10,0.5,0.43525881129167265,0.38870032306732977,,INSUFFICIENT_DATA,1.0,2026-07-22T05:13:42.324099+00:00
FAILED_AUCTION_RECLAIM@ATR,ASIA/QUIET/EXPANDED/BTC_NEUTRAL,10,0,0,10,0.2,-0.476000778364449,-0.2591910381703771,,INSUFFICIENT_DATA,1.0,2026-07-22T05:34:06.674610+00:00
FAILED_AUCTION_RECLAIM@ATR,ASIA/ACCUMULATION/EXPANDED/BTC_NEUTRAL,1,0,0,1,0.0,-1.0,-1.551629752970967,,INSUFFICIENT_DATA,0.0,2026-07-19T06:36:36.745533+00:00
FAILED_AUCTION_RECLAIM@ATR,LONDON/MARKUP/EXPANDED/BTC_NEUTRAL,1,0,0,1,1.0,1.3004444444444463,4.467567567567568,,INSUFFICIENT_DATA,1.0,2026-07-19T08:10:39.621091+00:00
FAILED_AUCTION_RECLAIM@ATR,OVERLAP/MARKUP/COMPRESSED/BTC_NEUTRAL,1,0,0,1,0.0,-0.020591596569440544,-0.0887311446317679,,INSUFFICIENT_DATA,0.0,2026-07-19T14:55:51.390217+00:00
FAILED_AUCTION_RECLAIM@ATR,NY/DISTRIBUTION/EXPANDED/BTC_NEUTRAL,8,0,0,8,0.25,-0.4845129012892473,-0.5865246555352448,,INSUFFICIENT_DATA,0.7885735109323939,2026-07-23T20:12:09.439299+00:00
FAILED_AUCTION_RECLAIM@ATR,OFF_HOURS/MARKDOWN/CASCADE/BTC_NEUTRAL,2,0,0,2,0.0,-0.5492794380628192,-0.5150255707516764,,INSUFFICIENT_DATA,0.0,2026-07-19T23:17:41.731310+00:00
FAILED_AUCTION_RECLAIM@ATR,OFF_HOURS/QUIET/EXPANDED/BTC_NEUTRAL,3,0,0,3,0.3333333333333333,0.24084730430586163,0.08064319863159373,,INSUFFICIENT_DATA,1.0,2026-07-19T23:12:37.041045+00:00
FAILED_AUCTION_RECLAIM@ATR,OFF_HOURS/VOLATILE_EXPANSION/CASCADE/BTC_NEUTRAL,10,0,0,10,0.3,-0.08145351452531674,-0.14787902629480193,,INSUFFICIENT_DATA,1.0,2026-07-19T23:43:09.269048+00:00
FAILED_AUCTION_RECLAIM@ATR,OFF_HOURS/MARKDOWN/EXPANDED/BTC_NEUTRAL,1,0,0,1,1.0,0.9202491793760036,1.5109951881998405,,INSUFFICIENT_DATA,1.0,2026-07-20T00:18:46.858901+00:00
FAILED_AUCTION_RECLAIM@ATR,ASIA/MARKDOWN/CASCADE/BTC_NEUTRAL,5,0,0,5,0.2,-0.07152628966613798,-0.000970297771400841,,INSUFFICIENT_DATA,1.0,2026-07-22T07:42:22.990551+00:00
FAILED_AUCTION_RECLAIM@ATR,LONDON/ACCUMULATION/NORMAL/BTC_NEUTRAL,1,0,0,1,0.0,-0.0920491051292803,-0.2536783358701075,,INSUFFICIENT_DATA,0.0,2026-07-20T11:55:33.311439+00:00
FAILED_AUCTION_RECLAIM@ATR,OVERLAP/DISTRIBUTION/EXPANDED/BTC_NEUTRAL,5,0,0,5,0.6,-0.0725625038766318,0.26479886700083793,,INSUFFICIENT_DATA,1.0,2026-07-22T14:27:59.943755+00:00
FAILED_AUCTION_RECLAIM@ATR,OVERLAP/MARKUP/EXPANDED/BTC_NEUTRAL,1,0,0,1,0.0,-1.0,-1.657593392153181,,INSUFFICIENT_DATA,0.0,2026-07-20T16:41:51.040845+00:00
FAILED_AUCTION_RECLAIM@ATR,ASIA/MARKUP/COMPRESSED/BTC_RISING,3,0,0,3,0.6666666666666666,-0.22544145078506736,-0.5748097758721491,,INSUFFICIENT_DATA,1.0,2026-07-21T05:01:51.419007+00:00
FAILED_AUCTION_RECLAIM@ATR,LONDON/QUIET/NORMAL/BTC_RISING,13,0,0,13,0.38461538461538464,-0.042293670874698715,-0.09143527223613174,,INSUFFICIENT_DATA,1.0,2026-07-21T12:37:55.739664+00:00
FAILED_AUCTION_RECLAIM@ATR,LONDON/QUIET/COMPRESSED/BTC_RISING,14,0,0,14,0.5,0.02437056031909829,0.013231446619594063,,INSUFFICIENT_DATA,1.0,2026-07-21T12:58:43.396821+00:00
FAILED_AUCTION_RECLAIM@ATR,LONDON/MARKDOWN/COMPRESSED/BTC_RISING,1,0,0,1,0.0,-0.20001411864366675,-0.4262788365095234,,INSUFFICIENT_DATA,0.0,2026-07-21T09:00:55.070165+00:00
FAILED_AUCTION_RECLAIM@ATR,LONDON/RANGE/NORMAL/BTC_RISING,3,0,0,3,0.3333333333333333,-0.12706533705475376,-0.4210283150965717,,INSUFFICIENT_DATA,1.0,2026-07-21T11:50:54.743842+00:00
FAILED_AUCTION_RECLAIM@ATR,LONDON/DISTRIBUTION/NORMAL/BTC_RISING,3,0,0,3,0.6666666666666666,0.007307755317142302,0.07338622807010704,,INSUFFICIENT_DATA,1.0,2026-07-21T12:53:29.922300+00:00
FAILED_AUCTION_RECLAIM@ATR,LONDON/MARKDOWN/NORMAL/BTC_RISING,1,0,0,1,1.0,0.22364217252396268,0.41108019225904524,,INSUFFICIENT_DATA,1.0,2026-07-21T11:04:29.706680+00:00
FAILED_AUCTION_RECLAIM@ATR,LONDON/MARKDOWN/EXPANDED/BTC_RISING,1,0,0,1,1.0,1.4580740740740734,1.3104913876668354,,INSUFFICIENT_DATA,1.0,2026-07-21T12:01:28.397766+00:00
FAILED_AUCTION_RECLAIM@ATR,LONDON/QUIET/EXPANDED/BTC_RISING,1,0,0,1,1.0,0.2996658725521133,0.21092596498629282,,INSUFFICIENT_DATA,1.0,2026-07-21T12:37:55.739492+00:00
FAILED_AUCTION_RECLAIM@ATR,OVERLAP/MARKDOWN/NORMAL/BTC_RISING,7,0,0,7,0.7142857142857143,0.6794190116368829,0.9135001711534306,,INSUFFICIENT_DATA,1.0,2026-07-21T16:43:10.949314+00:00
FAILED_AUCTION_RECLAIM@ATR,OVERLAP/QUIET/EXPANDED/BTC_RISING,4,0,0,4,0.0,-0.3701702921808521,-0.37754701401589563,,INSUFFICIENT_DATA,0.0,2026-07-21T15:56:58.356802+00:00
FAILED_AUCTION_RECLAIM@ATR,OVERLAP/MARKUP/COMPRESSED/BTC_RISING,1,0,0,1,0.0,-0.5344506517690873,-2.0865139949109444,,INSUFFICIENT_DATA,0.0,2026-07-21T14:33:38.496955+00:00
FAILED_AUCTION_RECLAIM@ATR,OVERLAP/QUIET/NORMAL/BTC_RISING,7,0,0,7,0.0,-0.5223738003431053,-0.4794256322953621,,INSUFFICIENT_DATA,0.0,2026-07-21T16:22:39.065008+00:00
FAILED_AUCTION_RECLAIM@ATR,OVERLAP/MARKDOWN/COMPRESSED/BTC_RISING,1,0,0,1,1.0,0.05196964972456232,0.2066115702479398,,INSUFFICIENT_DATA,1.0,2026-07-21T14:54:35.668003+00:00
FAILED_AUCTION_RECLAIM@ATR,OVERLAP/DISTRIBUTION/NORMAL/BTC_RISING,3,0,0,3,0.3333333333333333,-0.13412041461431934,-0.35252558827589703,,INSUFFICIENT_DATA,1.0,2026-07-21T15:26:11.076466+00:00
FAILED_AUCTION_RECLAIM@ATR,OVERLAP/MARKUP/EXPANDED/BTC_RISING,1,0,0,1,0.0,-0.10268205528401875,-0.36023054755043254,,INSUFFICIENT_DATA,0.0,2026-07-21T15:26:11.076624+00:00
FAILED_AUCTION_RECLAIM@ATR,OVERLAP/DISTRIBUTION/EXPANDED/BTC_RISING,2,0,0,2,0.5,-0.42286501377411245,-0.15467192144634048,,INSUFFICIENT_DATA,1.0,2026-07-21T16:58:42.588982+00:00
FAILED_AUCTION_RECLAIM@ATR,NY/MARKDOWN/NORMAL/BTC_RISING,3,0,0,3,0.3333333333333333,-0.048188504282736334,0.13630984950928848,,INSUFFICIENT_DATA,1.0,2026-07-21T18:06:24.298772+00:00
FAILED_AUCTION_RECLAIM@ATR,NY/MARKDOWN/COMPRESSED/BTC_RISING,1,0,0,1,1.0,0.45161290322580483,0.9609224855861637,,INSUFFICIENT_DATA,1.0,2026-07-21T18:47:43.897575+00:00
FAILED_AUCTION_RECLAIM@ATR,NY/MARKDOWN/CASCADE/BTC_NEUTRAL,3,0,0,3,1.0,0.16041627875409903,0.5254173383309665,,INSUFFICIENT_DATA,0.8401067673197754,2026-07-23T19:56:18.952207+00:00
FAILED_AUCTION_RECLAIM@ATR,OFF_HOURS/MARKDOWN/COMPRESSED/BTC_RISING,1,0,0,1,1.0,0.082492936542308,0.40899795501022246,,INSUFFICIENT_DATA,1.0,2026-07-22T00:37:20.841629+00:00
FAILED_AUCTION_RECLAIM@ATR,ASIA/DISTRIBUTION/NORMAL/BTC_RISING,2,0,0,2,0.0,-0.28144136927654057,-0.675562234571056,,INSUFFICIENT_DATA,0.0,2026-07-22T03:51:52.945137+00:00
FAILED_AUCTION_RECLAIM@ATR,ASIA/MARKDOWN/NORMAL/BTC_RISING,2,0,0,2,1.0,0.2991452991453027,0.15800784728384196,,INSUFFICIENT_DATA,1.0,2026-07-22T03:41:42.386236+00:00
FAILED_AUCTION_RECLAIM@ATR,LONDON/VOLATILE_EXPANSION/CASCADE/BTC_NEUTRAL,4,0,0,4,0.5,0.11072639538390222,-0.5062894608704072,,INSUFFICIENT_DATA,0.6668705826419571,2026-07-23T12:34:23.628418+00:00
FAILED_AUCTION_RECLAIM@ATR,LONDON/RANGE/EXPANDED/BTC_NEUTRAL,3,0,0,3,0.3333333333333333,-0.32085529603745383,-0.37524116182567574,,INSUFFICIENT_DATA,-5.352500000002464,2026-07-22T11:36:20.369319+00:00
FAILED_AUCTION_RECLAIM@ATR,LONDON/MARKDOWN/CASCADE/BTC_NEUTRAL,2,0,0,2,1.0,0.1180096660808454,0.15349555906016515,,INSUFFICIENT_DATA,0.5057588306580001,2026-07-22T11:15:34.916285+00:00
FAILED_AUCTION_RECLAIM@ATR,OVERLAP/MARKDOWN/EXPANDED/BTC_NEUTRAL,1,0,0,1,1.0,1.3435555555555743,0.8444134078212312,,INSUFFICIENT_DATA,0.8491573033707869,2026-07-22T14:17:37.035045+00:00
FAILED_AUCTION_RECLAIM@FIXED,NY/QUIET/EXPANDED/BTC_NEUTRAL,17,0,0,17,0.7058823529411765,0.26620219837473347,0.22134918164570974,0.16825854546070163,POSITIVE,0.9326735508629151,2026-07-22T20:30:49.656991+00:00
FAILED_AUCTION_RECLAIM@FIXED,OFF_HOURS/QUIET/COMPRESSED/BTC_NEUTRAL,50,0,0,50,0.66,0.21187967325639206,0.1958902467151181,0.141308492993946,POSITIVE,0.9718738314912999,2026-07-24T00:17:08.067991+00:00
FAILED_AUCTION_RECLAIM@FIXED,OVERLAP/QUIET/NORMAL/BTC_NEUTRAL,50,0,0,50,0.6,0.15596742903286198,0.13466687971750027,0.07480501821661356,POSITIVE,0.8623146101837842,2026-07-23T13:58:57.054713+00:00
FAILED_AUCTION_RECLAIM@FIXED,ASIA/DISTRIBUTION/NORMAL/BTC_NEUTRAL,32,0,0,32,0.65625,0.15057428413206747,0.1692089965824029,0.062279305854211486,POSITIVE,0.915416069812987,2026-07-24T03:14:24.760189+00:00
FAILED_AUCTION_RECLAIM@FIXED,OVERLAP/QUIET/EXPANDED/BTC_NEUTRAL,29,0,0,29,0.5517241379310345,0.1439093782917902,0.10684769883810474,0.018611662948527397,FLAT,0.9151282327826992,2026-07-23T16:32:02.684110+00:00
FAILED_AUCTION_RECLAIM@FIXED,ASIA/QUIET/COMPRESSED/BTC_NEUTRAL,50,0,0,50,0.42,0.07758145046567856,0.12368941471641232,0.0006545260304976763,FLAT,0.960283676852738,2026-07-24T03:50:49.319960+00:00
FAILED_AUCTION_RECLAIM@FIXED,ASIA/QUIET/NORMAL/BTC_RISING,19,0,0,19,0.47368421052631576,0.12158329761381456,0.10072383610056761,-0.01422240925171575,FLAT,1.0,2026-07-22T03:05:49.664313+00:00
FAILED_AUCTION_RECLAIM@FIXED,NY/QUIET/NORMAL/BTC_NEUTRAL,50,0,0,50,0.62,0.026874839243193175,0.034908487394362774,-0.02149750137327469,FLAT,0.860374345001233,2026-07-23T22:37:58.002453+00:00
FAILED_AUCTION_RECLAIM@FIXED,LONDON/QUIET/COMPRESSED/BTC_NEUTRAL,50,0,0,50,0.56,0.029899700456487644,0.025764691064824673,-0.04231900285338189,FLAT,0.8516142354850861,2026-07-23T12:55:41.712299+00:00
FAILED_AUCTION_RECLAIM@FIXED,NY/MARKDOWN/NORMAL/BTC_NEUTRAL,17,0,0,17,0.5882352941176471,0.07543189500308467,0.07038368334296147,-0.05050033850065347,NEGATIVE,0.9486875864073316,2026-07-23T20:53:44.712788+00:00
FAILED_AUCTION_RECLAIM@FIXED,LONDON/QUIET/NORMAL/BTC_NEUTRAL,50,0,0,50,0.54,-0.009486372776365397,-0.010510899200302144,-0.06108248986575507,NEGATIVE,0.9023739307727344,2026-07-23T12:39:37.230653+00:00
FAILED_AUCTION_RECLAIM@FIXED,NY/VOLATILE_EXPANSION/CASCADE/BTC_NEUTRAL,26,0,0,26,0.46153846153846156,0.030613828541285273,0.030335716402640836,-0.06835231155507782,NEGATIVE,0.9774062341829924,2026-07-23T19:40:42.874237+00:00
FAILED_AUCTION_RECLAIM@FIXED,NY/QUIET/COMPRESSED/BTC_NEUTRAL,36,0,0,36,0.5,0.02607072807796669,0.06992690222277975,-0.07779459035310884,NEGATIVE,0.9791400805090614,2026-07-23T22:17:04.056651+00:00
FAILED_AUCTION_RECLAIM@FIXED,LONDON/MARKDOWN/NORMAL/BTC_NEUTRAL,20,0,0,20,0.5,0.04257591918441319,0.09307697602731188,-0.10706178928814719,NEGATIVE,0.9845217172739382,2026-07-23T08:53:11.660329+00:00
FAILED_AUCTION_RECLAIM@FIXED,OVERLAP/RANGE/NORMAL/BTC_NEUTRAL,15,0,0,15,0.4666666666666667,0.07174404271785274,-0.0522266605442644,-0.13862865765413734,NEGATIVE,0.9561953586508695,2026-07-23T15:23:15.336173+00:00
FAILED_AUCTION_RECLAIM@FIXED,OVERLAP/VOLATILE_EXPANSION/CASCADE/BTC_NEUTRAL,36,0,0,36,0.4722222222222222,-0.044025702246499224,-0.05072258763180616,-0.1391764459454619,NEGATIVE,0.8952612700007252,2026-07-23T16:16:19.095805+00:00
FAILED_AUCTION_RECLAIM@FIXED,NY/VOLATILE_EXPANSION/CASCADE/BTC_RISING,18,0,0,18,0.5,-0.09975795583409432,-0.07454891852690665,-0.14079786176933518,NEGATIVE,1.0,2026-07-21T18:21:48.607986+00:00
FAILED_AUCTION_RECLAIM@FIXED,ASIA/MARKDOWN/NORMAL/BTC_NEUTRAL,25,0,0,25,0.4,-0.059254406820800715,-0.028154560291243504,-0.1414993262685351,NEGATIVE,0.9351827885288423,2026-07-23T04:53:27.466254+00:00
FAILED_AUCTION_RECLAIM@FIXED,NY/QUIET/NORMAL/BTC_RISING,19,0,0,19,0.5263157894736842,-0.07120281026787015,-0.09586709650213253,-0.1432013339501612,NEGATIVE,1.0,2026-07-21T18:57:57.646817+00:00
FAILED_AUCTION_RECLAIM@FIXED,ASIA/QUIET/NORMAL/BTC_NEUTRAL,50,0,0,50,0.48,-0.15896287889380795,-0.12710121351463063,-0.1962197305366663,NEGATIVE,0.7255562024271527,2026-07-24T02:43:18.281567+00:00
FAILED_AUCTION_RECLAIM@FIXED,OFF_HOURS/QUIET/NORMAL/BTC_NEUTRAL,26,0,0,26,0.4230769230769231,-0.17786478597383118,-0.14759624240754193,-0.2171269662488215,NEGATIVE,0.5777234787504324,2026-07-23T23:56:13.308106+00:00
FAILED_AUCTION_RECLAIM@FIXED,NY/DISTRIBUTION/NORMAL/BTC_NEUTRAL,29,0,0,29,0.4482758620689655,-0.183520506557942,-0.2791960189126661,-0.2422166532084062,NEGATIVE,0.8272794979725469,2026-07-23T22:27:33.115021+00:00
FAILED_AUCTION_RECLAIM@FIXED,NY/RANGE/NORMAL/BTC_NEUTRAL,34,0,0,34,0.35294117647058826,-0.22743040220340913,-0.41278307977967277,-0.3076371653996808,NEGATIVE,0.9805080579619828,2026-07-23T20:58:55.293590+00:00
FAILED_AUCTION_RECLAIM@FIXED,ASIA/RANGE/NORMAL/BTC_NEUTRAL,19,0,0,19,0.3684210526315789,-0.18498281240927913,-0.34420336375697663,-0.30983552339700704,NEGATIVE,1.0,2026-07-23T01:26:21.221049+00:00
FAILED_AUCTION_RECLAIM@FIXED,OVERLAP/VOLATILE_EXPANSION/CASCADE/BTC_RISING,17,0,0,17,0.23529411764705882,-0.4083690326939034,-0.3867430702708305,-0.473831657889638,NEGATIVE,1.0,2026-07-21T16:53:31.899857+00:00
FAILED_AUCTION_RECLAIM@FIXED,LONDON/RANGE/NORMAL/BTC_NEUTRAL,14,0,0,14,0.6428571428571429,0.08814159229059335,-0.10637968865221883,,INSUFFICIENT_DATA,1.0,2026-07-20T09:22:59.492077+00:00
FAILED_AUCTION_RECLAIM@FIXED,LONDON/DISTRIBUTION/NORMAL/BTC_NEUTRAL,13,0,0,13,0.5384615384615384,-0.012683873006589269,0.005856187384055851,,INSUFFICIENT_DATA,0.9653274416059826,2026-07-23T11:15:43.037069+00:00
FAILED_AUCTION_RECLAIM@FIXED,LONDON/MARKUP/CASCADE/BTC_NEUTRAL,3,0,0,3,0.3333333333333333,-0.21566898364283968,-0.6327766613345034,,INSUFFICIENT_DATA,1.0,2026-07-19T09:37:08.794389+00:00
FAILED_AUCTION_RECLAIM@FIXED,LONDON/MARKUP/NORMAL/BTC_NEUTRAL,10,0,0,10,0.3,-0.38538268029152073,-0.4306627246806583,,INSUFFICIENT_DATA,1.0,2026-07-23T08:26:59.659363+00:00
FAILED_AUCTION_RECLAIM@FIXED,LONDON/MARKDOWN/EXPANDED/BTC_NEUTRAL,4,0,0,4,0.75,0.616780205488225,0.9265539722201755,,INSUFFICIENT_DATA,1.0,2026-07-16T10:03:24.457250+00:00
FAILED_AUCTION_RECLAIM@FIXED,OVERLAP/DISTRIBUTION/NORMAL/BTC_NEUTRAL,12,0,0,12,0.5833333333333334,-0.1102368062332678,0.028608875656694694,,INSUFFICIENT_DATA,0.9150476894266183,2026-07-23T13:22:16.756376+00:00
FAILED_AUCTION_RECLAIM@FIXED,OVERLAP/QUIET/COMPRESSED/BTC_NEUTRAL,13,0,0,13,0.7692307692307693,0.22064287619972348,0.06708669731856941,,INSUFFICIENT_DATA,0.8902613694259142,2026-07-23T13:06:29.542543+00:00
FAILED_AUCTION_RECLAIM@FIXED,OVERLAP/MARKDOWN/CASCADE/BTC_NEUTRAL,5,0,0,5,0.6,0.5148041645557923,0.5320117476686422,,INSUFFICIENT_DATA,0.9546793586386976,2026-07-23T16:26:48.781025+00:00
FAILED_AUCTION_RECLAIM@FIXED,NY/MARKDOWN/COMPRESSED/BTC_NEUTRAL,5,0,0,5,0.4,-0.1874128732082474,-0.2471672859725386,,INSUFFICIENT_DATA,0.871717234720161,2026-07-22T21:02:00.534823+00:00
FAILED_AUCTION_RECLAIM@FIXED,NY/ACCUMULATION/EXPANDED/BTC_NEUTRAL,2,0,0,2,0.0,-0.6170749279538905,-0.5863617160455366,,INSUFFICIENT_DATA,0.0,2026-07-19T22:26:42.667223+00:00
FAILED_AUCTION_RECLAIM@FIXED,NY/ACCUMULATION/NORMAL/BTC_NEUTRAL,4,0,0,4,0.0,-0.24243019849208686,-0.35446641775997845,,INSUFFICIENT_DATA,0.0,2026-07-16T21:27:55.298969+00:00
FAILED_AUCTION_RECLAIM@FIXED,NY/MARKUP/COMPRESSED/BTC_NEUTRAL,3,0,0,3,1.0,0.46415183942680827,0.824106885477364,,INSUFFICIENT_DATA,0.9427987574166126,2026-07-23T21:51:00.183679+00:00
FAILED_AUCTION_RECLAIM@FIXED,OFF_HOURS/MARKDOWN/COMPRESSED/BTC_NEUTRAL,4,0,0,4,0.5,0.09330536427953108,0.031599414750064204,,INSUFFICIENT_DATA,0.8045974493988576,2026-07-23T00:49:47.584721+00:00
FAILED_AUCTION_RECLAIM@FIXED,OFF_HOURS/MARKUP/COMPRESSED/BTC_NEUTRAL,2,0,0,2,0.5,-0.17129159477996206,-0.20528057115492954,,INSUFFICIENT_DATA,1.0,2026-07-21T00:43:42.699634+00:00
FAILED_AUCTION_RECLAIM@FIXED,OFF_HOURS/ACCUMULATION/NORMAL/BTC_NEUTRAL,1,0,0,1,1.0,0.1826807570733421,0.1784941583729971,,INSUFFICIENT_DATA,1.0,2026-07-14T23:54:30.207515+00:00
FAILED_AUCTION_RECLAIM@FIXED,ASIA/MARKDOWN/EXPANDED/BTC_NEUTRAL,3,0,0,3,0.0,-0.8278307316848559,-0.8596867784834265,,INSUFFICIENT_DATA,0.0,2026-07-22T07:52:37.483822+00:00
FAILED_AUCTION_RECLAIM@FIXED,ASIA/MARKUP/EXPANDED/BTC_NEUTRAL,1,0,0,1,1.0,0.6099640060240137,0.6845238095238213,,INSUFFICIENT_DATA,1.0,2026-07-15T05:07:54.741639+00:00
FAILED_AUCTION_RECLAIM@FIXED,ASIA/MARKUP/NORMAL/BTC_NEUTRAL,12,0,0,12,0.5,-0.2133429052445943,-0.2703410096642341,,INSUFFICIENT_DATA,0.92447300414506,2026-07-24T02:01:29.200073+00:00
FAILED_AUCTION_RECLAIM@FIXED,ASIA/RANGE/NORMAL/BTC_RISING,4,0,0,4,0.5,0.044203813210891674,0.11117463366948577,,INSUFFICIENT_DATA,1.0,2026-07-22T01:53:57.676082+00:00
FAILED_AUCTION_RECLAIM@FIXED,LONDON/QUIET/EXPANDED/BTC_NEUTRAL,13,0,0,13,0.6923076923076923,0.18981371724365798,0.18602739824293793,,INSUFFICIENT_DATA,0.9629475933652121,2026-07-23T12:23:44.436404+00:00
FAILED_AUCTION_RECLAIM@FIXED,LONDON/MARKDOWN/COMPRESSED/BTC_NEUTRAL,3,0,0,3,0.3333333333333333,-0.6408839750516332,-0.6824561566603248,,INSUFFICIENT_DATA,1.0,2026-07-16T11:24:35.186378+00:00
FAILED_AUCTION_RECLAIM@FIXED,OVERLAP/RANGE/EXPANDED/BTC_NEUTRAL,12,0,0,12,0.8333333333333334,0.8364537299014422,0.7511976360022016,,INSUFFICIENT_DATA,0.9742402690795879,2026-07-22T14:38:25.493108+00:00
FAILED_AUCTION_RECLAIM@FIXED,OVERLAP/RANGE/NORMAL/BTC_RISING,1,0,0,1,0.0,-0.6043044657595019,-1.4039890496675722,,INSUFFICIENT_DATA,0.0,2026-07-15T14:37:20.987795+00:00
FAILED_AUCTION_RECLAIM@FIXED,OVERLAP/MARKDOWN/CASCADE/BTC_RISING,5,0,0,5,0.4,0.015846185880788666,0.016338778476916713,,INSUFFICIENT_DATA,1.0,2026-07-21T16:43:10.947618+00:00
FAILED_AUCTION_RECLAIM@FIXED,OVERLAP/QUIET/COMPRESSED/BTC_RISING,3,0,0,3,0.3333333333333333,-0.1175039603705214,-0.5969752762067979,,INSUFFICIENT_DATA,1.0,2026-07-21T15:15:50.236315+00:00
FAILED_AUCTION_RECLAIM@FIXED,OVERLAP/RANGE/EXPANDED/BTC_RISING,6,0,0,6,0.0,-0.3993916085108815,-0.4040881758158739,,INSUFFICIENT_DATA,0.0,2026-07-21T16:43:10.949023+00:00
FAILED_AUCTION_RECLAIM@FIXED,NY/DISTRIBUTION/EXPANDED/BTC_RISING,4,0,0,4,0.75,0.38014199306511937,0.4108512857341109,,INSUFFICIENT_DATA,1.0,2026-07-21T18:57:57.646601+00:00
FAILED_AUCTION_RECLAIM@FIXED,NY/RANGE/EXPANDED/BTC_RISING,4,0,0,4,0.25,-0.5136982317356953,-0.4183725428581909,,INSUFFICIENT_DATA,1.0,2026-07-21T17:34:58.233976+00:00
FAILED_AUCTION_RECLAIM@FIXED,NY/MARKDOWN/EXPANDED/BTC_NEUTRAL,2,0,0,2,0.5,-0.11152713111003466,-0.08594963524754584,,INSUFFICIENT_DATA,1.0,2026-07-22T19:23:21.853945+00:00
FAILED_AUCTION_RECLAIM@FIXED,NY/RANGE/EXPANDED/BTC_NEUTRAL,8,0,0,8,0.75,0.14808041474429637,0.011601431957410466,,INSUFFICIENT_DATA,0.8727852607421143,2026-07-23T19:35:30.227683+00:00
FAILED_AUCTION_RECLAIM@FIXED,NY/MARKUP/NORMAL/BTC_NEUTRAL,6,0,0,6,0.6666666666666666,0.1438528651534619,0.28028674499964507,,INSUFFICIENT_DATA,0.9269820507110911,2026-07-23T22:11:49.864303+00:00
FAILED_AUCTION_RECLAIM@FIXED,NY/MARKUP/CASCADE/BTC_NEUTRAL,4,0,0,4,0.25,-0.19085254995049444,-0.22636330754754114,,INSUFFICIENT_DATA,1.0,2026-07-23T17:03:47.710615+00:00
FAILED_AUCTION_RECLAIM@FIXED,OFF_HOURS/MARKUP/NORMAL/BTC_NEUTRAL,1,0,0,1,0.0,-0.37953015715646893,-0.5200594353640462,,INSUFFICIENT_DATA,0.0,2026-07-15T23:13:42.314629+00:00
FAILED_AUCTION_RECLAIM@FIXED,OFF_HOURS/MARKDOWN/NORMAL/BTC_NEUTRAL,2,0,0,2,0.5,0.35702833635587217,0.08973976473554951,,INSUFFICIENT_DATA,1.0,2026-07-20T00:39:21.080061+00:00
FAILED_AUCTION_RECLAIM@FIXED,OFF_HOURS/DISTRIBUTION/NORMAL/BTC_NEUTRAL,7,0,0,7,0.2857142857142857,-0.3262263212929855,-0.3097631017187732,,INSUFFICIENT_DATA,0.8641910949893397,2026-07-23T23:45:47.996926+00:00
FAILED_AUCTION_RECLAIM@FIXED,ASIA/MARKDOWN/COMPRESSED/BTC_NEUTRAL,5,0,0,5,0.8,0.3983586136412768,0.49535095695819364,,INSUFFICIENT_DATA,0.9484723438875832,2026-07-23T06:57:58.747852+00:00
FAILED_AUCTION_RECLAIM@FIXED,ASIA/DISTRIBUTION/EXPANDED/BTC_NEUTRAL,5,0,0,5,0.2,-0.4803589255474107,-0.5835741789899811,,INSUFFICIENT_DATA,1.0,2026-07-22T07:16:45.366754+00:00
FAILED_AUCTION_RECLAIM@FIXED,LONDON/DISTRIBUTION/EXPANDED/BTC_NEUTRAL,3,0,0,3,0.6666666666666666,-0.14383387604158146,-0.10591992186512132,,INSUFFICIENT_DATA,1.0,2026-07-22T09:09:19.959677+00:00
FAILED_AUCTION_RECLAIM@FIXED,LONDON/RANGE/EXPANDED/BTC_FALLING,1,0,0,1,0.0,-0.3581870821363872,-0.9428879310344687,,INSUFFICIENT_DATA,0.0,2026-07-16T09:27:49.476129+00:00
FAILED_AUCTION_RECLAIM@FIXED,OVERLAP/MARKUP/NORMAL/BTC_NEUTRAL,6,0,0,6,0.5,0.09633510588662737,0.04040836629284811,,INSUFFICIENT_DATA,1.0,2026-07-18T16:01:41.072588+00:00
FAILED_AUCTION_RECLAIM@FIXED,OVERLAP/MARKUP/CASCADE/BTC_NEUTRAL,4,0,0,4,0.25,-0.44617354470411025,-0.41842867487878294,,INSUFFICIENT_DATA,1.0,2026-07-20T15:50:38.320853+00:00
FAILED_AUCTION_RECLAIM@FIXED,OVERLAP/ACCUMULATION/NORMAL/BTC_NEUTRAL,4,0,0,4,0.25,-0.4156147905081265,-0.6311529149455357,,INSUFFICIENT_DATA,1.0,2026-07-18T16:01:41.072930+00:00
FAILED_AUCTION_RECLAIM@FIXED,OVERLAP/MARKDOWN/COMPRESSED/BTC_NEUTRAL,5,0,0,5,1.0,1.3166435980731748,1.8750839389524585,,INSUFFICIENT_DATA,0.9689935930983539,2026-07-22T14:02:04.354042+00:00
FAILED_AUCTION_RECLAIM@FIXED,NY/MARKUP/EXPANDED/BTC_NEUTRAL,2,0,0,2,0.5,-0.1842238490470452,-0.02441352694024984,,INSUFFICIENT_DATA,1.0,2026-07-16T22:59:44.288865+00:00
FAILED_AUCTION_RECLAIM@FIXED,OFF_HOURS/MARKUP/COMPRESSED/BTC_FALLING,1,0,0,1,0.0,-0.04612546125460763,-0.13837638376382239,,INSUFFICIENT_DATA,0.0,2026-07-17T00:21:53.605473+00:00
FAILED_AUCTION_RECLAIM@FIXED,ASIA/QUIET/NORMAL/BTC_FALLING,5,0,0,5,0.2,-0.6133167392657112,-0.6303099959838655,,INSUFFICIENT_DATA,1.0,2026-07-17T02:39:27.319794+00:00
FAILED_AUCTION_RECLAIM@FIXED,ASIA/MARKUP/NORMAL/BTC_FALLING,5,0,0,5,1.0,0.9769527550571316,1.1187111289148106,,INSUFFICIENT_DATA,1.0,2026-07-17T05:27:00.663988+00:00
FAILED_AUCTION_RECLAIM@FIXED,ASIA/VOLATILE_EXPANSION/CASCADE/BTC_FALLING,3,0,0,3,0.6666666666666666,0.05360269582900198,-0.24912200062656287,,INSUFFICIENT_DATA,1.0,2026-07-17T06:49:55.386846+00:00
FAILED_AUCTION_RECLAIM@FIXED,ASIA/MARKUP/CASCADE/BTC_FALLING,1,0,0,1,1.0,0.22551204499628863,0.19406392694064326,,INSUFFICIENT_DATA,1.0,2026-07-17T05:11:45.544378+00:00
FAILED_AUCTION_RECLAIM@FIXED,ASIA/ACCUMULATION/NORMAL/BTC_FALLING,1,0,0,1,1.0,1.0572646188956991,1.912061994609171,,INSUFFICIENT_DATA,1.0,2026-07-17T05:57:30.413116+00:00
FAILED_AUCTION_RECLAIM@FIXED,ASIA/RANGE/EXPANDED/BTC_FALLING,1,0,0,1,0.0,-0.1338022784207353,-0.23294819232202757,,INSUFFICIENT_DATA,0.0,2026-07-17T06:39:44.849249+00:00
FAILED_AUCTION_RECLAIM@FIXED,ASIA/RANGE/NORMAL/BTC_FALLING,1,0,0,1,0.0,-0.3775389494349484,-0.33854586490407723,,INSUFFICIENT_DATA,0.0,2026-07-17T06:44:51.800061+00:00
FAILED_AUCTION_RECLAIM@FIXED,ASIA/MARKDOWN/NORMAL/BTC_FALLING,1,0,0,1,1.0,0.059574430058876526,0.10851871947911328,,INSUFFICIENT_DATA,1.0,2026-07-17T07:14:31.921978+00:00
FAILED_AUCTION_RECLAIM@FIXED,ASIA/DISTRIBUTION/NORMAL/BTC_FALLING,1,0,0,1,1.0,0.6255315156181777,1.1431682090364674,,INSUFFICIENT_DATA,1.0,2026-07-17T07:29:51.375425+00:00
FAILED_AUCTION_RECLAIM@FIXED,LONDON/QUIET/NORMAL/BTC_FALLING,5,0,0,5,0.8,0.19996398499626616,0.17637134057614468,,INSUFFICIENT_DATA,1.0,2026-07-17T12:28:51.576446+00:00
FAILED_AUCTION_RECLAIM@FIXED,LONDON/MARKDOWN/NORMAL/BTC_FALLING,1,0,0,1,0.0,-1.0,-1.1173263168297238,,INSUFFICIENT_DATA,0.0,2026-07-17T10:08:50.864000+00:00
FAILED_AUCTION_RECLAIM@FIXED,LONDON/MARKUP/COMPRESSED/BTC_FALLING,2,0,0,2,0.0,-1.0,-1.231663372700937,,INSUFFICIENT_DATA,0.0,2026-07-17T11:15:54.863109+00:00
FAILED_AUCTION_RECLAIM@FIXED,LONDON/QUIET/COMPRESSED/BTC_FALLING,8,0,0,8,0.5,-0.05087931633871163,-0.0681464332150795,,INSUFFICIENT_DATA,1.0,2026-07-17T12:38:59.898041+00:00
FAILED_AUCTION_RECLAIM@FIXED,LONDON/QUIET/EXPANDED/BTC_FALLING,1,0,0,1,0.0,-0.38731245923026486,-0.30984996738421605,,INSUFFICIENT_DATA,0.0,2026-07-17T10:44:47.325463+00:00
FAILED_AUCTION_RECLAIM@FIXED,OVERLAP/MARKDOWN/NORMAL/BTC_FALLING,2,0,0,2,0.0,-1.0,-0.8411980440097809,,INSUFFICIENT_DATA,0.0,2026-07-17T13:41:10.782360+00:00
FAILED_AUCTION_RECLAIM@FIXED,OVERLAP/QUIET/NORMAL/BTC_FALLING,1,0,0,1,1.0,0.283584508183432,0.22686760654674396,,INSUFFICIENT_DATA,1.0,2026-07-17T13:35:57.553975+00:00
FAILED_AUCTION_RECLAIM@FIXED,OVERLAP/MARKDOWN/CASCADE/BTC_FALLING,2,0,0,2,1.0,0.0921835724556751,0.15154976663670663,,INSUFFICIENT_DATA,1.0,2026-07-17T14:51:45.088786+00:00
FAILED_AUCTION_RECLAIM@FIXED,OVERLAP/MARKDOWN/EXPANDED/BTC_FALLING,1,0,0,1,1.0,1.9999999982112655,2.110533048303992,,INSUFFICIENT_DATA,1.0,2026-07-17T14:46:39.982837+00:00
FAILED_AUCTION_RECLAIM@FIXED,OVERLAP/MARKUP/CASCADE/BTC_FALLING,1,0,0,1,0.0,-1.0,-1.0367943174799372,,INSUFFICIENT_DATA,0.0,2026-07-17T16:23:47.428129+00:00
FAILED_AUCTION_RECLAIM@FIXED,ASIA/ACCUMULATION/NORMAL/BTC_NEUTRAL,4,0,0,4,0.25,-0.20839885593555924,-0.6592005433729686,,INSUFFICIENT_DATA,1.0,2026-07-24T02:22:30.152027+00:00
FAILED_AUCTION_RECLAIM@FIXED,ASIA/RANGE/EXPANDED/BTC_NEUTRAL,4,0,0,4,0.0,-0.6493399068178216,-0.8273619358232382,,INSUFFICIENT_DATA,0.0,2026-07-22T05:54:32.988659+00:00
FAILED_AUCTION_RECLAIM@FIXED,LONDON/MARKUP/COMPRESSED/BTC_NEUTRAL,2,0,0,2,0.5,-0.07605229861015805,-0.02300950768198129,,INSUFFICIENT_DATA,1.0,2026-07-23T12:34:23.628213+00:00
FAILED_AUCTION_RECLAIM@FIXED,OVERLAP/ACCUMULATION/EXPANDED/BTC_NEUTRAL,1,0,0,1,1.0,1.035348355651933,1.1375831723545882,,INSUFFICIENT_DATA,1.0,2026-07-18T14:09:18.851844+00:00
FAILED_AUCTION_RECLAIM@FIXED,OVERLAP/MARKDOWN/NORMAL/BTC_NEUTRAL,6,0,0,6,1.0,0.5286775401016884,0.6801095737541706,,INSUFFICIENT_DATA,0.8718128794154344,2026-07-22T14:02:04.354565+00:00
FAILED_AUCTION_RECLAIM@FIXED,NY/QUIET/EXPANDED/BTC_RISING,11,0,0,11,0.09090909090909091,-0.47168910859997604,-0.4080473986917415,,INSUFFICIENT_DATA,1.0,2026-07-21T18:11:32.368920+00:00
FAILED_AUCTION_RECLAIM@FIXED,NY/DISTRIBUTION/NORMAL/BTC_RISING,6,0,0,6,0.5,-0.41814691150358124,-0.33055079923734904,,INSUFFICIENT_DATA,1.0,2026-07-21T18:52:51.303903+00:00
FAILED_AUCTION_RECLAIM@FIXED,NY/MARKUP/NORMAL/BTC_RISING,1,0,0,1,1.0,0.14879446722653003,0.14068655036578515,,INSUFFICIENT_DATA,1.0,2026-07-18T19:35:54.527030+00:00
FAILED_AUCTION_RECLAIM@FIXED,NY/ACCUMULATION/EXPANDED/BTC_RISING,3,0,0,3,0.3333333333333333,-0.11798806008938145,-0.1950326900094109,,INSUFFICIENT_DATA,1.0,2026-07-18T20:01:15.839609+00:00
FAILED_AUCTION_RECLAIM@FIXED,NY/QUIET/COMPRESSED/BTC_RISING,9,0,0,9,0.4444444444444444,-0.002333518270942895,0.020706138295171456,,INSUFFICIENT_DATA,1.0,2026-07-21T22:13:46.235039+00:00
FAILED_AUCTION_RECLAIM@FIXED,NY/ACCUMULATION/NORMAL/BTC_RISING,1,0,0,1,0.0,-1.0,-0.7999999999999969,,INSUFFICIENT_DATA,0.0,2026-07-18T22:50:08.327273+00:00
FAILED_AUCTION_RECLAIM@FIXED,NY/RANGE/NORMAL/BTC_RISING,2,0,0,2,0.5,-0.44601209329109903,-0.3568096746328763,,INSUFFICIENT_DATA,1.0,2026-07-21T18:27:01.002965+00:00
FAILED_AUCTION_RECLAIM@FIXED,OFF_HOURS/QUIET/EXPANDED/BTC_RISING,2,0,0,2,0.0,-0.4038005113370795,-0.3230299356097532,,INSUFFICIENT_DATA,0.0,2026-07-18T23:15:33.477673+00:00
FAILED_AUCTION_RECLAIM@FIXED,OFF_HOURS/QUIET/NORMAL/BTC_RISING,3,0,0,3,0.6666666666666666,0.24116013518868581,0.23010041833214404,,INSUFFICIENT_DATA,1.0,2026-07-22T00:32:14.855104+00:00
FAILED_AUCTION_RECLAIM@FIXED,OFF_HOURS/QUIET/COMPRESSED/BTC_RISING,9,0,0,9,0.5555555555555556,0.18345255511241682,0.11190087180131636,,INSUFFICIENT_DATA,1.0,2026-07-22T00:57:45.139198+00:00
FAILED_AUCTION_RECLAIM@FIXED,ASIA/QUIET/EXPANDED/BTC_RISING,1,0,0,1,1.0,0.7467144563918725,0.5973715651135012,,INSUFFICIENT_DATA,1.0,2026-07-19T01:12:00.989344+00:00
FAILED_AUCTION_RECLAIM@FIXED,ASIA/MARKUP/NORMAL/BTC_RISING,1,0,0,1,1.0,0.3248958856366443,0.40029112081513457,,INSUFFICIENT_DATA,1.0,2026-07-19T01:12:00.989507+00:00
FAILED_AUCTION_RECLAIM@FIXED,ASIA/QUIET/COMPRESSED/BTC_RISING,11,0,0,11,0.7272727272727273,0.08983543574498626,0.15038129096257463,,INSUFFICIENT_DATA,1.0,2026-07-22T03:41:42.386300+00:00
FAILED_AUCTION_RECLAIM@FIXED,ASIA/MARKDOWN/COMPRESSED/BTC_RISING,1,0,0,1,0.0,-0.28161459031782327,-0.34151894617011197,,INSUFFICIENT_DATA,0.0,2026-07-19T02:22:58.159560+00:00
FAILED_AUCTION_RECLAIM@FIXED,ASIA/VOLATILE_EXPANSION/CASCADE/BTC_NEUTRAL,10,0,0,10,0.5,0.2997622200805562,0.43869071837619666,,INSUFFICIENT_DATA,1.0,2026-07-22T05:13:42.324051+00:00
FAILED_AUCTION_RECLAIM@FIXED,ASIA/QUIET/EXPANDED/BTC_NEUTRAL,10,0,0,10,0.2,-0.3944030440845022,-0.3327834962790815,,INSUFFICIENT_DATA,1.0,2026-07-22T05:34:06.674508+00:00
FAILED_AUCTION_RECLAIM@FIXED,ASIA/ACCUMULATION/EXPANDED/BTC_NEUTRAL,1,0,0,1,0.0,-1.0,-2.3836180744052347,,INSUFFICIENT_DATA,0.0,2026-07-19T06:36:36.745452+00:00
FAILED_AUCTION_RECLAIM@FIXED,LONDON/MARKUP/EXPANDED/BTC_NEUTRAL,1,0,0,1,1.0,1.4891891891891895,4.467567567567568,,INSUFFICIENT_DATA,1.0,2026-07-19T08:10:39.621021+00:00
FAILED_AUCTION_RECLAIM@FIXED,OVERLAP/MARKUP/COMPRESSED/BTC_NEUTRAL,1,0,0,1,0.0,-0.03649635036496433,-0.0887311446317679,,INSUFFICIENT_DATA,0.0,2026-07-19T14:55:51.389462+00:00
FAILED_AUCTION_RECLAIM@FIXED,NY/DISTRIBUTION/EXPANDED/BTC_NEUTRAL,8,0,0,8,0.25,-0.6524905612759678,-0.5385558985290047,,INSUFFICIENT_DATA,0.7885735109323939,2026-07-23T20:12:09.439172+00:00
FAILED_AUCTION_RECLAIM@FIXED,OFF_HOURS/MARKDOWN/CASCADE/BTC_NEUTRAL,2,0,0,2,0.0,-0.6333333333333351,-0.5203342933913406,,INSUFFICIENT_DATA,0.0,2026-07-19T23:17:41.731276+00:00
FAILED_AUCTION_RECLAIM@FIXED,OFF_HOURS/QUIET/EXPANDED/BTC_NEUTRAL,3,0,0,3,0.3333333333333333,0.10080399828949203,0.08064319863159373,,INSUFFICIENT_DATA,1.0,2026-07-19T23:12:37.040991+00:00
FAILED_AUCTION_RECLAIM@FIXED,OFF_HOURS/VOLATILE_EXPANSION/CASCADE/BTC_NEUTRAL,10,0,0,10,0.3,-0.12475930508253186,-0.1324714846952313,,INSUFFICIENT_DATA,1.0,2026-07-19T23:43:09.268929+00:00
FAILED_AUCTION_RECLAIM@FIXED,OFF_HOURS/MARKDOWN/EXPANDED/BTC_NEUTRAL,1,0,0,1,0.0,-1.0,-1.0389733327337285,,INSUFFICIENT_DATA,0.0,2026-07-20T00:18:46.858840+00:00
FAILED_AUCTION_RECLAIM@FIXED,ASIA/MARKDOWN/CASCADE/BTC_NEUTRAL,5,0,0,5,0.2,0.008860769908557276,-0.000970297771400841,,INSUFFICIENT_DATA,1.0,2026-07-22T07:42:22.990502+00:00
FAILED_AUCTION_RECLAIM@FIXED,LONDON/ACCUMULATION/NORMAL/BTC_NEUTRAL,1,0,0,1,0.0,-0.16375867648053755,-0.2536783358701075,,INSUFFICIENT_DATA,0.0,2026-07-20T11:55:33.311269+00:00
FAILED_AUCTION_RECLAIM@FIXED,OVERLAP/DISTRIBUTION/EXPANDED/BTC_NEUTRAL,5,0,0,5,0.6,0.22618344067003066,0.2184958913470938,,INSUFFICIENT_DATA,1.0,2026-07-22T14:27:59.943598+00:00
FAILED_AUCTION_RECLAIM@FIXED,OVERLAP/MARKUP/EXPANDED/BTC_NEUTRAL,1,0,0,1,0.0,-1.0,-1.7990100744634294,,INSUFFICIENT_DATA,0.0,2026-07-20T16:41:51.040713+00:00
FAILED_AUCTION_RECLAIM@FIXED,ASIA/MARKUP/COMPRESSED/BTC_RISING,3,0,0,3,0.6666666666666666,-0.24170908650897152,-0.28582510154264784,,INSUFFICIENT_DATA,1.0,2026-07-21T05:01:51.418961+00:00
FAILED_AUCTION_RECLAIM@FIXED,LONDON/QUIET/NORMAL/BTC_RISING,13,0,0,13,0.38461538461538464,-0.08508641403520573,-0.09143527223613174,,INSUFFICIENT_DATA,1.0,2026-07-21T12:37:55.739586+00:00
FAILED_AUCTION_RECLAIM@FIXED,LONDON/QUIET/COMPRESSED/BTC_RISING,14,0,0,14,0.42857142857142855,-0.037946051635167254,-0.05221468101476281,,INSUFFICIENT_DATA,1.0,2026-07-21T12:58:43.396760+00:00
FAILED_AUCTION_RECLAIM@FIXED,LONDON/MARKDOWN/COMPRESSED/BTC_RISING,1,0,0,1,0.0,-0.28232496267497603,-0.4262788365095234,,INSUFFICIENT_DATA,0.0,2026-07-21T09:00:55.070111+00:00
FAILED_AUCTION_RECLAIM@FIXED,LONDON/RANGE/NORMAL/BTC_RISING,3,0,0,3,0.3333333333333333,-0.2557062146640627,-0.13569640931498736,,INSUFFICIENT_DATA,1.0,2026-07-21T11:50:54.743797+00:00
FAILED_AUCTION_RECLAIM@FIXED,LONDON/DISTRIBUTION/NORMAL/BTC_RISING,3,0,0,3,0.6666666666666666,0.13416106762845448,0.07338622807010704,,INSUFFICIENT_DATA,1.0,2026-07-21T12:53:29.922222+00:00
FAILED_AUCTION_RECLAIM@FIXED,LONDON/MARKDOWN/NORMAL/BTC_RISING,1,0,0,1,1.0,0.19070904645476874,0.41108019225904524,,INSUFFICIENT_DATA,1.0,2026-07-21T11:04:29.706623+00:00
FAILED_AUCTION_RECLAIM@FIXED,LONDON/MARKDOWN/EXPANDED/BTC_RISING,1,0,0,1,1.0,1.6381142345835045,1.3104913876668354,,INSUFFICIENT_DATA,1.0,2026-07-21T12:01:28.397663+00:00
FAILED_AUCTION_RECLAIM@FIXED,LONDON/QUIET/EXPANDED/BTC_RISING,1,0,0,1,1.0,0.26365745623286996,0.21092596498629282,,INSUFFICIENT_DATA,1.0,2026-07-21T12:37:55.739303+00:00
FAILED_AUCTION_RECLAIM@FIXED,OVERLAP/MARKDOWN/NORMAL/BTC_RISING,7,0,0,7,0.7142857142857143,0.9936987025785218,0.9135001711534306,,INSUFFICIENT_DATA,1.0,2026-07-21T16:43:10.949236+00:00
FAILED_AUCTION_RECLAIM@FIXED,OVERLAP/QUIET/EXPANDED/BTC_RISING,4,0,0,4,0.0,-0.4731221225375647,-0.37849769803005295,,INSUFFICIENT_DATA,0.0,2026-07-21T15:56:58.356690+00:00
FAILED_AUCTION_RECLAIM@FIXED,OVERLAP/MARKUP/COMPRESSED/BTC_RISING,1,0,0,1,0.0,-0.6955046649703153,-2.0865139949109444,,INSUFFICIENT_DATA,0.0,2026-07-21T14:33:38.496795+00:00
FAILED_AUCTION_RECLAIM@FIXED,OVERLAP/QUIET/NORMAL/BTC_RISING,7,0,0,7,0.0,-0.6182055989881456,-0.5054136042046483,,INSUFFICIENT_DATA,0.0,2026-07-21T16:22:39.064910+00:00
FAILED_AUCTION_RECLAIM@FIXED,OVERLAP/MARKDOWN/COMPRESSED/BTC_RISING,1,0,0,1,1.0,0.2582644628099266,0.2066115702479398,,INSUFFICIENT_DATA,1.0,2026-07-21T14:54:35.667896+00:00
FAILED_AUCTION_RECLAIM@FIXED,OVERLAP/DISTRIBUTION/NORMAL/BTC_RISING,3,0,0,3,0.3333333333333333,-0.4438916147403657,-0.47249438702784285,,INSUFFICIENT_DATA,1.0,2026-07-21T15:26:11.076432+00:00
FAILED_AUCTION_RECLAIM@FIXED,OVERLAP/MARKUP/EXPANDED/BTC_RISING,1,0,0,1,0.0,-0.32407347393801006,-0.36023054755043254,,INSUFFICIENT_DATA,0.0,2026-07-21T15:26:11.076586+00:00
FAILED_AUCTION_RECLAIM@FIXED,OVERLAP/DISTRIBUTION/EXPANDED/BTC_RISING,2,0,0,2,0.5,0.0376501250265643,0.050921133666458646,,INSUFFICIENT_DATA,1.0,2026-07-21T16:58:42.588841+00:00
FAILED_AUCTION_RECLAIM@FIXED,NY/MARKDOWN/NORMAL/BTC_RISING,3,0,0,3,0.3333333333333333,-0.501565434846377,-0.21209979655209388,,INSUFFICIENT_DATA,1.0,2026-07-21T18:06:24.298670+00:00
FAILED_AUCTION_RECLAIM@FIXED,NY/MARKDOWN/COMPRESSED/BTC_RISING,1,0,0,1,1.0,0.6502711630750088,0.9609224855861637,,INSUFFICIENT_DATA,1.0,2026-07-21T18:47:43.897255+00:00
FAILED_AUCTION_RECLAIM@FIXED,NY/MARKDOWN/CASCADE/BTC_NEUTRAL,3,0,0,3,1.0,0.6278779379006528,0.5254173383309665,,INSUFFICIENT_DATA,0.8401067673197754,2026-07-23T19:56:18.952136+00:00
FAILED_AUCTION_RECLAIM@FIXED,OFF_HOURS/MARKDOWN/COMPRESSED/BTC_RISING,1,0,0,1,1.0,0.5112474437627764,0.40899795501022246,,INSUFFICIENT_DATA,1.0,2026-07-22T00:37:20.841551+00:00
FAILED_AUCTION_RECLAIM@FIXED,ASIA/DISTRIBUTION/NORMAL/BTC_RISING,2,0,0,2,0.0,-1.0,-0.7999999999999979,,INSUFFICIENT_DATA,0.0,2026-07-22T03:51:52.945041+00:00
FAILED_AUCTION_RECLAIM@FIXED,ASIA/MARKDOWN/NORMAL/BTC_RISING,2,0,0,2,1.0,0.19750980910480243,0.15800784728384196,,INSUFFICIENT_DATA,1.0,2026-07-22T03:41:42.386186+00:00
FAILED_AUCTION_RECLAIM@FIXED,LONDON/VOLATILE_EXPANSION/CASCADE/BTC_NEUTRAL,4,0,0,4,0.5,-0.263508619134558,-0.4160057014177546,,INSUFFICIENT_DATA,0.6668705826419571,2026-07-23T12:34:23.628346+00:00
FAILED_AUCTION_RECLAIM@FIXED,LONDON/RANGE/EXPANDED/BTC_NEUTRAL,3,0,0,3,0.3333333333333333,-0.31635017768827073,-0.37524116182567574,,INSUFFICIENT_DATA,-5.352500000002464,2026-07-22T11:36:20.369279+00:00
FAILED_AUCTION_RECLAIM@FIXED,LONDON/MARKDOWN/CASCADE/BTC_NEUTRAL,2,0,0,2,1.0,0.08063501722648847,0.15349555906016515,,INSUFFICIENT_DATA,0.5057588306580001,2026-07-22T11:15:34.916210+00:00
FAILED_AUCTION_RECLAIM@FIXED,OVERLAP/MARKDOWN/EXPANDED/BTC_NEUTRAL,1,0,0,1,1.0,0.5627033587229265,0.8444134078212312,,INSUFFICIENT_DATA,0.8491573033707869,2026-07-22T14:17:37.034939+00:00
FUNDING_EXTREME_SIGNAL,ASIA/ACCUMULATION/NORMAL/BTC_FALLING,18,0,18,0,1.0,1.4999999999999778,2.1253074274471073,1.2361731741264195,STRONG,1.0,2026-07-13T05:23:45.299826+00:00
FUNDING_EXTREME_SIGNAL,NY/QUIET/COMPRESSED/BTC_NEUTRAL,20,0,20,0,0.8,0.7285340340238553,0.6388992515454237,0.477804632787157,STRONG,1.0,2026-07-20T20:12:54.085720+00:00
FUNDING_EXTREME_SIGNAL,NY/QUIET/COMPRESSED/BTC_NEUTRAL/ALTCOIN,19,0,19,0,0.7894736842105263,0.6721445578976429,0.5119551074779817,0.4230197832080027,STRONG,1.0,2026-07-20T20:12:54.085738+00:00
FUNDING_EXTREME_SIGNAL,OVERLAP/RANGE/NORMAL/BTC_NEUTRAL,17,0,17,0,0.0,-0.05269629369401196,-0.1580888810820363,-0.05269629369401196,NEGATIVE,0.0,2026-07-15T13:41:30.133748+00:00
FUNDING_EXTREME_SIGNAL,ASIA/VOLATILE_EXPANSION/EXPANDED/BTC_NEUTRAL,18,0,18,0,0.0,-1.0,-0.8661127533366998,-1.0,NEGATIVE,0.0,2026-07-16T05:48:26.854658+00:00
FUNDING_EXTREME_SIGNAL,OVERLAP/QUIET/COMPRESSED/BTC_NEUTRAL,19,0,19,0,0.0,-1.0,-0.8050813815006,-1.0,NEGATIVE,0.0,2026-07-20T14:13:14.189061+00:00
FUNDING_EXTREME_SIGNAL,OVERLAP/QUIET/COMPRESSED/BTC_NEUTRAL/ALTCOIN,19,0,19,0,0.0,-1.0,-0.8050813815006,-1.0,NEGATIVE,0.0,2026-07-20T14:13:14.189069+00:00
FUNDING_EXTREME_SIGNAL,NY/VOLATILE_EXPANSION/COMPRESSED/BTC_NEUTRAL,1,0,1,0,1.0,1.7998631542935348,0.998671222475319,,INSUFFICIENT_DATA,1.0,2026-07-12T18:04:39.684083+00:00
FUNDING_EXTREME_SIGNAL,NY/MARKUP/NORMAL/BTC_NEUTRAL,8,0,8,0,1.0,0.8203786996998756,1.5739069624393445,,INSUFFICIENT_DATA,1.0,2026-07-14T17:13:34.681230+00:00
FUNDING_EXTREME_SIGNAL,NY/DISTRIBUTION/NORMAL/BTC_NEUTRAL,7,0,7,0,0.0,-1.0,-1.6060796655574592,,INSUFFICIENT_DATA,0.0,2026-07-20T17:33:15.867710+00:00
FUNDING_EXTREME_SIGNAL,LONDON/QUIET/COMPRESSED/BTC_NEUTRAL,4,0,4,0,0.0,-1.0,-1.1497142857142866,,INSUFFICIENT_DATA,0.0,2026-07-13T11:04:50.740285+00:00
FUNDING_EXTREME_SIGNAL,NY/MARKUP/NORMAL/BTC_FALLING,12,0,12,0,1.0,1.5001209774982003,1.6114359974009094,,INSUFFICIENT_DATA,1.0,2026-07-13T22:31:36.445911+00:00
FUNDING_EXTREME_SIGNAL,ASIA/MARKUP/EXPANDED/BTC_NEUTRAL,7,0,7,0,1.0,1.5000869111767619,1.0756574847313873,,INSUFFICIENT_DATA,1.0,2026-07-14T06:09:47.868313+00:00
FUNDING_EXTREME_SIGNAL,LONDON/RANGE/EXPANDED/BTC_NEUTRAL,14,0,14,0,0.0,-1.0,-1.0448913629017866,,INSUFFICIENT_DATA,0.0,2026-07-15T09:12:42.824671+00:00
FUNDING_EXTREME_SIGNAL,OVERLAP/MARKUP/NORMAL/BTC_NEUTRAL,1,0,1,0,0.0,-0.5726872246696045,-1.0842368640533815,,INSUFFICIENT_DATA,0.0,2026-07-18T15:10:32.585770+00:00
FUNDING_EXTREME_SIGNAL,OVERLAP/DISTRIBUTION/NORMAL/BTC_NEUTRAL,7,0,7,0,0.0,-1.0,-1.1178217821782133,,INSUFFICIENT_DATA,0.0,2026-07-19T16:40:50.497357+00:00
FUNDING_EXTREME_SIGNAL,OVERLAP/DISTRIBUTION/NORMAL/BTC_NEUTRAL/ALTCOIN,7,0,7,0,0.0,-1.0,-1.1178217821782133,,INSUFFICIENT_DATA,0.0,2026-07-19T16:40:50.497363+00:00
FUNDING_EXTREME_SIGNAL,NY/VOLATILE_EXPANSION/NORMAL/BTC_NEUTRAL,1,0,1,0,0.0,-1.0,-3.000000000000006,,INSUFFICIENT_DATA,0.0,2026-07-19T20:19:25.598000+00:00
FUNDING_EXTREME_SIGNAL,NY/VOLATILE_EXPANSION/NORMAL/BTC_NEUTRAL/MIDCAP,1,0,1,0,0.0,-1.0,-3.000000000000006,,INSUFFICIENT_DATA,0.0,2026-07-19T20:19:25.598017+00:00
FUNDING_EXTREME_SIGNAL,ASIA/ACCUMULATION/NORMAL/BTC_NEUTRAL,1,0,1,0,0.0,-1.0,-0.9176384839650017,,INSUFFICIENT_DATA,0.0,2026-07-20T03:32:22.495789+00:00
FUNDING_EXTREME_SIGNAL,ASIA/ACCUMULATION/NORMAL/BTC_NEUTRAL/ALTCOIN,1,0,1,0,0.0,-1.0,-0.9176384839650017,,INSUFFICIENT_DATA,0.0,2026-07-20T03:32:22.495813+00:00
FUNDING_EXTREME_SIGNAL,ASIA/QUIET/COMPRESSED/BTC_NEUTRAL,2,0,2,0,1.0,1.5000000000000122,1.217150760719235,,INSUFFICIENT_DATA,1.0,2026-07-20T05:39:08.073470+00:00
FUNDING_EXTREME_SIGNAL,ASIA/QUIET/COMPRESSED/BTC_NEUTRAL/MIDCAP,2,0,2,0,1.0,1.5000000000000122,1.217150760719235,,INSUFFICIENT_DATA,1.0,2026-07-20T05:39:08.073478+00:00
FUNDING_EXTREME_SIGNAL,NY/DISTRIBUTION/NORMAL/BTC_NEUTRAL/ALTCOIN,2,0,2,0,0.0,-1.0,-1.4418568056648229,,INSUFFICIENT_DATA,0.0,2026-07-20T17:33:15.867719+00:00
FUNDING_EXTREME_SIGNAL,LONDON/DISTRIBUTION/NORMAL/BTC_RISING,9,0,9,0,1.0,2.5000000000000244,1.8598570681540971,,INSUFFICIENT_DATA,1.0,2026-07-21T11:50:52.565129+00:00
FUNDING_EXTREME_SIGNAL,LONDON/DISTRIBUTION/NORMAL/BTC_RISING/MIDCAP,9,0,9,0,1.0,2.5000000000000244,1.8598570681540971,,INSUFFICIENT_DATA,1.0,2026-07-21T11:50:52.565143+00:00
FUNDING_EXTREME_SIGNAL,ASIA/DISTRIBUTION/NORMAL/BTC_NEUTRAL,1,0,1,0,0.0,-1.0,-1.4899926008139088,,INSUFFICIENT_DATA,0.0,2026-07-22T04:02:03.405538+00:00
FUNDING_EXTREME_SIGNAL,ASIA/DISTRIBUTION/NORMAL/BTC_NEUTRAL/MIDCAP,1,0,1,0,0.0,-1.0,-1.4899926008139088,,INSUFFICIENT_DATA,0.0,2026-07-22T04:02:03.405575+00:00
FUNDING_EXTREME_SIGNAL,LONDON/ACCUMULATION/NORMAL/BTC_NEUTRAL,4,0,4,0,0.0,-1.1644684451522993,-1.0620290512936916,,INSUFFICIENT_DATA,0.0,2026-07-22T12:07:24.226042+00:00
FUNDING_EXTREME_SIGNAL,LONDON/ACCUMULATION/NORMAL/BTC_NEUTRAL/ALTCOIN,4,0,4,0,0.0,-1.1644684451522993,-1.0620290512936916,,INSUFFICIENT_DATA,0.0,2026-07-22T12:07:24.226056+00:00
FUNDING_EXTREME_SIGNAL@ATR,LONDON/RANGE/EXPANDED/BTC_NEUTRAL,1,0,0,1,1.0,0.37016852252798293,1.5672472616268536,,INSUFFICIENT_DATA,1.0,2026-07-15T09:07:40.242325+00:00
FUNDING_EXTREME_SIGNAL@ATR,ASIA/ACCUMULATION/NORMAL/BTC_NEUTRAL,1,0,0,1,1.0,0.07140392007521146,0.29154518950436975,,INSUFFICIENT_DATA,1.0,2026-07-20T03:32:24.140505+00:00
FUNDING_EXTREME_SIGNAL@ATR,LONDON/ACCUMULATION/NORMAL/BTC_NEUTRAL,1,0,0,1,0.0,-0.44436116044997387,-1.2167271901952001,,INSUFFICIENT_DATA,0.0,2026-07-22T12:02:19.438431+00:00
FUNDING_EXTREME_SIGNAL@FIXED,LONDON/RANGE/EXPANDED/BTC_NEUTRAL,1,0,0,1,0.0,-1.0,-1.0448913629017866,,INSUFFICIENT_DATA,0.0,2026-07-15T09:07:40.242259+00:00
FUNDING_EXTREME_SIGNAL@FIXED,ASIA/ACCUMULATION/NORMAL/BTC_NEUTRAL,1,0,0,1,0.0,-1.0,-0.9176384839650017,,INSUFFICIENT_DATA,0.0,2026-07-20T03:32:24.140347+00:00
FUNDING_EXTREME_SIGNAL@FIXED,LONDON/ACCUMULATION/NORMAL/BTC_NEUTRAL,1,0,0,1,0.0,-1.1644684451522993,-1.0620290512936916,,INSUFFICIENT_DATA,0.0,2026-07-22T12:02:19.438333+00:00
LIQUIDITY_SWEEP_REVERSAL,ASIA/ACCUMULATION/NORMAL/BTC_FALLING,50,0,50,0,1.0,1.644909097433459,0.7121214122709764,1.527544777117934,STRONG,1.0,2026-07-17T06:02:32.751107+00:00
LIQUIDITY_SWEEP_REVERSAL,LONDON/ACCUMULATION/NORMAL/BTC_NEUTRAL,22,0,22,0,1.0,1.3413593518921816,1.0330889101943923,1.1419535068118072,STRONG,1.0,2026-07-18T11:11:27.023363+00:00
LIQUIDITY_SWEEP_REVERSAL,ASIA/MARKDOWN/NORMAL/BTC_NEUTRAL,16,0,16,0,0.875,1.4917952472035263,0.3298159430219037,1.0571391275997786,STRONG,1.0,2026-07-15T05:58:39.232364+00:00
LIQUIDITY_SWEEP_REVERSAL,LONDON/RANGE/NORMAL/BTC_NEUTRAL,50,0,50,0,1.0,0.6743732661078998,0.8146111598353086,0.6262567105248542,STRONG,0.8444969265899739,2026-07-23T08:32:12.198825+00:00
LIQUIDITY_SWEEP_REVERSAL,LONDON/RANGE/NORMAL/BTC_NEUTRAL/ALTCOIN,50,0,50,0,1.0,0.6567255570743707,0.7982885120226858,0.6098681661339659,STRONG,0.8418202919277674,2026-07-22T12:38:46.489305+00:00
LIQUIDITY_SWEEP_REVERSAL,ASIA/ACCUMULATION/NORMAL/BTC_NEUTRAL,32,0,32,0,0.96875,0.6860167550024561,0.5735648824600105,0.5918918814321643,STRONG,1.0,2026-07-23T03:11:27.440487+00:00
LIQUIDITY_SWEEP_REVERSAL,OVERLAP/VOLATILE_EXPANSION/CASCADE/BTC_NEUTRAL,24,0,24,0,0.9166666666666666,0.7118015026142261,0.7357633323743878,0.5598652714613288,STRONG,0.9348829159525873,2026-07-23T16:37:22.159551+00:00
LIQUIDITY_SWEEP_REVERSAL,NY/ACCUMULATION/NORMAL/BTC_NEUTRAL,50,0,50,0,0.6,0.8360978296052078,0.16232069062741183,0.5572387191538323,STRONG,1.0,2026-07-23T18:32:51.759332+00:00
LIQUIDITY_SWEEP_REVERSAL,ASIA/VOLATILE_EXPANSION/CASCADE/BTC_RISING,21,0,21,0,1.0,0.22811519817507797,0.18249215854006284,0.19283859178461277,POSITIVE,1.0,2026-07-19T01:32:19.196964+00:00
LIQUIDITY_SWEEP_REVERSAL,LONDON/RANGE/EXPANDED/BTC_NEUTRAL,22,0,22,0,1.0,0.18526997684246105,0.5282101013299397,0.15772782995380097,POSITIVE,0.7788295991082161,2026-07-23T11:10:06.707392+00:00
LIQUIDITY_SWEEP_REVERSAL,LONDON/RANGE/EXPANDED/BTC_NEUTRAL/MIDCAP,22,0,22,0,1.0,0.18526997684246105,0.5282101013299397,0.15772782995380097,POSITIVE,0.7788295991082161,2026-07-23T11:10:06.707401+00:00
LIQUIDITY_SWEEP_REVERSAL,NY/ACCUMULATION/EXPANDED/BTC_NEUTRAL,20,0,20,0,0.85,0.14743003895797918,0.2728880475432211,0.07379920473053911,POSITIVE,1.0,2026-07-17T18:21:38.245457+00:00
LIQUIDITY_SWEEP_REVERSAL,ASIA/RANGE/NORMAL/BTC_NEUTRAL,50,0,50,0,0.7,0.16390970112241376,0.2030727138179016,0.07278052352467307,POSITIVE,1.0,2026-07-21T01:56:05.650131+00:00
LIQUIDITY_SWEEP_REVERSAL,NY/QUIET/COMPRESSED/BTC_NEUTRAL,23,0,23,0,0.782608695652174,0.12007855944813292,0.10196930356977854,0.04946249142111728,FLAT,1.0,2026-07-23T20:53:39.503824+00:00
LIQUIDITY_SWEEP_REVERSAL,OVERLAP/ACCUMULATION/EXPANDED/BTC_NEUTRAL/ALTCOIN,23,0,23,0,0.0,-0.007403876104027339,-0.005251273433812947,-0.007403876104027339,FLAT,0.0,2026-07-19T16:45:55.326184+00:00
LIQUIDITY_SWEEP_REVERSAL,LONDON/QUIET/COMPRESSED/BTC_NEUTRAL,50,0,50,0,0.64,0.061717484136771326,0.02857035308433391,-0.02289903750900496,FLAT,0.642987137050574,2026-07-23T12:44:47.443182+00:00
LIQUIDITY_SWEEP_REVERSAL,NY/RANGE/NORMAL/BTC_NEUTRAL,15,0,15,0,0.6,0.2688512478714789,-0.19288169987221054,-0.029405900074859048,FLAT,1.0,2026-07-23T19:14:28.801973+00:00
LIQUIDITY_SWEEP_REVERSAL,LONDON/QUIET/COMPRESSED/BTC_FALLING,49,0,49,0,0.0,-0.10844654544577735,-0.08675723635662187,-0.10844654544577735,NEGATIVE,0.0,2026-07-17T12:18:27.194476+00:00
LIQUIDITY_SWEEP_REVERSAL,OVERLAP/ACCUMULATION/EXPANDED/BTC_NEUTRAL,26,0,26,0,0.0,-0.12193419809202402,-0.1690141117810076,-0.12193419809202402,NEGATIVE,0.0,2026-07-19T16:45:55.326175+00:00
LIQUIDITY_SWEEP_REVERSAL,LONDON/QUIET/COMPRESSED/BTC_NEUTRAL/MIDCAP,27,0,27,0,0.6666666666666666,-0.13284997220835038,-0.027821977709516686,-0.18951332673615132,NEGATIVE,0.29428643344483285,2026-07-23T12:44:47.443197+00:00
LIQUIDITY_SWEEP_REVERSAL,LONDON/QUIET/NORMAL/BTC_NEUTRAL,50,0,50,0,0.52,-0.24480542908563588,0.03644768051361472,-0.29752145270075736,NEGATIVE,0.9158717955085869,2026-07-23T12:44:47.454487+00:00
LIQUIDITY_SWEEP_REVERSAL,ASIA/QUIET/COMPRESSED/BTC_NEUTRAL,33,0,33,0,0.45454545454545453,-0.17822936404972892,0.02641362982890902,-0.30435683304155836,NEGATIVE,1.0,2026-07-19T04:24:30.014948+00:00
LIQUIDITY_SWEEP_REVERSAL,OFF_HOURS/QUIET/NORMAL/BTC_NEUTRAL,23,0,23,0,0.34782608695652173,-0.25820126384908604,-0.315715163803826,-0.3129488367248317,NEGATIVE,0.840207948090316,2026-07-23T23:19:34.840303+00:00
LIQUIDITY_SWEEP_REVERSAL,NY/VOLATILE_EXPANSION/CASCADE/BTC_RISING,50,0,50,0,0.0,-0.44433314886552694,-0.18963610458464913,-0.44433314886552694,NEGATIVE,0.0,2026-07-21T17:19:26.536477+00:00
LIQUIDITY_SWEEP_REVERSAL,NY/VOLATILE_EXPANSION/CASCADE/BTC_NEUTRAL,50,0,50,0,0.18,-0.4349140404235623,-0.38556769792681655,-0.4553479835173577,NEGATIVE,1.0,2026-07-20T22:51:20.669910+00:00
LIQUIDITY_SWEEP_REVERSAL,NY/RANGE/EXPANDED/BTC_NEUTRAL,27,0,27,0,0.07407407407407407,-0.44978929122800887,-0.35459708272323465,-0.47692906811669383,NEGATIVE,1.0,2026-07-18T17:13:38.834243+00:00
LIQUIDITY_SWEEP_REVERSAL,OVERLAP/QUIET/NORMAL/BTC_NEUTRAL,50,0,50,0,0.4,-0.42813122719043556,-0.1903985288936231,-0.4919492149667608,NEGATIVE,0.9250107239109789,2026-07-23T13:27:28.318444+00:00
LIQUIDITY_SWEEP_REVERSAL,OFF_HOURS/QUIET/COMPRESSED/BTC_NEUTRAL,39,0,39,0,0.4358974358974359,-0.5015963701190659,-0.03379564660107882,-0.535481700162074,NEGATIVE,1.0,2026-07-22T23:16:39.561135+00:00
LIQUIDITY_SWEEP_REVERSAL,NY/VOLATILE_EXPANSION/CASCADE/BTC_NEUTRAL/ALTCOIN,44,0,44,0,0.0,-0.5833850418138674,-0.502471915836378,-0.5833850418138674,NEGATIVE,0.0,2026-07-19T19:23:32.788151+00:00
LIQUIDITY_SWEEP_REVERSAL,NY/QUIET/NORMAL/BTC_NEUTRAL,50,0,50,0,0.3,-0.7715868939681725,-0.3112380215994444,-0.7563442213769993,NEGATIVE,-0.5431615602622005,2026-07-23T22:27:28.296720+00:00
LIQUIDITY_SWEEP_REVERSAL,NY/QUIET/NORMAL/BTC_NEUTRAL/MIDCAP,50,0,50,0,0.3,-0.7715868939681725,-0.3112380215994444,-0.7563442213769993,NEGATIVE,-0.5431615602622005,2026-07-23T22:27:28.296736+00:00
LIQUIDITY_SWEEP_REVERSAL,OVERLAP/QUIET/NORMAL/BTC_FALLING,50,0,50,0,0.08,-0.7328194891140564,-0.6210075577302604,-0.7572889457280065,NEGATIVE,1.0,2026-07-13T15:12:57.103303+00:00
LIQUIDITY_SWEEP_REVERSAL,OVERLAP/VOLATILE_EXPANSION/CASCADE/BTC_FALLING,20,0,20,0,0.0,-0.763989539986569,-0.7096142443792393,-0.763989539986569,NEGATIVE,0.0,2026-07-17T16:39:27.083469+00:00
LIQUIDITY_SWEEP_REVERSAL,ASIA/DISTRIBUTION/NORMAL/BTC_NEUTRAL,30,0,30,0,0.06666666666666667,-0.5193591615560978,-0.2528390190963595,-0.8186005862281552,NEGATIVE,0.8858729529098422,2026-07-24T02:58:46.608188+00:00
LIQUIDITY_SWEEP_REVERSAL,OFF_HOURS/QUIET/NORMAL/BTC_FALLING,50,0,50,0,0.0,-0.8521628649484879,-0.9380548003754577,-0.8521628649484879,NEGATIVE,0.0,2026-07-14T00:42:30.441606+00:00
LIQUIDITY_SWEEP_REVERSAL,ASIA/ACCUMULATION/EXPANDED/BTC_NEUTRAL/ALTCOIN,20,0,20,0,0.1,-0.6710290207155355,-0.3737618028670283,-0.8713505238876788,NEGATIVE,0.9156591521039008,2026-07-24T03:19:31.040932+00:00
LIQUIDITY_SWEEP_REVERSAL,OVERLAP/QUIET/NORMAL/BTC_NEUTRAL/MIDCAP,30,0,30,0,0.23333333333333334,-0.7836571642377298,-0.46522175627203183,-0.879107901643865,NEGATIVE,0.7359564712547414,2026-07-23T13:27:28.318454+00:00
LIQUIDITY_SWEEP_REVERSAL,ASIA/ACCUMULATION/EXPANDED/BTC_NEUTRAL,26,0,26,0,0.07692307692307693,-0.7469454005504119,-0.4891918183404905,-0.9012628738202575,NEGATIVE,0.9156591521039008,2026-07-24T03:19:31.040848+00:00
LIQUIDITY_SWEEP_REVERSAL,NY/DISTRIBUTION/NORMAL/BTC_NEUTRAL,50,0,50,0,0.3,-0.8963070300421243,-0.2597142425551881,-0.9457930719026785,NEGATIVE,0.37096452770028415,2026-07-23T22:27:28.296993+00:00
LIQUIDITY_SWEEP_REVERSAL,OFF_HOURS/VOLATILE_EXPANSION/CASCADE/BTC_NEUTRAL,35,0,35,0,0.02857142857142857,-0.9279340195529507,-0.1741638195709779,-0.9637236138714784,NEGATIVE,1.0,2026-07-20T00:44:25.231079+00:00
LIQUIDITY_SWEEP_REVERSAL,ASIA/QUIET/NORMAL/BTC_NEUTRAL,50,0,50,0,0.04,-0.9580051663204618,-0.3550950985690344,-0.9662497317064234,NEGATIVE,1.0,2026-07-24T03:50:44.659266+00:00
LIQUIDITY_SWEEP_REVERSAL,ASIA/QUIET/NORMAL/BTC_NEUTRAL/MIDCAP,50,0,50,0,0.04,-0.9580051663204618,-0.3550950985690344,-0.9662497317064234,NEGATIVE,1.0,2026-07-24T03:50:44.659272+00:00
LIQUIDITY_SWEEP_REVERSAL,OFF_HOURS/VOLATILE_EXPANSION/CASCADE/BTC_NEUTRAL/ALTCOIN,34,0,34,0,0.0,-1.0,-0.1982984293193721,-1.0,NEGATIVE,0.0,2026-07-20T00:44:25.231088+00:00
LIQUIDITY_SWEEP_REVERSAL,NY/VOLATILE_EXPANSION/CASCADE/BTC_RISING/ALTCOIN,19,0,19,0,0.0,-1.0,-0.3636041723479655,-1.0,NEGATIVE,0.0,2026-07-21T17:19:26.536486+00:00
LIQUIDITY_SWEEP_REVERSAL,NY/DISTRIBUTION/NORMAL/BTC_NEUTRAL/MIDCAP,50,0,50,0,0.3,-0.9891527113554258,-0.25517073494221043,-1.03863875321598,NEGATIVE,0.37096452770028415,2026-07-23T22:11:46.282317+00:00
LIQUIDITY_SWEEP_REVERSAL,OVERLAP/QUIET/COMPRESSED/BTC_NEUTRAL,15,0,15,0,0.06666666666666667,-1.046394919316868,-0.6051100982128206,-1.0666068703873774,NEGATIVE,1.0,2026-07-22T13:41:20.211332+00:00
LIQUIDITY_SWEEP_REVERSAL,ASIA/RANGE/NORMAL/BTC_FALLING,14,0,14,0,1.0,2.103816356037602,1.0428865157074003,,INSUFFICIENT_DATA,1.0,2026-07-17T04:51:29.374908+00:00
LIQUIDITY_SWEEP_REVERSAL,ASIA/DISTRIBUTION/NORMAL/BTC_FALLING,4,0,4,0,0.0,-1.0,-0.9042397692711127,,INSUFFICIENT_DATA,0.0,2026-07-13T05:52:36.122194+00:00
LIQUIDITY_SWEEP_REVERSAL,LONDON/QUIET/NORMAL/BTC_FALLING,8,0,8,0,0.5,0.25007500000000316,0.18426096739349443,,INSUFFICIENT_DATA,1.0,2026-07-17T09:02:26.434728+00:00
LIQUIDITY_SWEEP_REVERSAL,NY/ACCUMULATION/NORMAL/BTC_FALLING,6,0,6,0,1.0,0.8566709819981909,0.5987661787831192,,INSUFFICIENT_DATA,1.0,2026-07-13T21:10:56.466098+00:00
LIQUIDITY_SWEEP_REVERSAL,NY/QUIET/NORMAL/BTC_FALLING,4,0,4,0,1.0,0.1687916642601055,0.07546030787804783,,INSUFFICIENT_DATA,1.0,2026-07-13T21:26:06.394826+00:00
LIQUIDITY_SWEEP_REVERSAL,NY/QUIET/COMPRESSED/BTC_FALLING,2,0,2,0,1.0,0.2989902237671471,0.17312558263416802,,INSUFFICIENT_DATA,1.0,2026-07-13T21:26:06.394769+00:00
LIQUIDITY_SWEEP_REVERSAL,OVERLAP/QUIET/EXPANDED/BTC_NEUTRAL,5,0,5,0,0.0,-1.0,-1.0904196896913847,,INSUFFICIENT_DATA,0.0,2026-07-14T13:38:47.623121+00:00
LIQUIDITY_SWEEP_REVERSAL,NY/MARKDOWN/EXPANDED/BTC_NEUTRAL,11,0,11,0,0.0,-1.0,-0.5636375729512535,,INSUFFICIENT_DATA,0.0,2026-07-15T17:59:18.204687+00:00
LIQUIDITY_SWEEP_REVERSAL,LONDON/ACCUMULATION/EXPANDED/BTC_FALLING,3,0,3,0,0.0,-1.0,-1.2720271186440721,,INSUFFICIENT_DATA,0.0,2026-07-16T09:22:45.224588+00:00
LIQUIDITY_SWEEP_REVERSAL,OVERLAP/ACCUMULATION/NORMAL/BTC_NEUTRAL,10,0,10,0,0.7,-0.027843216231257607,0.5784268123872892,,INSUFFICIENT_DATA,0.8901583034647552,2026-07-23T16:05:32.176830+00:00
LIQUIDITY_SWEEP_REVERSAL,OVERLAP/VOLATILE_EXPANSION/NORMAL/BTC_NEUTRAL,3,0,3,0,0.0,-1.0,-0.6441544228045283,,INSUFFICIENT_DATA,0.0,2026-07-16T14:31:12.572286+00:00
LIQUIDITY_SWEEP_REVERSAL,ASIA/VOLATILE_EXPANSION/NORMAL/BTC_FALLING,2,0,2,0,0.0,-1.0,-1.6724581967212973,,INSUFFICIENT_DATA,0.0,2026-07-17T05:32:03.369497+00:00
LIQUIDITY_SWEEP_REVERSAL,LONDON/ACCUMULATION/NORMAL/BTC_FALLING,10,1,9,0,0.8,0.11412461578630277,0.11922867313293824,,INSUFFICIENT_DATA,0.3114284652734553,2026-07-17T09:58:40.930221+00:00
LIQUIDITY_SWEEP_REVERSAL,LONDON/DISTRIBUTION/EXPANDED/BTC_FALLING,2,0,2,0,1.0,1.4457258424724897,0.4354194394031007,,INSUFFICIENT_DATA,1.0,2026-07-17T12:38:59.015148+00:00
LIQUIDITY_SWEEP_REVERSAL,OVERLAP/RANGE/NORMAL/BTC_FALLING,3,0,3,0,0.0,-1.0,-1.0439327565436352,,INSUFFICIENT_DATA,0.0,2026-07-17T14:36:30.711173+00:00
LIQUIDITY_SWEEP_REVERSAL,OVERLAP/ACCUMULATION/EXPANDED/BTC_FALLING,13,0,13,0,0.0,-1.0,-0.2802987333886128,,INSUFFICIENT_DATA,0.0,2026-07-17T16:44:33.693465+00:00
LIQUIDITY_SWEEP_REVERSAL,OVERLAP/RANGE/EXPANDED/BTC_FALLING,4,0,4,0,0.0,-0.07470625064230571,-0.1272570509525664,,INSUFFICIENT_DATA,0.0,2026-07-17T16:44:33.693353+00:00
LIQUIDITY_SWEEP_REVERSAL,NY/MARKDOWN/NORMAL/BTC_NEUTRAL,4,0,4,0,0.0,-1.0,-1.4173598024691365,,INSUFFICIENT_DATA,0.0,2026-07-17T18:37:00.401853+00:00
LIQUIDITY_SWEEP_REVERSAL,OFF_HOURS/ACCUMULATION/NORMAL/BTC_NEUTRAL,1,0,1,0,1.0,0.20601565718994502,0.6180469715698356,,INSUFFICIENT_DATA,1.0,2026-07-17T23:09:35.136554+00:00
LIQUIDITY_SWEEP_REVERSAL,ASIA/VOLATILE_EXPANSION/CASCADE/BTC_NEUTRAL,10,0,10,0,0.1,-0.7383820980393649,-0.11329109866211906,,INSUFFICIENT_DATA,1.0,2026-07-20T03:06:55.063947+00:00
LIQUIDITY_SWEEP_REVERSAL,NY/MARKDOWN/CASCADE/BTC_NEUTRAL,8,0,8,0,0.0,-1.0,-0.4729318491921011,,INSUFFICIENT_DATA,0.0,2026-07-18T17:23:45.904615+00:00
LIQUIDITY_SWEEP_REVERSAL,NY/QUIET/EXPANDED/BTC_RISING,5,0,5,0,0.0,-1.0,-0.21914355263158408,,INSUFFICIENT_DATA,0.0,2026-07-18T19:30:50.261560+00:00
LIQUIDITY_SWEEP_REVERSAL,NY/ACCUMULATION/NORMAL/BTC_RISING,5,0,5,0,1.0,0.2846999999999874,0.3518592154755389,,INSUFFICIENT_DATA,1.0,2026-07-18T19:40:56.242378+00:00
LIQUIDITY_SWEEP_REVERSAL,NY/ACCUMULATION/EXPANDED/BTC_RISING,14,0,14,0,0.0,-1.0,-0.24092923076923256,,INSUFFICIENT_DATA,0.0,2026-07-18T20:11:21.686654+00:00
LIQUIDITY_SWEEP_REVERSAL,NY/QUIET/COMPRESSED/BTC_RISING,4,0,4,0,0.0,-0.22482014388489188,-0.17985611510791386,,INSUFFICIENT_DATA,0.0,2026-07-18T22:19:38.516858+00:00
LIQUIDITY_SWEEP_REVERSAL,OFF_HOURS/QUIET/NORMAL/BTC_RISING,5,0,5,0,0.0,-1.0,-0.4118180089971378,,INSUFFICIENT_DATA,0.0,2026-07-19T00:51:43.892186+00:00
LIQUIDITY_SWEEP_REVERSAL,ASIA/ACCUMULATION/NORMAL/BTC_RISING,13,0,13,0,0.0,-1.0,-1.1570245598708802,,INSUFFICIENT_DATA,0.0,2026-07-22T01:38:38.362749+00:00
LIQUIDITY_SWEEP_REVERSAL,ASIA/QUIET/COMPRESSED/BTC_RISING,6,0,6,0,0.8333333333333334,0.8414039678894577,0.26473502615681166,,INSUFFICIENT_DATA,1.0,2026-07-19T03:13:33.108778+00:00
LIQUIDITY_SWEEP_REVERSAL,ASIA/MARKDOWN/COMPRESSED/BTC_RISING,8,0,8,0,0.0,-0.5480167014613788,-1.6440501043841373,,INSUFFICIENT_DATA,0.0,2026-07-19T03:03:25.782226+00:00
LIQUIDITY_SWEEP_REVERSAL,ASIA/QUIET/NORMAL/BTC_RISING,2,0,2,0,1.0,1.0747039735964823,0.5526388505111914,,INSUFFICIENT_DATA,1.0,2026-07-19T03:13:33.148343+00:00
LIQUIDITY_SWEEP_REVERSAL,OFF_HOURS/QUIET/COMPRESSED/BTC_NEUTRAL/MIDCAP,14,0,14,0,0.0,-1.563482115679324,-0.3346576202505788,,INSUFFICIENT_DATA,0.0,2026-07-22T23:16:39.561144+00:00
LIQUIDITY_SWEEP_REVERSAL,OFF_HOURS/QUIET/NORMAL/BTC_NEUTRAL/MIDCAP,7,0,7,0,0.2857142857142857,-0.48947264618665237,-0.4195353876196294,,INSUFFICIENT_DATA,0.6458111226964502,2026-07-23T23:19:34.840314+00:00
LIQUIDITY_SWEEP_REVERSAL,OFF_HOURS/ACCUMULATION/EXPANDED/BTC_NEUTRAL,4,0,4,0,0.0,-1.0,-0.21050984517555138,,INSUFFICIENT_DATA,0.0,2026-07-19T23:22:43.767389+00:00
LIQUIDITY_SWEEP_REVERSAL,OFF_HOURS/ACCUMULATION/EXPANDED/BTC_NEUTRAL/MIDCAP,4,0,4,0,0.0,-1.0,-0.21050984517555138,,INSUFFICIENT_DATA,0.0,2026-07-19T23:22:43.767398+00:00
LIQUIDITY_SWEEP_REVERSAL,ASIA/VOLATILE_EXPANSION/CASCADE/BTC_NEUTRAL/ALTCOIN,9,0,9,0,0.0,-1.0,-0.4351406758902264,,INSUFFICIENT_DATA,0.0,2026-07-20T03:06:55.063952+00:00
LIQUIDITY_SWEEP_REVERSAL,ASIA/RANGE/NORMAL/BTC_NEUTRAL/ALTCOIN,4,0,4,0,1.0,1.3773951603976824,0.45874705535925125,,INSUFFICIENT_DATA,1.0,2026-07-20T03:42:32.255589+00:00
LIQUIDITY_SWEEP_REVERSAL,LONDON/QUIET/NORMAL/BTC_NEUTRAL/MIDCAP,13,0,13,0,0.15384615384615385,-0.7872831844876405,-0.30140970239399223,,INSUFFICIENT_DATA,0.7625909090909129,2026-07-23T12:44:47.454498+00:00
LIQUIDITY_SWEEP_REVERSAL,OVERLAP/RANGE/NORMAL/BTC_NEUTRAL,14,0,14,0,0.14285714285714285,0.0059694983598816975,-0.5290036011132055,,INSUFFICIENT_DATA,1.0,2026-07-20T15:19:39.666285+00:00
LIQUIDITY_SWEEP_REVERSAL,OVERLAP/RANGE/NORMAL/BTC_NEUTRAL/MIDCAP,14,0,14,0,0.14285714285714285,0.0059694983598816975,-0.5290036011132055,,INSUFFICIENT_DATA,1.0,2026-07-20T15:19:39.666295+00:00
LIQUIDITY_SWEEP_REVERSAL,NY/VOLATILE_EXPANSION/CASCADE/BTC_NEUTRAL/MIDCAP,9,0,9,0,1.0,0.2482885602553328,0.12722068244808993,,INSUFFICIENT_DATA,1.0,2026-07-20T22:51:20.669920+00:00
LIQUIDITY_SWEEP_REVERSAL,OFF_HOURS/MARKDOWN/NORMAL/BTC_NEUTRAL,2,0,2,0,1.0,2.462079107464192,2.1915049504950437,,INSUFFICIENT_DATA,1.0,2026-07-21T00:07:58.326487+00:00
LIQUIDITY_SWEEP_REVERSAL,OFF_HOURS/MARKDOWN/NORMAL/BTC_NEUTRAL/MIDCAP,2,0,2,0,1.0,2.462079107464192,2.1915049504950437,,INSUFFICIENT_DATA,1.0,2026-07-21T00:07:58.326496+00:00
LIQUIDITY_SWEEP_REVERSAL,ASIA/RANGE/NORMAL/BTC_NEUTRAL/MIDCAP,6,0,6,0,0.0,-1.0,-0.4726784668120825,,INSUFFICIENT_DATA,0.0,2026-07-21T01:56:05.650138+00:00
LIQUIDITY_SWEEP_REVERSAL,ASIA/DISTRIBUTION/NORMAL/BTC_NEUTRAL/MIDCAP,5,0,5,0,0.4,1.8838450306634134,-0.00912121055694275,,INSUFFICIENT_DATA,0.8858729529098422,2026-07-24T02:58:46.608199+00:00
LIQUIDITY_SWEEP_REVERSAL,ASIA/ACCUMULATION/NORMAL/BTC_RISING/MIDCAP,3,0,3,0,0.0,-1.0,-1.4104889635603206,,INSUFFICIENT_DATA,0.0,2026-07-22T01:38:38.362763+00:00
LIQUIDITY_SWEEP_REVERSAL,ASIA/ACCUMULATION/EXPANDED/BTC_NEUTRAL/MIDCAP,6,0,6,0,0.0,-1.0,-0.8739585365853645,,INSUFFICIENT_DATA,0.0,2026-07-21T06:28:18.633999+00:00
LIQUIDITY_SWEEP_REVERSAL,OVERLAP/QUIET/COMPRESSED/BTC_RISING,3,0,3,0,0.0,-0.42138364779874377,-0.3371069182389946,,INSUFFICIENT_DATA,0.0,2026-07-21T13:14:16.373509+00:00
LIQUIDITY_SWEEP_REVERSAL,OVERLAP/QUIET/COMPRESSED/BTC_RISING/MIDCAP,3,0,3,0,0.0,-0.42138364779874377,-0.3371069182389946,,INSUFFICIENT_DATA,0.0,2026-07-21T13:14:16.373519+00:00
LIQUIDITY_SWEEP_REVERSAL,OVERLAP/QUIET/NORMAL/BTC_RISING,1,0,1,0,0.0,-1.0,-0.9134907749077561,,INSUFFICIENT_DATA,0.0,2026-07-21T15:15:41.444074+00:00
LIQUIDITY_SWEEP_REVERSAL,OVERLAP/QUIET/NORMAL/BTC_RISING/MIDCAP,1,0,1,0,0.0,-1.0,-0.9134907749077561,,INSUFFICIENT_DATA,0.0,2026-07-21T15:15:41.452783+00:00
LIQUIDITY_SWEEP_REVERSAL,OVERLAP/RANGE/EXPANDED/BTC_RISING,1,0,1,0,1.0,1.6090853221345849,2.4269305438066473,,INSUFFICIENT_DATA,1.0,2026-07-21T16:58:36.615126+00:00
LIQUIDITY_SWEEP_REVERSAL,OVERLAP/RANGE/EXPANDED/BTC_RISING/MIDCAP,1,0,1,0,1.0,1.6090853221345849,2.4269305438066473,,INSUFFICIENT_DATA,1.0,2026-07-21T16:58:36.615142+00:00
LIQUIDITY_SWEEP_REVERSAL,NY/DISTRIBUTION/NORMAL/BTC_RISING,1,0,1,0,1.0,0.059502711916450485,0.026329647182739464,,INSUFFICIENT_DATA,1.0,2026-07-21T18:52:49.106053+00:00
LIQUIDITY_SWEEP_REVERSAL,NY/DISTRIBUTION/NORMAL/BTC_RISING/MIDCAP,1,0,1,0,1.0,0.059502711916450485,0.026329647182739464,,INSUFFICIENT_DATA,1.0,2026-07-21T18:52:49.106067+00:00
LIQUIDITY_SWEEP_REVERSAL,NY/QUIET/NORMAL/BTC_RISING,4,0,4,0,0.75,-0.02975135595819222,-0.013164823591355117,,INSUFFICIENT_DATA,1.0,2026-07-21T18:57:54.821376+00:00
LIQUIDITY_SWEEP_REVERSAL,NY/QUIET/NORMAL/BTC_RISING/MIDCAP,4,0,4,0,0.75,-0.02975135595819222,-0.013164823591355117,,INSUFFICIENT_DATA,1.0,2026-07-21T18:57:54.821392+00:00
LIQUIDITY_SWEEP_REVERSAL,NY/QUIET/COMPRESSED/BTC_NEUTRAL/MIDCAP,8,0,8,0,0.75,0.24267367458963407,-0.002790510629188281,,INSUFFICIENT_DATA,1.0,2026-07-23T20:53:39.503831+00:00
LIQUIDITY_SWEEP_REVERSAL,ASIA/MARKDOWN/NORMAL/BTC_RISING,4,1,3,0,0.75,1.6214385539309362,5.436035803742449,,INSUFFICIENT_DATA,0.910536625996823,2026-07-22T03:51:50.660107+00:00
LIQUIDITY_SWEEP_REVERSAL,ASIA/MARKDOWN/NORMAL/BTC_RISING/MIDCAP,4,1,3,0,0.75,1.6214385539309362,5.436035803742449,,INSUFFICIENT_DATA,0.910536625996823,2026-07-22T03:51:50.660113+00:00
LIQUIDITY_SWEEP_REVERSAL,LONDON/QUIET/NORMAL/BTC_NEUTRAL/ALTCOIN,7,0,7,0,0.5714285714285714,-0.8169191953313505,-0.22111772935669785,,INSUFFICIENT_DATA,-8.369000000001034,2026-07-22T12:38:46.489212+00:00
LIQUIDITY_SWEEP_REVERSAL,OVERLAP/ACCUMULATION/NORMAL/BTC_NEUTRAL/ALTCOIN,7,0,7,0,1.0,0.40520054384772497,1.215601631543171,,INSUFFICIENT_DATA,0.8901583034647552,2026-07-22T13:09:54.820681+00:00
LIQUIDITY_SWEEP_REVERSAL,OVERLAP/QUIET/COMPRESSED/BTC_NEUTRAL/MIDCAP,6,0,6,0,0.0,-1.3441257480470705,-0.5858871745321498,,INSUFFICIENT_DATA,0.0,2026-07-22T13:41:20.211338+00:00
LIQUIDITY_SWEEP_REVERSAL,ASIA/ACCUMULATION/NORMAL/BTC_NEUTRAL/MIDCAP,1,0,1,0,0.0,-1.1691893866762095,-1.036580434782628,,INSUFFICIENT_DATA,0.0,2026-07-23T03:11:27.440519+00:00
LIQUIDITY_SWEEP_REVERSAL,LONDON/RANGE/NORMAL/BTC_NEUTRAL/MIDCAP,1,0,1,0,1.0,1.361803478645932,1.3990795475054796,,INSUFFICIENT_DATA,0.9031683038862991,2026-07-23T08:32:12.198849+00:00
LIQUIDITY_SWEEP_REVERSAL,LONDON/ACCUMULATION/EXPANDED/BTC_NEUTRAL,2,0,2,0,1.0,1.4097724217611836,1.6264371890547333,,INSUFFICIENT_DATA,0.9155613263873309,2026-07-23T11:10:06.704909+00:00
LIQUIDITY_SWEEP_REVERSAL,LONDON/ACCUMULATION/EXPANDED/BTC_NEUTRAL/ALTCOIN,2,0,2,0,1.0,1.4097724217611836,1.6264371890547333,,INSUFFICIENT_DATA,0.9155613263873309,2026-07-23T11:10:06.704921+00:00
LIQUIDITY_SWEEP_REVERSAL,LONDON/QUIET/COMPRESSED/BTC_NEUTRAL/ALTCOIN,9,0,9,0,1.0,0.7327797083571099,0.33963300079890213,,INSUFFICIENT_DATA,0.6936481001990169,2026-07-23T12:39:32.611637+00:00
LIQUIDITY_SWEEP_REVERSAL,OVERLAP/VOLATILE_EXPANSION/CASCADE/BTC_NEUTRAL/ALTCOIN,9,0,9,0,1.0,0.736628940345375,0.37595071423985726,,INSUFFICIENT_DATA,0.7148021745406486,2026-07-23T16:37:22.159592+00:00
LIQUIDITY_SWEEP_REVERSAL,OVERLAP/ACCUMULATION/NORMAL/BTC_NEUTRAL/MIDCAP,1,0,1,0,0.0,-1.1148359692466514,-1.456210945786693,,INSUFFICIENT_DATA,0.0,2026-07-23T16:05:32.176910+00:00
LIQUIDITY_SWEEP_REVERSAL,OVERLAP/DISTRIBUTION/EXPANDED/BTC_NEUTRAL,4,0,4,0,1.0,0.3022669735328004,0.6080324074074156,,INSUFFICIENT_DATA,0.8021192781018129,2026-07-23T16:31:57.545571+00:00
LIQUIDITY_SWEEP_REVERSAL,OVERLAP/DISTRIBUTION/EXPANDED/BTC_NEUTRAL/ALTCOIN,4,0,4,0,1.0,0.3022669735328004,0.6080324074074156,,INSUFFICIENT_DATA,0.8021192781018129,2026-07-23T16:31:57.545580+00:00
LIQUIDITY_SWEEP_REVERSAL,NY/ACCUMULATION/NORMAL/BTC_NEUTRAL/ALTCOIN,9,0,9,0,0.0,-1.1759550418675848,-1.0024904907975463,,INSUFFICIENT_DATA,0.0,2026-07-23T18:32:51.759338+00:00
LIQUIDITY_SWEEP_REVERSAL,NY/RANGE/NORMAL/BTC_NEUTRAL/ALTCOIN,6,0,6,0,0.0,-1.1724908672517633,-1.019611257627129,,INSUFFICIENT_DATA,0.0,2026-07-23T19:14:28.801982+00:00
LIQUIDITY_SWEEP_REVERSAL,NY/DISTRIBUTION/NORMAL/BTC_NEUTRAL/ALTCOIN,5,0,5,0,0.0,-0.8818613491907662,-0.3805475504322673,,INSUFFICIENT_DATA,0.0,2026-07-23T22:27:28.297010+00:00
LIQUIDITY_SWEEP_REVERSAL,OFF_HOURS/MARKDOWN/COMPRESSED/BTC_NEUTRAL,3,0,3,0,0.0,-1.2147361987920844,-0.8485315044401792,,INSUFFICIENT_DATA,0.0,2026-07-24T00:32:36.547191+00:00
LIQUIDITY_SWEEP_REVERSAL,OFF_HOURS/MARKDOWN/COMPRESSED/BTC_NEUTRAL/ALTCOIN,3,0,3,0,0.0,-1.2147361987920844,-0.8485315044401792,,INSUFFICIENT_DATA,0.0,2026-07-24T00:32:36.547211+00:00
LIQUIDITY_SWEEP_REVERSAL@ATR,NY/QUIET/NORMAL/BTC_NEUTRAL,17,0,0,17,0.7058823529411765,0.06717751342407059,0.14474781045900406,0.01056836640385854,FLAT,0.8711657471808658,2026-07-23T22:27:33.114771+00:00
LIQUIDITY_SWEEP_REVERSAL@ATR,LONDON/QUIET/NORMAL/BTC_NEUTRAL,12,0,0,12,0.5833333333333334,-0.06982684959245043,-0.1754965874922353,,INSUFFICIENT_DATA,0.8380285039642104,2026-07-23T12:44:52.446366+00:00
LIQUIDITY_SWEEP_REVERSAL@ATR,LONDON/ACCUMULATION/EXPANDED/BTC_NEUTRAL,2,0,0,2,0.0,-1.0,-1.3970801845962442,,INSUFFICIENT_DATA,0.0,2026-07-20T12:31:05.381474+00:00
LIQUIDITY_SWEEP_REVERSAL@ATR,OVERLAP/QUIET/COMPRESSED/BTC_NEUTRAL,5,0,0,5,0.2,-0.6486553341157931,-0.5941719072253397,,INSUFFICIENT_DATA,1.0,2026-07-22T13:36:10.502602+00:00
LIQUIDITY_SWEEP_REVERSAL@ATR,OVERLAP/QUIET/EXPANDED/BTC_NEUTRAL,3,0,0,3,0.3333333333333333,-0.4159935308441299,-0.4890725300956255,,INSUFFICIENT_DATA,1.0,2026-07-18T16:53:25.307304+00:00
LIQUIDITY_SWEEP_REVERSAL@ATR,OVERLAP/QUIET/NORMAL/BTC_NEUTRAL,8,0,0,8,0.375,-0.24428214719235622,-0.2694091082718327,,INSUFFICIENT_DATA,0.8620465155420504,2026-07-23T13:22:16.756580+00:00
LIQUIDITY_SWEEP_REVERSAL@ATR,NY/ACCUMULATION/EXPANDED/BTC_NEUTRAL,6,0,0,6,0.5,0.280677390282074,-0.13865658959342086,,INSUFFICIENT_DATA,1.0,2026-07-17T18:16:34.887848+00:00
LIQUIDITY_SWEEP_REVERSAL@ATR,NY/ACCUMULATION/NORMAL/BTC_NEUTRAL,8,0,0,8,0.375,-0.15421480857947328,-0.051112168916087095,,INSUFFICIENT_DATA,1.0,2026-07-17T19:43:42.129943+00:00
LIQUIDITY_SWEEP_REVERSAL@ATR,NY/RANGE/NORMAL/BTC_NEUTRAL,3,0,0,3,0.6666666666666666,0.3705307249277052,0.2020649492079104,,INSUFFICIENT_DATA,0.8344726849933684,2026-07-23T19:09:21.154196+00:00
LIQUIDITY_SWEEP_REVERSAL@ATR,NY/QUIET/COMPRESSED/BTC_NEUTRAL,6,0,0,6,0.5,-0.10778432473680706,0.017292656062013884,,INSUFFICIENT_DATA,1.0,2026-07-21T22:39:25.662110+00:00
LIQUIDITY_SWEEP_REVERSAL@ATR,OFF_HOURS/QUIET/NORMAL/BTC_NEUTRAL,4,0,0,4,0.5,-0.03736512717246793,-0.10838426421378554,,INSUFFICIENT_DATA,0.8225250286780155,2026-07-23T23:19:38.704645+00:00
LIQUIDITY_SWEEP_REVERSAL@ATR,OVERLAP/VOLATILE_EXPANSION/CASCADE/BTC_RISING,1,0,0,1,1.0,1.5637139862667275,2.5407505754686093,,INSUFFICIENT_DATA,1.0,2026-07-15T14:22:05.191916+00:00
LIQUIDITY_SWEEP_REVERSAL@ATR,NY/MARKDOWN/EXPANDED/BTC_NEUTRAL,1,0,0,1,0.0,-0.5759800380067124,-1.4815194545547827,,INSUFFICIENT_DATA,0.0,2026-07-15T17:54:17.193665+00:00
LIQUIDITY_SWEEP_REVERSAL@ATR,ASIA/MARKDOWN/COMPRESSED/BTC_NEUTRAL,2,0,0,2,1.0,0.28033397895379375,0.5449589058914861,,INSUFFICIENT_DATA,0.8790242396919006,2026-07-23T01:41:50.309194+00:00
LIQUIDITY_SWEEP_REVERSAL@ATR,ASIA/QUIET/COMPRESSED/BTC_NEUTRAL,7,0,0,7,0.7142857142857143,-0.133585406469947,0.09354701371325615,,INSUFFICIENT_DATA,1.0,2026-07-19T06:46:46.561498+00:00
LIQUIDITY_SWEEP_REVERSAL@ATR,ASIA/RANGE/NORMAL/BTC_NEUTRAL,2,0,0,2,0.5,-0.36144375606183454,-0.25060855963178397,,INSUFFICIENT_DATA,1.0,2026-07-21T01:56:10.462864+00:00
LIQUIDITY_SWEEP_REVERSAL@ATR,ASIA/QUIET/NORMAL/BTC_NEUTRAL,8,0,0,8,0.375,-0.09868753258841428,-0.22564723195172706,,INSUFFICIENT_DATA,1.0,2026-07-21T02:08:16.541488+00:00
LIQUIDITY_SWEEP_REVERSAL@ATR,LONDON/QUIET/COMPRESSED/BTC_NEUTRAL,11,0,0,11,0.7272727272727273,-0.01700165327835067,0.07200167828099363,,INSUFFICIENT_DATA,0.7894587511693554,2026-07-23T12:39:37.230582+00:00
LIQUIDITY_SWEEP_REVERSAL@ATR,OVERLAP/ACCUMULATION/NORMAL/BTC_NEUTRAL,2,0,0,2,1.0,0.2836367925916008,1.0236548769379805,,INSUFFICIENT_DATA,0.93173470434225,2026-07-22T15:30:23.267144+00:00
LIQUIDITY_SWEEP_REVERSAL@ATR,OVERLAP/VOLATILE_EXPANSION/CASCADE/BTC_NEUTRAL,12,0,0,12,0.5,-0.25417397062409985,-0.17136983802566044,,INSUFFICIENT_DATA,0.9581274501521909,2026-07-23T13:58:57.055848+00:00
LIQUIDITY_SWEEP_REVERSAL@ATR,NY/QUIET/EXPANDED/BTC_NEUTRAL,1,0,0,1,1.0,0.20002976330680175,0.42826790590404246,,INSUFFICIENT_DATA,1.0,2026-07-16T18:39:36.409585+00:00
LIQUIDITY_SWEEP_REVERSAL@ATR,OFF_HOURS/QUIET/COMPRESSED/BTC_NEUTRAL,3,0,0,3,1.0,0.1279174519029763,0.26116640181854217,,INSUFFICIENT_DATA,0.83931427137446,2026-07-22T23:11:34.857669+00:00
LIQUIDITY_SWEEP_REVERSAL@ATR,ASIA/ACCUMULATION/NORMAL/BTC_FALLING,1,0,0,1,1.0,0.47269425000000054,2.2200904109589072,,INSUFFICIENT_DATA,1.0,2026-07-17T01:38:24.615669+00:00
LIQUIDITY_SWEEP_REVERSAL@ATR,ASIA/VOLATILE_EXPANSION/CASCADE/BTC_FALLING,1,0,0,1,1.0,1.3077037037036976,0.8726643598615873,,INSUFFICIENT_DATA,1.0,2026-07-17T02:24:11.645944+00:00
LIQUIDITY_SWEEP_REVERSAL@ATR,LONDON/ACCUMULATION/NORMAL/BTC_FALLING,2,0,0,2,1.0,1.149066138888887,0.7812183754406563,,INSUFFICIENT_DATA,1.0,2026-07-17T08:46:56.372671+00:00
LIQUIDITY_SWEEP_REVERSAL@ATR,LONDON/QUIET/COMPRESSED/BTC_FALLING,4,0,0,4,0.0,-0.025359855048117882,-0.10102757176396229,,INSUFFICIENT_DATA,0.0,2026-07-17T12:13:15.182683+00:00
LIQUIDITY_SWEEP_REVERSAL@ATR,LONDON/QUIET/NORMAL/BTC_FALLING,1,0,0,1,0.0,-0.019900933154755177,-0.0770534751117259,,INSUFFICIENT_DATA,0.0,2026-07-17T10:54:58.307319+00:00
LIQUIDITY_SWEEP_REVERSAL@ATR,OVERLAP/RANGE/NORMAL/BTC_FALLING,1,0,0,1,0.0,-0.5554593053320127,-2.299857627861137,,INSUFFICIENT_DATA,0.0,2026-07-17T14:36:31.847201+00:00
LIQUIDITY_SWEEP_REVERSAL@ATR,OVERLAP/RANGE/EXPANDED/BTC_FALLING,1,0,0,1,0.0,-0.22430288440184004,-0.5439465747522528,,INSUFFICIENT_DATA,0.0,2026-07-17T16:34:21.473054+00:00
LIQUIDITY_SWEEP_REVERSAL@ATR,OVERLAP/VOLATILE_EXPANSION/CASCADE/BTC_FALLING,1,0,0,1,0.0,-0.16831221916655448,-0.7537012113055213,,INSUFFICIENT_DATA,0.0,2026-07-17T16:39:30.187308+00:00
LIQUIDITY_SWEEP_REVERSAL@ATR,ASIA/VOLATILE_EXPANSION/CASCADE/BTC_NEUTRAL,5,0,0,5,0.8,0.48708255069988526,0.7920461902536049,,INSUFFICIENT_DATA,1.0,2026-07-20T03:12:01.517543+00:00
LIQUIDITY_SWEEP_REVERSAL@ATR,LONDON/RANGE/NORMAL/BTC_NEUTRAL,3,0,0,3,1.0,0.4255943979218881,0.38538836853674346,,INSUFFICIENT_DATA,0.7939794060136609,2026-07-22T12:28:25.441272+00:00
LIQUIDITY_SWEEP_REVERSAL@ATR,LONDON/ACCUMULATION/NORMAL/BTC_NEUTRAL,2,0,0,2,1.0,0.35040972262470804,0.7724677852165844,,INSUFFICIENT_DATA,1.0,2026-07-18T11:06:25.688533+00:00
LIQUIDITY_SWEEP_REVERSAL@ATR,NY/RANGE/EXPANDED/BTC_NEUTRAL,1,0,0,1,0.0,-0.3859333518000407,-0.3212601689206718,,INSUFFICIENT_DATA,0.0,2026-07-18T17:08:36.442344+00:00
LIQUIDITY_SWEEP_REVERSAL@ATR,NY/VOLATILE_EXPANSION/CASCADE/BTC_RISING,6,0,0,6,0.16666666666666666,-0.6318071098845647,-0.14218244391964638,,INSUFFICIENT_DATA,1.0,2026-07-21T17:14:21.480713+00:00
LIQUIDITY_SWEEP_REVERSAL@ATR,NY/QUIET/EXPANDED/BTC_RISING,4,0,0,4,0.25,-0.27006047929530436,-0.06812532937120341,,INSUFFICIENT_DATA,1.0,2026-07-21T17:24:41.155703+00:00
LIQUIDITY_SWEEP_REVERSAL@ATR,NY/ACCUMULATION/NORMAL/BTC_RISING,2,0,0,2,0.5,0.044892740348686476,0.17592960773776944,,INSUFFICIENT_DATA,1.0,2026-07-18T19:56:11.948184+00:00
LIQUIDITY_SWEEP_REVERSAL@ATR,NY/ACCUMULATION/EXPANDED/BTC_RISING,1,0,0,1,0.0,-0.044087684105447236,-0.19723865877712987,,INSUFFICIENT_DATA,0.0,2026-07-18T20:06:20.150349+00:00
LIQUIDITY_SWEEP_REVERSAL@ATR,NY/QUIET/NORMAL/BTC_RISING,4,0,0,4,0.25,-0.24131826619122493,-0.03706738941560125,,INSUFFICIENT_DATA,1.0,2026-07-21T18:21:48.608384+00:00
LIQUIDITY_SWEEP_REVERSAL@ATR,NY/QUIET/COMPRESSED/BTC_RISING,2,0,0,2,0.0,-0.15483625941178913,-0.18680862624797046,,INSUFFICIENT_DATA,0.0,2026-07-18T22:44:59.813648+00:00
LIQUIDITY_SWEEP_REVERSAL@ATR,OFF_HOURS/QUIET/NORMAL/BTC_RISING,1,0,0,1,1.0,0.051502588005047145,0.1200480192076832,,INSUFFICIENT_DATA,1.0,2026-07-19T00:46:41.977511+00:00
LIQUIDITY_SWEEP_REVERSAL@ATR,ASIA/QUIET/COMPRESSED/BTC_RISING,4,0,0,4,1.0,0.41916459753493995,0.33708930357997474,,INSUFFICIENT_DATA,1.0,2026-07-19T03:13:34.716904+00:00
LIQUIDITY_SWEEP_REVERSAL@ATR,ASIA/VOLATILE_EXPANSION/CASCADE/BTC_RISING,2,0,0,2,1.0,0.11482704176833672,0.23952095808383256,,INSUFFICIENT_DATA,1.0,2026-07-19T01:27:17.320971+00:00
LIQUIDITY_SWEEP_REVERSAL@ATR,ASIA/MARKDOWN/COMPRESSED/BTC_RISING,1,0,0,1,0.0,-0.5648988024145393,-1.8267223382045945,,INSUFFICIENT_DATA,0.0,2026-07-19T02:58:22.862139+00:00
LIQUIDITY_SWEEP_REVERSAL@ATR,ASIA/ACCUMULATION/NORMAL/BTC_NEUTRAL,4,0,0,4,0.75,0.036665044844482575,0.06580501019943297,,INSUFFICIENT_DATA,0.8915849847020324,2026-07-24T01:51:01.992397+00:00
LIQUIDITY_SWEEP_REVERSAL@ATR,LONDON/QUIET/EXPANDED/BTC_NEUTRAL,1,0,0,1,0.0,0.0,0.0,,INSUFFICIENT_DATA,0.0,2026-07-19T11:19:21.229794+00:00
LIQUIDITY_SWEEP_REVERSAL@ATR,LONDON/DISTRIBUTION/NORMAL/BTC_NEUTRAL,2,0,0,2,1.0,0.4489447264666263,1.0020276501095533,,INSUFFICIENT_DATA,1.0,2026-07-20T11:23:55.660057+00:00
LIQUIDITY_SWEEP_REVERSAL@ATR,LONDON/MARKDOWN/EXPANDED/BTC_NEUTRAL,1,0,0,1,0.0,-0.750272445301364,-2.5,,INSUFFICIENT_DATA,0.0,2026-07-19T12:48:30.358927+00:00
LIQUIDITY_SWEEP_REVERSAL@ATR,OVERLAP/ACCUMULATION/EXPANDED/BTC_NEUTRAL,1,0,0,1,0.0,-0.015350877192998246,-0.005251273433812951,,INSUFFICIENT_DATA,0.0,2026-07-19T16:45:57.297604+00:00
LIQUIDITY_SWEEP_REVERSAL@ATR,NY/VOLATILE_EXPANSION/CASCADE/BTC_NEUTRAL,4,0,0,4,0.5,-0.009520006698576937,-0.07162152187343702,,INSUFFICIENT_DATA,1.0,2026-07-20T22:51:23.524406+00:00
LIQUIDITY_SWEEP_REVERSAL@ATR,OFF_HOURS/ACCUMULATION/EXPANDED/BTC_NEUTRAL,1,0,0,1,1.0,0.24865502156309446,0.7755156206801317,,INSUFFICIENT_DATA,1.0,2026-07-19T23:17:41.731388+00:00
LIQUIDITY_SWEEP_REVERSAL@ATR,OFF_HOURS/VOLATILE_EXPANSION/CASCADE/BTC_NEUTRAL,2,0,0,2,0.5,-0.21197682242991273,-0.011373667563162826,,INSUFFICIENT_DATA,1.0,2026-07-20T00:39:21.080645+00:00
LIQUIDITY_SWEEP_REVERSAL@ATR,OFF_HOURS/ACCUMULATION/NORMAL/BTC_NEUTRAL,2,0,0,2,0.0,-1.0,-1.3537464205247631,,INSUFFICIENT_DATA,0.0,2026-07-21T00:53:52.536096+00:00
LIQUIDITY_SWEEP_REVERSAL@ATR,ASIA/QUIET/EXPANDED/BTC_NEUTRAL,1,0,0,1,1.0,0.33786987465541163,0.5137609564613183,,INSUFFICIENT_DATA,1.0,2026-07-20T04:23:08.100656+00:00
LIQUIDITY_SWEEP_REVERSAL@ATR,ASIA/ACCUMULATION/EXPANDED/BTC_NEUTRAL,2,0,0,2,0.5,-0.36106775179071116,-0.2766375304287815,,INSUFFICIENT_DATA,1.0,2026-07-21T06:23:08.081030+00:00
LIQUIDITY_SWEEP_REVERSAL@ATR,ASIA/DISTRIBUTION/NORMAL/BTC_NEUTRAL,2,0,0,2,1.0,0.8047958191853641,1.1790764603721031,,INSUFFICIENT_DATA,0.9401950340589709,2026-07-24T02:58:49.857225+00:00
LIQUIDITY_SWEEP_REVERSAL@ATR,OVERLAP/QUIET/NORMAL/BTC_RISING,2,0,0,2,0.5,-0.19570812694810977,-0.18602448403538985,,INSUFFICIENT_DATA,1.0,2026-07-21T15:15:50.236535+00:00
LIQUIDITY_SWEEP_REVERSAL@ATR,OVERLAP/QUIET/COMPRESSED/BTC_RISING,1,0,0,1,0.0,-0.36910732196589274,-0.34716981132075,,INSUFFICIENT_DATA,0.0,2026-07-21T13:09:05.653681+00:00
LIQUIDITY_SWEEP_REVERSAL@ATR,OVERLAP/RANGE/EXPANDED/BTC_RISING,1,0,0,1,1.0,0.8239118051282056,2.4269305438066473,,INSUFFICIENT_DATA,1.0,2026-07-21T16:58:42.589530+00:00
LIQUIDITY_SWEEP_REVERSAL@ATR,NY/DISTRIBUTION/NORMAL/BTC_RISING,1,0,0,1,1.0,0.012674431868597121,0.026329647182739464,,INSUFFICIENT_DATA,1.0,2026-07-21T18:52:51.303791+00:00
LIQUIDITY_SWEEP_REVERSAL@ATR,NY/DISTRIBUTION/EXPANDED/BTC_NEUTRAL,1,0,0,1,0.0,-0.02849802179576795,-0.1167724745896483,,INSUFFICIENT_DATA,0.0,2026-07-21T22:44:37.476370+00:00
LIQUIDITY_SWEEP_REVERSAL@ATR,OFF_HOURS/RANGE/NORMAL/BTC_RISING,1,0,0,1,1.0,0.38575593220340804,0.2709476190476326,,INSUFFICIENT_DATA,1.0,2026-07-22T00:32:14.855242+00:00
LIQUIDITY_SWEEP_REVERSAL@ATR,OFF_HOURS/RANGE/NORMAL/BTC_NEUTRAL,1,0,0,1,0.0,-0.18307641609608077,-0.41896097677759525,,INSUFFICIENT_DATA,0.0,2026-07-22T00:42:27.115156+00:00
LIQUIDITY_SWEEP_REVERSAL@ATR,ASIA/RANGE/EXPANDED/BTC_RISING,1,0,0,1,1.0,0.3780822620788722,1.1517717561229792,,INSUFFICIENT_DATA,1.0,2026-07-22T01:38:40.357127+00:00
LIQUIDITY_SWEEP_REVERSAL@ATR,ASIA/RANGE/EXPANDED/BTC_NEUTRAL,1,0,0,1,1.0,1.0312305084745779,0.7220245253164589,,INSUFFICIENT_DATA,1.0,2026-07-22T08:02:50.118003+00:00
LIQUIDITY_SWEEP_REVERSAL@ATR,LONDON/RANGE/EXPANDED/BTC_NEUTRAL,1,0,0,1,0.0,-1.4605416666666766,-0.47570342893331435,,INSUFFICIENT_DATA,0.0,2026-07-23T11:10:20.624069+00:00
LIQUIDITY_SWEEP_REVERSAL@ATR,OVERLAP/DISTRIBUTION/NORMAL/BTC_NEUTRAL,1,0,0,1,1.0,0.21860534311157653,0.22733679072605195,,INSUFFICIENT_DATA,0.6024771406165358,2026-07-23T13:06:29.553429+00:00
LIQUIDITY_SWEEP_REVERSAL@ATR,OVERLAP/MARKDOWN/EXPANDED/BTC_NEUTRAL,1,0,0,1,1.0,0.0918975126432065,0.23555423280424015,,INSUFFICIENT_DATA,0.6109496739044739,2026-07-23T14:41:14.040106+00:00
LIQUIDITY_SWEEP_REVERSAL@ATR,NY/DISTRIBUTION/NORMAL/BTC_NEUTRAL,4,0,0,4,1.0,0.4218350877396428,0.5071024376651667,,INSUFFICIENT_DATA,0.7717250897242386,2026-07-23T21:45:51.256407+00:00
LIQUIDITY_SWEEP_REVERSAL@ATR,OFF_HOURS/QUIET/EXPANDED/BTC_NEUTRAL,1,0,0,1,1.0,0.21603717472119913,0.16176929072487245,,INSUFFICIENT_DATA,0.5188750000000136,2026-07-23T23:19:38.704771+00:00
LIQUIDITY_SWEEP_REVERSAL@FIXED,NY/QUIET/NORMAL/BTC_NEUTRAL,17,0,0,17,0.7058823529411765,0.284482951953797,0.16277447242426527,0.13578145529198032,POSITIVE,0.8711657471808658,2026-07-23T22:27:33.114703+00:00
LIQUIDITY_SWEEP_REVERSAL@FIXED,LONDON/QUIET/NORMAL/BTC_NEUTRAL,12,0,0,12,0.5,-0.3558692038936626,-0.19004177246276066,,INSUFFICIENT_DATA,0.8318147217731534,2026-07-23T12:44:52.446287+00:00
LIQUIDITY_SWEEP_REVERSAL@FIXED,LONDON/ACCUMULATION/EXPANDED/BTC_NEUTRAL,2,0,0,2,0.0,-1.0,-1.503524110642569,,INSUFFICIENT_DATA,0.0,2026-07-20T12:31:05.381388+00:00
LIQUIDITY_SWEEP_REVERSAL@FIXED,OVERLAP/QUIET/COMPRESSED/BTC_NEUTRAL,5,0,0,5,0.2,-0.7155301485415433,-0.453083278767293,,INSUFFICIENT_DATA,1.0,2026-07-22T13:36:10.502544+00:00
LIQUIDITY_SWEEP_REVERSAL@FIXED,OVERLAP/QUIET/EXPANDED/BTC_NEUTRAL,3,0,0,3,0.3333333333333333,-0.45073780804589186,-0.4043475775418431,,INSUFFICIENT_DATA,1.0,2026-07-18T16:53:25.307230+00:00
LIQUIDITY_SWEEP_REVERSAL@FIXED,OVERLAP/QUIET/NORMAL/BTC_NEUTRAL,8,0,0,8,0.375,-0.3368345126975253,-0.47440887119659625,,INSUFFICIENT_DATA,0.8620465155420504,2026-07-23T13:22:16.756525+00:00
LIQUIDITY_SWEEP_REVERSAL@FIXED,NY/ACCUMULATION/EXPANDED/BTC_NEUTRAL,6,0,0,6,0.5,-0.04530947818441291,-0.30611976149782444,,INSUFFICIENT_DATA,1.0,2026-07-17T18:16:34.887732+00:00
LIQUIDITY_SWEEP_REVERSAL@FIXED,NY/ACCUMULATION/NORMAL/BTC_NEUTRAL,8,0,0,8,0.375,-0.10051250184731847,0.03644651168194573,,INSUFFICIENT_DATA,1.0,2026-07-17T19:43:42.129809+00:00
LIQUIDITY_SWEEP_REVERSAL@FIXED,NY/RANGE/NORMAL/BTC_NEUTRAL,3,0,0,3,0.6666666666666666,0.24882070553678784,-0.08780547000113259,,INSUFFICIENT_DATA,0.8344726849933684,2026-07-23T19:09:21.154104+00:00
LIQUIDITY_SWEEP_REVERSAL@FIXED,NY/QUIET/COMPRESSED/BTC_NEUTRAL,6,0,0,6,0.5,0.08291076555234965,0.021360157054482586,,INSUFFICIENT_DATA,1.0,2026-07-21T22:39:25.662052+00:00
LIQUIDITY_SWEEP_REVERSAL@FIXED,OFF_HOURS/QUIET/NORMAL/BTC_NEUTRAL,4,0,0,4,0.5,-0.04081542215515954,-0.10756933499302508,,INSUFFICIENT_DATA,0.8225250286780155,2026-07-23T23:19:38.704597+00:00
LIQUIDITY_SWEEP_REVERSAL@FIXED,OVERLAP/VOLATILE_EXPANSION/CASCADE/BTC_RISING,1,0,0,1,1.0,1.209277976072576,2.5407505754686093,,INSUFFICIENT_DATA,1.0,2026-07-15T14:22:05.191522+00:00
LIQUIDITY_SWEEP_REVERSAL@FIXED,NY/MARKDOWN/EXPANDED/BTC_NEUTRAL,1,0,0,1,0.0,-1.0,-0.5636375729512535,,INSUFFICIENT_DATA,0.0,2026-07-15T17:54:17.193598+00:00
LIQUIDITY_SWEEP_REVERSAL@FIXED,ASIA/MARKDOWN/COMPRESSED/BTC_NEUTRAL,2,0,0,2,1.0,0.1816529686304948,0.5449589058914861,,INSUFFICIENT_DATA,0.8790242396919006,2026-07-23T01:41:50.309091+00:00
LIQUIDITY_SWEEP_REVERSAL@FIXED,ASIA/QUIET/COMPRESSED/BTC_NEUTRAL,7,0,0,7,0.5714285714285714,-0.17201979287037666,-0.030530301727454173,,INSUFFICIENT_DATA,1.0,2026-07-19T06:46:46.561360+00:00
LIQUIDITY_SWEEP_REVERSAL@FIXED,ASIA/RANGE/NORMAL/BTC_NEUTRAL,2,0,0,2,0.5,-0.2460248713318121,-0.041214809910017164,,INSUFFICIENT_DATA,1.0,2026-07-21T01:56:10.462803+00:00
LIQUIDITY_SWEEP_REVERSAL@FIXED,ASIA/QUIET/NORMAL/BTC_NEUTRAL,8,0,0,8,0.375,-0.2609674287607478,-0.081368090718954,,INSUFFICIENT_DATA,1.0,2026-07-21T02:08:16.541445+00:00
LIQUIDITY_SWEEP_REVERSAL@FIXED,LONDON/QUIET/COMPRESSED/BTC_NEUTRAL,11,0,0,11,0.6363636363636364,0.045529759975822974,0.0459647192673996,,INSUFFICIENT_DATA,0.7485632441232668,2026-07-23T12:39:37.230513+00:00
LIQUIDITY_SWEEP_REVERSAL@FIXED,OVERLAP/ACCUMULATION/NORMAL/BTC_NEUTRAL,2,0,0,2,0.0,-1.0484099496221664,-1.0774765918356475,,INSUFFICIENT_DATA,0.0,2026-07-22T15:30:23.266849+00:00
LIQUIDITY_SWEEP_REVERSAL@FIXED,OVERLAP/VOLATILE_EXPANSION/CASCADE/BTC_NEUTRAL,12,0,0,12,0.5,-0.10467235916251232,-0.14286298052681118,,INSUFFICIENT_DATA,0.9581274501521909,2026-07-23T13:58:57.055792+00:00
LIQUIDITY_SWEEP_REVERSAL@FIXED,NY/QUIET/EXPANDED/BTC_NEUTRAL,1,0,0,1,1.0,0.4923768215853657,0.42826790590404246,,INSUFFICIENT_DATA,1.0,2026-07-16T18:39:36.409448+00:00
LIQUIDITY_SWEEP_REVERSAL@FIXED,OFF_HOURS/QUIET/COMPRESSED/BTC_NEUTRAL,3,0,0,3,0.3333333333333333,-0.6939111631412419,-0.004023948366003542,,INSUFFICIENT_DATA,1.0,2026-07-22T23:11:34.857601+00:00
LIQUIDITY_SWEEP_REVERSAL@FIXED,ASIA/ACCUMULATION/NORMAL/BTC_FALLING,1,0,0,1,1.0,0.7400301369863032,2.2200904109589072,,INSUFFICIENT_DATA,1.0,2026-07-17T01:38:24.615430+00:00
LIQUIDITY_SWEEP_REVERSAL@FIXED,ASIA/VOLATILE_EXPANSION/CASCADE/BTC_FALLING,1,0,0,1,1.0,0.6661888468399588,0.8726643598615873,,INSUFFICIENT_DATA,1.0,2026-07-17T02:24:11.645856+00:00
LIQUIDITY_SWEEP_REVERSAL@FIXED,LONDON/ACCUMULATION/NORMAL/BTC_FALLING,2,0,0,2,1.0,0.5710081865624054,0.7812183754406563,,INSUFFICIENT_DATA,1.0,2026-07-17T08:46:56.372521+00:00
LIQUIDITY_SWEEP_REVERSAL@FIXED,LONDON/QUIET/COMPRESSED/BTC_FALLING,4,0,0,4,0.0,-0.12628446470495408,-0.10102757176396229,,INSUFFICIENT_DATA,0.0,2026-07-17T12:13:15.182636+00:00
LIQUIDITY_SWEEP_REVERSAL@FIXED,LONDON/QUIET/NORMAL/BTC_FALLING,1,0,0,1,0.0,-0.08464328694937404,-0.0770534751117259,,INSUFFICIENT_DATA,0.0,2026-07-17T10:54:58.307163+00:00
LIQUIDITY_SWEEP_REVERSAL@FIXED,OVERLAP/RANGE/NORMAL/BTC_FALLING,1,0,0,1,0.0,-1.0,-1.0439327565436352,,INSUFFICIENT_DATA,0.0,2026-07-17T14:36:31.847082+00:00
LIQUIDITY_SWEEP_REVERSAL@FIXED,OVERLAP/RANGE/EXPANDED/BTC_FALLING,1,0,0,1,0.0,-0.5160591475315947,-0.5439465747522528,,INSUFFICIENT_DATA,0.0,2026-07-17T16:34:21.472739+00:00
LIQUIDITY_SWEEP_REVERSAL@FIXED,OVERLAP/VOLATILE_EXPANSION/CASCADE/BTC_FALLING,1,0,0,1,0.0,-1.0,-0.8000000000000099,,INSUFFICIENT_DATA,0.0,2026-07-17T16:39:30.176604+00:00
LIQUIDITY_SWEEP_REVERSAL@FIXED,ASIA/VOLATILE_EXPANSION/CASCADE/BTC_NEUTRAL,5,0,0,5,0.8,0.4928128983772284,0.8492684519909621,,INSUFFICIENT_DATA,1.0,2026-07-20T03:12:01.517472+00:00
LIQUIDITY_SWEEP_REVERSAL@FIXED,LONDON/RANGE/NORMAL/BTC_NEUTRAL,3,0,0,3,1.0,0.36534915584438715,0.38538836853674346,,INSUFFICIENT_DATA,0.7939794060136609,2026-07-22T12:28:25.441213+00:00
LIQUIDITY_SWEEP_REVERSAL@FIXED,LONDON/ACCUMULATION/NORMAL/BTC_NEUTRAL,2,0,0,2,1.0,0.8592280848648725,0.7724677852165844,,INSUFFICIENT_DATA,1.0,2026-07-18T11:06:25.688487+00:00
LIQUIDITY_SWEEP_REVERSAL@FIXED,NY/RANGE/EXPANDED/BTC_NEUTRAL,1,0,0,1,0.0,-0.4015752111508435,-0.3212601689206718,,INSUFFICIENT_DATA,0.0,2026-07-18T17:08:36.442296+00:00
LIQUIDITY_SWEEP_REVERSAL@FIXED,NY/VOLATILE_EXPANSION/CASCADE/BTC_RISING,6,0,0,6,0.16666666666666666,-0.3945694972949652,-0.16440490728959842,,INSUFFICIENT_DATA,1.0,2026-07-21T17:14:21.480586+00:00
LIQUIDITY_SWEEP_REVERSAL@FIXED,NY/QUIET/EXPANDED/BTC_RISING,4,0,0,4,0.0,-0.44163559079114445,-0.21624156998285568,,INSUFFICIENT_DATA,0.0,2026-07-21T17:24:41.155638+00:00
LIQUIDITY_SWEEP_REVERSAL@FIXED,NY/ACCUMULATION/NORMAL/BTC_RISING,2,0,0,2,0.5,0.1423499999999937,0.17592960773776944,,INSUFFICIENT_DATA,1.0,2026-07-18T19:56:11.948068+00:00
LIQUIDITY_SWEEP_REVERSAL@FIXED,NY/ACCUMULATION/EXPANDED/BTC_RISING,1,0,0,1,0.0,-1.0,-0.24092923076923256,,INSUFFICIENT_DATA,0.0,2026-07-18T20:06:20.150217+00:00
LIQUIDITY_SWEEP_REVERSAL@FIXED,NY/QUIET/NORMAL/BTC_RISING,4,0,0,4,0.25,0.011314387014102006,0.009051509611280671,,INSUFFICIENT_DATA,1.0,2026-07-21T18:21:48.608339+00:00
LIQUIDITY_SWEEP_REVERSAL@FIXED,NY/QUIET/COMPRESSED/BTC_RISING,2,0,0,2,0.0,-0.23351078280996326,-0.18680862624797046,,INSUFFICIENT_DATA,0.0,2026-07-18T22:44:59.813520+00:00
LIQUIDITY_SWEEP_REVERSAL@FIXED,OFF_HOURS/QUIET/NORMAL/BTC_RISING,1,0,0,1,0.0,-1.0,-0.45981344537815577,,INSUFFICIENT_DATA,0.0,2026-07-19T00:46:41.977433+00:00
LIQUIDITY_SWEEP_REVERSAL@FIXED,ASIA/QUIET/COMPRESSED/BTC_RISING,4,0,0,4,0.75,0.7745570065099252,0.23379557317244987,,INSUFFICIENT_DATA,1.0,2026-07-19T03:13:34.716821+00:00
LIQUIDITY_SWEEP_REVERSAL@FIXED,ASIA/VOLATILE_EXPANSION/CASCADE/BTC_RISING,2,0,0,2,1.0,0.29940119760478984,0.23952095808383256,,INSUFFICIENT_DATA,1.0,2026-07-19T01:27:17.320919+00:00
LIQUIDITY_SWEEP_REVERSAL@FIXED,ASIA/MARKDOWN/COMPRESSED/BTC_RISING,1,0,0,1,0.0,-0.6089074460681978,-1.8267223382045945,,INSUFFICIENT_DATA,0.0,2026-07-19T02:58:22.862090+00:00
LIQUIDITY_SWEEP_REVERSAL@FIXED,ASIA/ACCUMULATION/NORMAL/BTC_NEUTRAL,4,0,0,4,0.75,0.2663771114190327,0.3576409856370343,,INSUFFICIENT_DATA,0.8915849847020324,2026-07-24T01:51:01.992213+00:00
LIQUIDITY_SWEEP_REVERSAL@FIXED,LONDON/QUIET/EXPANDED/BTC_NEUTRAL,1,0,0,1,0.0,0.0,0.0,,INSUFFICIENT_DATA,0.0,2026-07-19T11:19:21.229733+00:00
LIQUIDITY_SWEEP_REVERSAL@FIXED,LONDON/DISTRIBUTION/NORMAL/BTC_NEUTRAL,2,0,0,2,1.0,0.46392701796005653,1.0020276501095533,,INSUFFICIENT_DATA,1.0,2026-07-20T11:23:55.659821+00:00
LIQUIDITY_SWEEP_REVERSAL@FIXED,LONDON/MARKDOWN/EXPANDED/BTC_NEUTRAL,1,0,0,1,0.0,-0.8333333333333344,-2.5,,INSUFFICIENT_DATA,0.0,2026-07-19T12:48:30.358643+00:00
LIQUIDITY_SWEEP_REVERSAL@FIXED,OVERLAP/ACCUMULATION/EXPANDED/BTC_NEUTRAL,1,0,0,1,0.0,-0.007403876104027337,-0.005251273433812951,,INSUFFICIENT_DATA,0.0,2026-07-19T16:45:57.297486+00:00
LIQUIDITY_SWEEP_REVERSAL@FIXED,NY/VOLATILE_EXPANSION/CASCADE/BTC_NEUTRAL,4,0,0,4,0.5,-0.03585381579051405,-0.07162152187343702,,INSUFFICIENT_DATA,1.0,2026-07-20T22:51:23.524306+00:00
LIQUIDITY_SWEEP_REVERSAL@FIXED,OFF_HOURS/ACCUMULATION/EXPANDED/BTC_NEUTRAL,1,0,0,1,0.0,-1.0,-0.21050984517555138,,INSUFFICIENT_DATA,0.0,2026-07-19T23:17:41.731354+00:00
LIQUIDITY_SWEEP_REVERSAL@FIXED,OFF_HOURS/VOLATILE_EXPANSION/CASCADE/BTC_NEUTRAL,2,0,0,2,0.5,-0.310736064627554,0.19625067798657697,,INSUFFICIENT_DATA,1.0,2026-07-20T00:39:21.080576+00:00
LIQUIDITY_SWEEP_REVERSAL@FIXED,OFF_HOURS/ACCUMULATION/NORMAL/BTC_NEUTRAL,2,0,0,2,0.0,-0.6288343242124368,-1.3194416159812783,,INSUFFICIENT_DATA,0.0,2026-07-21T00:53:52.536040+00:00
LIQUIDITY_SWEEP_REVERSAL@FIXED,ASIA/QUIET/EXPANDED/BTC_NEUTRAL,1,0,0,1,1.0,0.5580214086806308,0.5137609564613183,,INSUFFICIENT_DATA,1.0,2026-07-20T04:23:08.100531+00:00
LIQUIDITY_SWEEP_REVERSAL@FIXED,ASIA/ACCUMULATION/EXPANDED/BTC_NEUTRAL,2,0,0,2,0.0,-1.0,-0.733553283273725,,INSUFFICIENT_DATA,0.0,2026-07-21T06:23:08.080979+00:00
LIQUIDITY_SWEEP_REVERSAL@FIXED,ASIA/DISTRIBUTION/NORMAL/BTC_NEUTRAL,2,0,0,2,0.5,2.6048062883292666,0.18640024891836143,,INSUFFICIENT_DATA,0.8858729529098422,2026-07-24T02:58:49.857104+00:00
LIQUIDITY_SWEEP_REVERSAL@FIXED,OVERLAP/QUIET/NORMAL/BTC_RISING,2,0,0,2,0.0,-0.7062029235693066,-0.65594857470487,,INSUFFICIENT_DATA,0.0,2026-07-21T15:15:50.236502+00:00
LIQUIDITY_SWEEP_REVERSAL@FIXED,OVERLAP/QUIET/COMPRESSED/BTC_RISING,1,0,0,1,0.0,-0.433962264150938,-0.34716981132075,,INSUFFICIENT_DATA,0.0,2026-07-21T13:09:05.653612+00:00
LIQUIDITY_SWEEP_REVERSAL@FIXED,OVERLAP/RANGE/EXPANDED/BTC_RISING,1,0,0,1,1.0,1.6090853221345849,2.4269305438066473,,INSUFFICIENT_DATA,1.0,2026-07-21T16:58:42.589460+00:00
LIQUIDITY_SWEEP_REVERSAL@FIXED,NY/DISTRIBUTION/NORMAL/BTC_RISING,1,0,0,1,1.0,0.059502711916450485,0.026329647182739464,,INSUFFICIENT_DATA,1.0,2026-07-21T18:52:51.303722+00:00
LIQUIDITY_SWEEP_REVERSAL@FIXED,NY/DISTRIBUTION/EXPANDED/BTC_NEUTRAL,1,0,0,1,0.0,-0.10914681014603819,-0.1167724745896483,,INSUFFICIENT_DATA,0.0,2026-07-21T22:44:37.476237+00:00
LIQUIDITY_SWEEP_REVERSAL@FIXED,OFF_HOURS/RANGE/NORMAL/BTC_RISING,1,0,0,1,1.0,0.144222019633811,0.2709476190476326,,INSUFFICIENT_DATA,1.0,2026-07-22T00:32:14.855178+00:00
LIQUIDITY_SWEEP_REVERSAL@FIXED,OFF_HOURS/RANGE/NORMAL/BTC_NEUTRAL,1,0,0,1,0.0,-0.2847171944781173,-0.41896097677759525,,INSUFFICIENT_DATA,0.0,2026-07-22T00:42:27.115030+00:00
LIQUIDITY_SWEEP_REVERSAL@FIXED,ASIA/RANGE/EXPANDED/BTC_RISING,1,0,0,1,0.0,-1.0,-1.5259770713913587,,INSUFFICIENT_DATA,0.0,2026-07-22T01:38:40.357035+00:00
LIQUIDITY_SWEEP_REVERSAL@FIXED,ASIA/RANGE/EXPANDED/BTC_NEUTRAL,1,0,0,1,1.0,0.4596024402305678,0.7220245253164589,,INSUFFICIENT_DATA,1.0,2026-07-22T08:02:50.117924+00:00
LIQUIDITY_SWEEP_REVERSAL@FIXED,LONDON/RANGE/EXPANDED/BTC_NEUTRAL,1,0,0,1,1.0,0.18526997684246105,0.52821010132994,,INSUFFICIENT_DATA,0.7788295991082164,2026-07-23T11:10:20.623998+00:00
LIQUIDITY_SWEEP_REVERSAL@FIXED,OVERLAP/DISTRIBUTION/NORMAL/BTC_NEUTRAL,1,0,0,1,1.0,0.15406752871929547,0.22733679072605195,,INSUFFICIENT_DATA,0.6024771406165358,2026-07-23T13:06:29.553346+00:00
LIQUIDITY_SWEEP_REVERSAL@FIXED,OVERLAP/MARKDOWN/EXPANDED/BTC_NEUTRAL,1,0,0,1,1.0,0.21566668362169672,0.23555423280424015,,INSUFFICIENT_DATA,0.6109496739044739,2026-07-23T14:41:14.040017+00:00
LIQUIDITY_SWEEP_REVERSAL@FIXED,NY/DISTRIBUTION/NORMAL/BTC_NEUTRAL,4,0,0,4,0.75,-0.010234757148637141,0.347162916979772,,INSUFFICIENT_DATA,0.8007019748697495,2026-07-23T21:45:51.256343+00:00
LIQUIDITY_SWEEP_REVERSAL@FIXED,OFF_HOURS/QUIET/EXPANDED/BTC_NEUTRAL,1,0,0,1,1.0,0.1268865367607277,0.16176929072487245,,INSUFFICIENT_DATA,0.5188750000000136,2026-07-23T23:19:38.704703+00:00
MA_CROSS_TREND_SHIFT,OVERLAP/MARKUP/EXPANDED/BTC_NEUTRAL,1,0,1,0,0.0,-0.642293019745505,-1.916088536504796,,INSUFFICIENT_DATA,0.0,2026-07-15T13:00:56.978609+00:00
MA_CROSS_TREND_SHIFT,ASIA/MARKUP/COMPRESSED/BTC_NEUTRAL,1,1,0,0,1.0,1.3375167152001903,12.713178294573641,,INSUFFICIENT_DATA,1.0,2026-07-16T05:49:06.527809+00:00
MA_CROSS_TREND_SHIFT@ATR,OVERLAP/MARKUP/EXPANDED/BTC_NEUTRAL,1,0,0,1,0.0,-1.0,-2.563830289301062,,INSUFFICIENT_DATA,0.0,2026-07-15T13:00:58.684561+00:00
MA_CROSS_TREND_SHIFT@ATR,OVERLAP/MARKDOWN/CASCADE/BTC_NEUTRAL,1,0,0,1,1.0,0.3341932334184877,0.9257645612417303,,INSUFFICIENT_DATA,0.8605642857142844,2026-07-23T14:04:13.261990+00:00
MA_CROSS_TREND_SHIFT@FIXED,OVERLAP/MARKUP/EXPANDED/BTC_NEUTRAL,1,0,0,1,0.0,-0.642293019745505,-1.916088536504796,,INSUFFICIENT_DATA,0.0,2026-07-15T13:00:58.684506+00:00
MA_CROSS_TREND_SHIFT@FIXED,OVERLAP/MARKDOWN/CASCADE/BTC_NEUTRAL,1,0,0,1,1.0,0.5958843034470823,0.9257645612417303,,INSUFFICIENT_DATA,0.8605642857142844,2026-07-23T14:04:13.261864+00:00
MEAN_REVERT,OVERLAP/VOLATILE_EXPANSION/CASCADE/BTC_NEUTRAL/ALTCOIN,50,0,50,0,1.0,1.5539246740575723,2.0123364136820556,1.4430520954592474,STRONG,0.9306305905728242,2026-07-23T17:35:14.686035+00:00
MEAN_REVERT,OFF_HOURS/QUIET/COMPRESSED/BTC_NEUTRAL/ALTCOIN,50,0,50,0,1.0,1.4183462953258965,1.0049112171844132,1.3171472386833754,STRONG,0.979530392446986,2026-07-24T03:03:58.285338+00:00
MEAN_REVERT,NY/DISTRIBUTION/EXPANDED/BTC_NEUTRAL,45,0,45,0,1.0,1.377769897552434,2.015866407009295,1.2694024231364152,STRONG,0.9307436508943661,2026-07-23T19:56:14.404074+00:00
MEAN_REVERT,NY/DISTRIBUTION/EXPANDED/BTC_NEUTRAL/ALTCOIN,45,0,45,0,1.0,1.377769897552434,2.015866407009295,1.2694024231364152,STRONG,0.9307436508943661,2026-07-23T19:56:14.404087+00:00
MEAN_REVERT,NY/DISTRIBUTION/NORMAL/BTC_NEUTRAL/ALTCOIN,50,0,50,0,1.0,1.3613549901044386,2.021470864702545,1.2642222650371076,STRONG,0.930922398067473,2026-07-24T00:32:36.526186+00:00
MEAN_REVERT,LONDON/RANGE/NORMAL/BTC_RISING,50,0,50,0,1.0,1.3594971223228245,0.8377753473822834,1.262496956185203,STRONG,1.0,2026-07-21T15:04:51.400289+00:00
MEAN_REVERT,LONDON/RANGE/NORMAL/BTC_RISING/ALTCOIN,50,0,50,0,1.0,1.3594971223228245,0.8377753473822834,1.262496956185203,STRONG,1.0,2026-07-21T15:04:51.400304+00:00
MEAN_REVERT,NY/QUIET/COMPRESSED/BTC_NEUTRAL/ALTCOIN,50,0,50,0,1.0,1.3554268943457704,0.8361142838327241,1.2587171391134089,STRONG,1.0,2026-07-22T00:32:12.463338+00:00
MEAN_REVERT,OFF_HOURS/QUIET/COMPRESSED/BTC_NEUTRAL,50,0,50,0,0.98,1.3682173848576291,0.9637676901759487,1.247628089968837,STRONG,0.9791894507339515,2026-07-24T03:03:58.285323+00:00
MEAN_REVERT,OVERLAP/VOLATILE_EXPANSION/CASCADE/BTC_NEUTRAL,50,0,50,0,0.94,1.3922773175154686,1.8189675120182107,1.2335034453097415,STRONG,0.9306402463988426,2026-07-23T17:51:04.572786+00:00
MEAN_REVERT,OVERLAP/QUIET/NORMAL/BTC_RISING,23,0,23,0,1.0,1.3578244643203239,0.8371041717369793,1.1634910988677072,STRONG,1.0,2026-07-21T16:48:19.013856+00:00
MEAN_REVERT,OVERLAP/QUIET/NORMAL/BTC_RISING/ALTCOIN,23,0,23,0,1.0,1.3578244643203239,0.8371041717369793,1.1634910988677072,STRONG,1.0,2026-07-21T16:48:19.013992+00:00
MEAN_REVERT,NY/DISTRIBUTION/NORMAL/BTC_NEUTRAL,50,0,50,0,0.96,1.261298062314103,1.8919978104227524,1.1325068751712128,STRONG,0.930923599073927,2026-07-24T00:32:36.526169+00:00
MEAN_REVERT,ASIA/DISTRIBUTION/NORMAL/BTC_NEUTRAL/ALTCOIN,50,0,50,0,1.0,1.1888888130569704,2.0089147700073893,1.1040615556158904,STRONG,0.9305206476495212,2026-07-23T07:29:20.471148+00:00
MEAN_REVERT,NY/QUIET/COMPRESSED/BTC_NEUTRAL,50,0,50,0,0.94,1.2055471488616247,0.7129431260234443,1.0670706121459168,STRONG,1.0,2026-07-24T01:03:52.962083+00:00
MEAN_REVERT,OFF_HOURS/RANGE/EXPANDED/BTC_NEUTRAL,40,0,40,0,1.0,1.1462522467938732,0.700815113598946,1.0458124218038332,STRONG,0.8236984773748304,2026-07-23T02:28:33.328697+00:00
MEAN_REVERT,OFF_HOURS/RANGE/EXPANDED/BTC_NEUTRAL/ALTCOIN,40,0,40,0,1.0,1.1462522467938732,0.700815113598946,1.0458124218038332,STRONG,0.8236984773748304,2026-07-23T02:28:33.328708+00:00
MEAN_REVERT,NY/QUIET/COMPRESSED/BTC_RISING,50,0,50,0,1.0,0.9888981320438175,0.8349790846229762,0.9183402165275711,STRONG,1.0,2026-07-22T00:21:56.816095+00:00
MEAN_REVERT,NY/QUIET/COMPRESSED/BTC_RISING/ALTCOIN,50,0,50,0,1.0,0.9888981320438175,0.8349790846229762,0.9183402165275711,STRONG,1.0,2026-07-22T00:21:56.816116+00:00
MEAN_REVERT,NY/QUIET/NORMAL/BTC_RISING,50,0,50,0,1.0,0.980553381198852,0.8379205861047039,0.9105908639405702,STRONG,1.0,2026-07-21T19:49:22.649280+00:00
MEAN_REVERT,NY/QUIET/NORMAL/BTC_RISING/ALTCOIN,50,0,50,0,1.0,0.980553381198852,0.8379205861047039,0.9105908639405702,STRONG,1.0,2026-07-21T19:49:22.649295+00:00
MEAN_REVERT,ASIA/QUIET/NORMAL/BTC_NEUTRAL/ALTCOIN,50,0,50,0,1.0,0.9563905631448629,0.8352645538360268,0.8881520637804811,STRONG,1.0,2026-07-22T07:01:13.747836+00:00
MEAN_REVERT,NY/QUIET/EXPANDED/BTC_RISING,35,0,35,0,1.0,0.9810858717171805,0.8383756197375167,0.8840522921326958,STRONG,1.0,2026-07-21T19:33:56.656184+00:00
MEAN_REVERT,NY/QUIET/EXPANDED/BTC_RISING/ALTCOIN,35,0,35,0,1.0,0.9810858717171805,0.8383756197375167,0.8840522921326958,STRONG,1.0,2026-07-21T19:33:56.656193+00:00
MEAN_REVERT,ASIA/QUIET/NORMAL/BTC_RISING,36,0,36,0,1.0,0.9604301886792364,0.8380441224892959,0.8678237518687127,STRONG,1.0,2026-07-22T05:59:36.945265+00:00
MEAN_REVERT,ASIA/QUIET/NORMAL/BTC_RISING/ALTCOIN,36,0,36,0,1.0,0.9604301886792364,0.8380441224892959,0.8678237518687127,STRONG,1.0,2026-07-22T05:59:36.945280+00:00
MEAN_REVERT,ASIA/QUIET/EXPANDED/BTC_NEUTRAL,32,0,32,0,1.0,0.9559413605459148,0.8348722423444136,0.8534809700869737,STRONG,1.0,2026-07-22T06:30:28.413528+00:00
MEAN_REVERT,ASIA/QUIET/EXPANDED/BTC_NEUTRAL/ALTCOIN,32,0,32,0,1.0,0.9559413605459148,0.8348722423444136,0.8534809700869737,STRONG,1.0,2026-07-22T06:30:28.413538+00:00
MEAN_REVERT,OVERLAP/RANGE/EXPANDED/BTC_RISING,27,0,27,0,1.0,0.9532821609999066,0.8383872791131589,0.8345422528986005,STRONG,1.0,2026-07-21T17:34:55.768976+00:00
MEAN_REVERT,OVERLAP/RANGE/EXPANDED/BTC_RISING/ALTCOIN,27,0,27,0,1.0,0.9532821609999066,0.8383872791131589,0.8345422528986005,STRONG,1.0,2026-07-21T17:34:55.768987+00:00
MEAN_REVERT,ASIA/QUIET/NORMAL/BTC_NEUTRAL,50,0,50,0,0.98,0.9144323468897753,0.7942597880874068,0.8331814471671404,STRONG,1.0,2026-07-24T03:19:31.006377+00:00
MEAN_REVERT,OVERLAP/RANGE/NORMAL/BTC_RISING,20,0,20,0,1.0,0.9013112969589828,0.8385741603556124,0.7560828945699808,STRONG,1.0,2026-07-21T17:34:55.773135+00:00
MEAN_REVERT,OVERLAP/RANGE/NORMAL/BTC_RISING/ALTCOIN,20,0,20,0,1.0,0.9013112969589828,0.8385741603556124,0.7560828945699808,STRONG,1.0,2026-07-21T17:34:55.773143+00:00
MEAN_REVERT,LONDON/QUIET/COMPRESSED/BTC_NEUTRAL/ALTCOIN,50,0,50,0,1.0,0.7787964498799201,0.69054823839315,0.7232292965661498,STRONG,0.8215450426893415,2026-07-23T14:46:26.761027+00:00
MEAN_REVERT,OVERLAP/QUIET/EXPANDED/BTC_NEUTRAL,50,0,50,0,1.0,0.7747120873026566,0.6899622752716452,0.7194363533983543,STRONG,0.8214205513557261,2026-07-23T17:56:25.080933+00:00
MEAN_REVERT,OVERLAP/QUIET/EXPANDED/BTC_NEUTRAL/ALTCOIN,50,0,50,0,1.0,0.7747120873026566,0.6899622752716452,0.7194363533983543,STRONG,0.8214205513557261,2026-07-23T17:56:25.080995+00:00
MEAN_REVERT,LONDON/VOLATILE_EXPANSION/CASCADE/BTC_NEUTRAL,50,0,50,0,1.0,0.769924268985203,0.8378070661837342,0.7149901460814715,STRONG,1.0,2026-07-22T10:22:08.303163+00:00
MEAN_REVERT,LONDON/VOLATILE_EXPANSION/CASCADE/BTC_NEUTRAL/ALTCOIN,50,0,50,0,1.0,0.769924268985203,0.8378070661837342,0.7149901460814715,STRONG,1.0,2026-07-22T10:22:08.303179+00:00
MEAN_REVERT,ASIA/VOLATILE_EXPANSION/CASCADE/BTC_NEUTRAL,50,0,50,0,1.0,0.7463608178941472,0.77637471188673,0.6931079480310274,STRONG,0.9282618195561546,2026-07-23T03:06:18.685318+00:00
MEAN_REVERT,ASIA/VOLATILE_EXPANSION/CASCADE/BTC_NEUTRAL/ALTCOIN,50,0,50,0,1.0,0.7463608178941472,0.77637471188673,0.6931079480310274,STRONG,0.9282618195561546,2026-07-23T03:06:18.685333+00:00
MEAN_REVERT,NY/QUIET/NORMAL/BTC_NEUTRAL,50,0,50,0,1.0,0.7438258365592347,0.6875266052025002,0.6907538377009921,STRONG,0.8209012118919706,2026-07-23T23:03:52.731506+00:00
MEAN_REVERT,NY/QUIET/NORMAL/BTC_NEUTRAL/ALTCOIN,50,0,50,0,1.0,0.7438258365592347,0.6875266052025002,0.6907538377009921,STRONG,0.8209012118919706,2026-07-23T23:03:52.731519+00:00
MEAN_REVERT,ASIA/QUIET/COMPRESSED/BTC_NEUTRAL/ALTCOIN,50,0,50,0,0.78,0.8364077675421439,1.3819524196004989,0.6893321562964245,STRONG,0.959842054443375,2026-07-24T03:29:49.936496+00:00
MEAN_REVERT,NY/RANGE/NORMAL/BTC_NEUTRAL/ALTCOIN,33,0,33,0,1.0,0.7636042523171147,0.689045768850831,0.6839806177382304,STRONG,0.8212254854637526,2026-07-24T00:01:20.991555+00:00
MEAN_REVERT,ASIA/DISTRIBUTION/NORMAL/BTC_NEUTRAL,50,0,50,0,0.82,0.7693903586078834,1.4297102487753128,0.617256348127891,STRONG,0.9305206476495207,2026-07-24T03:40:17.148923+00:00
MEAN_REVERT,LONDON/QUIET/COMPRESSED/BTC_NEUTRAL,50,0,50,0,0.94,0.6636415321017537,0.5762279625952382,0.5840667689054142,STRONG,0.8215495671990364,2026-07-23T14:51:42.103994+00:00
MEAN_REVERT,LONDON/RANGE/EXPANDED/BTC_NEUTRAL,50,0,50,0,1.0,0.6143416593661079,0.6878705037866358,0.5705083609756284,STRONG,0.8209747218429384,2026-07-22T13:56:49.798997+00:00
MEAN_REVERT,LONDON/RANGE/EXPANDED/BTC_NEUTRAL/ALTCOIN,50,0,50,0,1.0,0.6143416593661079,0.6878705037866358,0.5705083609756284,STRONG,0.8209747218429384,2026-07-22T13:56:49.799011+00:00
MEAN_REVERT,LONDON/RANGE/NORMAL/BTC_NEUTRAL,50,0,50,0,1.0,0.6118466432196932,0.689296180441219,0.5681913643165258,STRONG,0.8212788244536688,2026-07-22T13:46:28.683774+00:00
MEAN_REVERT,LONDON/RANGE/NORMAL/BTC_NEUTRAL/ALTCOIN,50,0,50,0,1.0,0.6118466432196932,0.689296180441219,0.5681913643165258,STRONG,0.8212788244536688,2026-07-22T13:46:28.683785+00:00
MEAN_REVERT,LONDON/DISTRIBUTION/NORMAL/BTC_NEUTRAL,30,0,30,0,1.0,0.6309311783107304,1.3165564210801006,0.5593097060813292,STRONG,0.8977195845697324,2026-07-22T12:54:29.416044+00:00
MEAN_REVERT,LONDON/DISTRIBUTION/NORMAL/BTC_NEUTRAL/ALTCOIN,30,0,30,0,1.0,0.6309311783107304,1.3165564210801006,0.5593097060813292,STRONG,0.8977195845697324,2026-07-22T12:54:29.416056+00:00
MEAN_REVERT,ASIA/RANGE/NORMAL/BTC_NEUTRAL/ALTCOIN,19,0,19,0,1.0,0.5725598630136973,0.6881275930194248,0.4762642458172917,STRONG,0.8210296364786035,2026-07-23T06:11:12.369917+00:00
MEAN_REVERT,ASIA/RANGE/NORMAL/BTC_NEUTRAL,45,0,45,0,1.0,0.34261861961715195,0.5674646679979106,0.31567020496404374,STRONG,0.899598075454148,2026-07-23T06:11:12.369905+00:00
MEAN_REVERT,ASIA/QUIET/COMPRESSED/BTC_NEUTRAL,50,0,50,0,0.52,0.2886357129958368,0.5001126681832909,0.12903572848298195,POSITIVE,0.9353067441536786,2026-07-24T03:29:49.936724+00:00
MEAN_REVERT,NY/RANGE/NORMAL/BTC_NEUTRAL,50,0,50,0,0.66,0.1639788065292955,0.15396685764663112,0.05824686711788418,POSITIVE,0.8212254854637526,2026-07-24T00:01:20.991540+00:00
MEAN_REVERT,OFF_HOURS/QUIET/NORMAL/BTC_NEUTRAL,32,0,32,0,0.4375,-0.15405944234346694,-0.38333587964277394,-0.32775536073978784,NEGATIVE,0.8208091118891113,2026-07-24T02:53:36.376301+00:00
MEAN_REVERT,OVERLAP/DISTRIBUTION/NORMAL/BTC_NEUTRAL/ALTCOIN,37,0,37,0,0.0,-1.0,-1.6652551173696606,-1.0,NEGATIVE,0.0,2026-07-20T18:45:09.021736+00:00
MEAN_REVERT,NY/DISTRIBUTION/NORMAL/BTC_RISING,22,0,22,0,0.0,-1.0,-1.7730475651682134,-1.0,NEGATIVE,0.0,2026-07-21T20:35:53.517727+00:00
MEAN_REVERT,NY/DISTRIBUTION/NORMAL/BTC_RISING/ALTCOIN,22,0,22,0,0.0,-1.0,-1.7730475651682134,-1.0,NEGATIVE,0.0,2026-07-21T20:35:53.517735+00:00
MEAN_REVERT,OVERLAP/DISTRIBUTION/NORMAL/BTC_NEUTRAL,42,0,42,0,0.0,-1.0167992169971423,-1.6114123111172542,-1.0167992169971423,NEGATIVE,0.0,2026-07-23T16:37:22.155747+00:00
MEAN_REVERT,OVERLAP/QUIET/COMPRESSED/BTC_NEUTRAL/ALTCOIN,32,0,32,0,0.0,-1.050501871701924,-1.876304506288357,-1.050501871701924,NEGATIVE,0.0,2026-07-22T15:14:33.038519+00:00
MEAN_REVERT,OVERLAP/QUIET/COMPRESSED/BTC_NEUTRAL,41,0,41,0,0.0,-1.0703252744505587,-1.7312010569933345,-1.0703252744505587,NEGATIVE,0.0,2026-07-23T15:44:16.215199+00:00
MEAN_REVERT,OVERLAP/DISTRIBUTION/EXPANDED/BTC_NEUTRAL,21,0,21,0,0.0,-1.0872579779776248,-1.3871826535099232,-1.0872579779776248,NEGATIVE,0.0,2026-07-23T18:53:42.771269+00:00
MEAN_REVERT,OFF_HOURS/QUIET/NORMAL/BTC_NEUTRAL/MIDCAP,18,0,18,0,0.0,-1.1407270246941434,-1.2158941138404713,-1.1407270246941434,NEGATIVE,0.0,2026-07-24T02:53:36.376385+00:00
MEAN_REVERT,NY/DISTRIBUTION/NORMAL/BTC_NEUTRAL/MIDCAP,50,0,50,0,0.0,-1.1410724939773293,-1.2132892139619715,-1.1410724939773293,NEGATIVE,0.0,2026-07-24T00:27:25.703817+00:00
MEAN_REVERT,LONDON/RANGE/EXPANDED/BTC_FALLING,1,0,1,0,0.0,-1.0,-0.882004900703561,,INSUFFICIENT_DATA,0.0,2026-07-17T13:15:00.306537+00:00
MEAN_REVERT,OVERLAP/DISTRIBUTION/EXPANDED/BTC_NEUTRAL/ALTCOIN,8,0,8,0,0.0,-1.0,-1.6683301111648061,,INSUFFICIENT_DATA,0.0,2026-07-20T18:03:55.147521+00:00
MEAN_REVERT,OVERLAP/DISTRIBUTION/NORMAL/BTC_RISING,6,0,6,0,0.0,-1.0,-1.820917359328084,,INSUFFICIENT_DATA,0.0,2026-07-21T18:57:54.818640+00:00
MEAN_REVERT,OVERLAP/DISTRIBUTION/NORMAL/BTC_RISING/ALTCOIN,6,0,6,0,0.0,-1.0,-1.820917359328084,,INSUFFICIENT_DATA,0.0,2026-07-21T18:57:54.818653+00:00
MEAN_REVERT,NY/RANGE/NORMAL/BTC_RISING,8,0,8,0,1.0,0.9805025880781282,0.8378771814290359,,INSUFFICIENT_DATA,1.0,2026-07-21T19:49:22.650511+00:00
MEAN_REVERT,NY/RANGE/NORMAL/BTC_RISING/ALTCOIN,8,0,8,0,1.0,0.9805025880781282,0.8378771814290359,,INSUFFICIENT_DATA,1.0,2026-07-21T19:49:22.650519+00:00
MEAN_REVERT,OFF_HOURS/DISTRIBUTION/NORMAL/BTC_NEUTRAL,4,0,4,0,0.0,-1.0,-1.0608204033280522,,INSUFFICIENT_DATA,0.0,2026-07-22T01:13:03.914867+00:00
MEAN_REVERT,OFF_HOURS/DISTRIBUTION/NORMAL/BTC_NEUTRAL/MIDCAP,4,0,4,0,0.0,-1.0,-1.0608204033280522,,INSUFFICIENT_DATA,0.0,2026-07-22T01:13:03.914892+00:00
MEAN_REVERT,ASIA/DISTRIBUTION/NORMAL/BTC_RISING,12,0,12,0,0.0,-1.0,-2.310183645937593,,INSUFFICIENT_DATA,0.0,2026-07-22T04:27:46.007777+00:00
MEAN_REVERT,ASIA/DISTRIBUTION/NORMAL/BTC_RISING/ALTCOIN,12,0,12,0,0.0,-1.0,-2.310183645937593,,INSUFFICIENT_DATA,0.0,2026-07-22T04:27:46.007786+00:00
MEAN_REVERT,OVERLAP/MARKDOWN/COMPRESSED/BTC_NEUTRAL,3,0,3,0,0.0,-1.083981720572104,-1.936102963575444,,INSUFFICIENT_DATA,0.0,2026-07-22T15:35:42.948593+00:00
MEAN_REVERT,OVERLAP/MARKDOWN/COMPRESSED/BTC_NEUTRAL/ALTCOIN,3,0,3,0,0.0,-1.083981720572104,-1.936102963575444,,INSUFFICIENT_DATA,0.0,2026-07-22T15:35:42.948618+00:00
MEAN_REVERT,OVERLAP/RANGE/EXPANDED/BTC_NEUTRAL,10,0,10,0,1.0,0.545399813679058,0.6939705301284153,,INSUFFICIENT_DATA,0.8222686756880283,2026-07-22T16:58:48.902860+00:00
MEAN_REVERT,OVERLAP/RANGE/EXPANDED/BTC_NEUTRAL/ALTCOIN,10,0,10,0,1.0,0.545399813679058,0.6939705301284153,,INSUFFICIENT_DATA,0.8222686756880283,2026-07-22T16:58:48.902895+00:00
MEAN_REVERT,OFF_HOURS/VOLATILE_EXPANSION/CASCADE/BTC_NEUTRAL,2,0,2,0,1.0,1.1430290556900489,0.699479585116882,,INSUFFICIENT_DATA,0.8234213009611513,2026-07-23T02:28:33.329019+00:00
MEAN_REVERT,OFF_HOURS/VOLATILE_EXPANSION/CASCADE/BTC_NEUTRAL/ALTCOIN,2,0,2,0,1.0,1.1430290556900489,0.699479585116882,,INSUFFICIENT_DATA,0.8234213009611513,2026-07-23T02:28:33.329034+00:00
MEAN_REVERT,LONDON/QUIET/NORMAL/BTC_NEUTRAL,5,0,5,0,0.4,-0.37130240909469725,-0.4524888198028342,,INSUFFICIENT_DATA,0.8222686756880283,2026-07-23T14:46:26.761319+00:00
MEAN_REVERT,LONDON/QUIET/NORMAL/BTC_NEUTRAL/MIDCAP,3,0,3,0,0.0,-1.1406080760924735,-1.2167950530903338,,INSUFFICIENT_DATA,0.0,2026-07-23T13:11:36.639507+00:00
MEAN_REVERT,LONDON/QUIET/COMPRESSED/BTC_NEUTRAL/MIDCAP,7,0,7,0,0.0,-1.1407971823623864,-1.2153623564636693,,INSUFFICIENT_DATA,0.0,2026-07-23T14:51:42.104023+00:00
MEAN_REVERT,LONDON/QUIET/NORMAL/BTC_NEUTRAL/ALTCOIN,2,0,2,0,1.0,0.7826560914019672,0.6939705301284153,,INSUFFICIENT_DATA,0.8222686756880283,2026-07-23T14:46:26.761330+00:00
MEAN_REVERT,OVERLAP/QUIET/COMPRESSED/BTC_NEUTRAL/MIDCAP,9,0,9,0,0.0,-1.1408084842234847,-1.2152776817221442,,INSUFFICIENT_DATA,0.0,2026-07-23T15:44:16.215217+00:00
MEAN_REVERT,OVERLAP/QUIET/NORMAL/BTC_NEUTRAL,11,0,11,0,0.0,-1.1409480988913283,-1.2142247897997471,,INSUFFICIENT_DATA,0.0,2026-07-23T16:26:43.675956+00:00
MEAN_REVERT,OVERLAP/QUIET/NORMAL/BTC_NEUTRAL/MIDCAP,11,0,11,0,0.0,-1.1409480988913283,-1.2142247897997471,,INSUFFICIENT_DATA,0.0,2026-07-23T16:26:43.675973+00:00
MEAN_REVERT,OVERLAP/DISTRIBUTION/NORMAL/BTC_NEUTRAL/MIDCAP,5,0,5,0,0.0,-1.1411134227759934,-1.2129755448494492,,INSUFFICIENT_DATA,0.0,2026-07-23T16:37:22.155778+00:00
MEAN_REVERT,OVERLAP/DISTRIBUTION/EXPANDED/BTC_NEUTRAL/MIDCAP,13,0,13,0,0.0,-1.1409551951946246,-1.2141688334146106,,INSUFFICIENT_DATA,0.0,2026-07-23T18:53:42.771284+00:00
MEAN_REVERT,OVERLAP/VOLATILE_EXPANSION/CASCADE/BTC_NEUTRAL/MIDCAP,3,0,3,0,0.0,-1.1408193262067952,-1.2151947004754375,,INSUFFICIENT_DATA,0.0,2026-07-23T17:51:04.572800+00:00
MEAN_REVERT,NY/QUIET/NORMAL/BTC_NEUTRAL/MIDCAP,5,0,5,0,0.0,-1.1406474649243443,-1.216496320602221,,INSUFFICIENT_DATA,0.0,2026-07-23T19:30:05.741771+00:00
MEAN_REVERT,NY/QUIET/COMPRESSED/BTC_NEUTRAL/MIDCAP,3,0,3,0,0.0,-1.140716094506494,-1.2159770950871707,,INSUFFICIENT_DATA,0.0,2026-07-24T01:03:52.962154+00:00
MEAN_REVERT,OFF_HOURS/QUIET/NORMAL/BTC_NEUTRAL/ALTCOIN,14,0,14,0,1.0,1.114513163535974,0.6870961357542654,,INSUFFICIENT_DATA,0.8208091118891113,2026-07-24T01:45:42.705261+00:00
MEAN_REVERT,OFF_HOURS/QUIET/COMPRESSED/BTC_NEUTRAL/MIDCAP,1,0,1,0,0.0,-1.1406080760924735,-1.2167950530903338,,INSUFFICIENT_DATA,0.0,2026-07-24T02:06:37.526789+00:00
MEAN_REVERT,ASIA/QUIET/COMPRESSED/BTC_NEUTRAL/MIDCAP,13,0,13,0,0.0,-1.1412058270718526,-1.2122812380226848,,INSUFFICIENT_DATA,0.0,2026-07-24T03:29:49.936740+00:00
MEAN_REVERT,ASIA/QUIET/NORMAL/BTC_NEUTRAL/MIDCAP,1,0,1,0,0.0,-1.1409181269769098,-1.2144478692551632,,INSUFFICIENT_DATA,0.0,2026-07-24T03:19:31.006593+00:00
MEAN_REVERT,ASIA/DISTRIBUTION/NORMAL/BTC_NEUTRAL/MIDCAP,9,0,9,0,0.0,-1.1416581561046257,-1.2088881257263622,,INSUFFICIENT_DATA,0.0,2026-07-24T03:40:17.148940+00:00
MEAN_REVERT@ATR,LONDON/QUIET/COMPRESSED/BTC_NEUTRAL,23,0,0,23,0.7391304347826086,0.697668523955305,0.5988756555625375,0.4303971959470086,STRONG,0.8956271870290804,2026-07-23T14:51:47.083158+00:00
MEAN_REVERT@ATR,OFF_HOURS/QUIET/COMPRESSED/BTC_NEUTRAL,18,0,0,18,0.4444444444444444,0.08979549519197268,-0.0175936205641077,-0.20244041082056746,NEGATIVE,0.9438586577242628,2026-07-24T02:58:49.856719+00:00
MEAN_REVERT@ATR,NY/DISTRIBUTION/NORMAL/BTC_NEUTRAL,23,0,0,23,0.2608695652173913,-0.37705017117946577,-0.4048092205897531,-0.6120328787484653,NEGATIVE,0.9307191139298578,2026-07-24T00:27:28.702475+00:00
MEAN_REVERT@ATR,ASIA/QUIET/COMPRESSED/BTC_NEUTRAL,22,0,0,22,0.22727272727272727,-0.42800849827678084,-0.4139927082081568,-0.6127273664183772,NEGATIVE,0.9664097133775083,2026-07-24T03:29:54.041522+00:00
MEAN_REVERT@ATR,ASIA/DISTRIBUTION/NORMAL/BTC_NEUTRAL,10,0,0,10,0.8,0.6461939335192115,0.7516726323641467,,INSUFFICIENT_DATA,0.8814036588430102,2026-07-24T03:40:25.337646+00:00
MEAN_REVERT@ATR,LONDON/RANGE/EXPANDED/BTC_FALLING,1,0,0,1,0.0,-1.0,-0.8896559403184469,,INSUFFICIENT_DATA,0.0,2026-07-17T13:15:04.921615+00:00
MEAN_REVERT@ATR,OVERLAP/VOLATILE_EXPANSION/CASCADE/BTC_NEUTRAL,6,0,0,6,0.6666666666666666,0.7983391653617247,0.9899815918950816,,INSUFFICIENT_DATA,0.9306073278136378,2026-07-23T17:51:12.020533+00:00
MEAN_REVERT@ATR,NY/RANGE/NORMAL/BTC_NEUTRAL,4,0,0,4,0.25,-0.4709824000000004,-0.49498051302612744,,INSUFFICIENT_DATA,0.8212254854637523,2026-07-23T23:56:13.307379+00:00
MEAN_REVERT@ATR,NY/QUIET/COMPRESSED/BTC_NEUTRAL,7,0,0,7,0.42857142857142855,-0.06564221841606359,-0.34910732403798733,,INSUFFICIENT_DATA,0.940226136903993,2026-07-24T01:03:57.399174+00:00
MEAN_REVERT@ATR,ASIA/RANGE/NORMAL/BTC_NEUTRAL,2,0,0,2,0.5,0.05729160000000444,-0.753285447878221,,INSUFFICIENT_DATA,0.8210296364786028,2026-07-23T06:06:00.344327+00:00
MEAN_REVERT@ATR,OVERLAP/DISTRIBUTION/NORMAL/BTC_NEUTRAL,4,0,0,4,0.0,-1.035148541114058,-1.4140392452028296,,INSUFFICIENT_DATA,0.0,2026-07-23T16:26:48.780166+00:00
MEAN_REVERT@ATR,OVERLAP/DISTRIBUTION/EXPANDED/BTC_NEUTRAL,5,0,0,5,0.0,-1.1124753315649858,-1.2694709136554825,,INSUFFICIENT_DATA,0.0,2026-07-23T18:48:35.348712+00:00
MEAN_REVERT@ATR,LONDON/RANGE/NORMAL/BTC_RISING,7,0,0,7,1.0,1.357234171428581,0.8379368032362725,,INSUFFICIENT_DATA,1.0,2026-07-21T14:54:35.667604+00:00
MEAN_REVERT@ATR,OVERLAP/QUIET/NORMAL/BTC_RISING,6,0,0,6,1.0,1.3567094666666766,0.8376128580836318,,INSUFFICIENT_DATA,1.0,2026-07-21T16:48:22.182096+00:00
MEAN_REVERT@ATR,OVERLAP/RANGE/NORMAL/BTC_RISING,1,0,0,1,1.0,1.3536224000000103,0.8357069476456999,,INSUFFICIENT_DATA,1.0,2026-07-21T17:09:07.856261+00:00
MEAN_REVERT@ATR,OVERLAP/RANGE/EXPANDED/BTC_RISING,1,0,0,1,1.0,1.3584896000000095,0.8387118867303223,,INSUFFICIENT_DATA,1.0,2026-07-21T17:29:49.965373+00:00
MEAN_REVERT@ATR,OVERLAP/DISTRIBUTION/NORMAL/BTC_RISING,2,0,0,2,0.0,-1.0,-1.16099792978681,,INSUFFICIENT_DATA,0.0,2026-07-21T18:57:57.645400+00:00
MEAN_REVERT@ATR,NY/QUIET/NORMAL/BTC_RISING,3,0,0,3,1.0,1.35632640000001,0.8373763582482678,,INSUFFICIENT_DATA,1.0,2026-07-21T19:49:27.475144+00:00
MEAN_REVERT@ATR,NY/QUIET/EXPANDED/BTC_RISING,2,0,0,2,1.0,1.3576784000000095,0.8382110635495519,,INSUFFICIENT_DATA,1.0,2026-07-21T19:28:50.214371+00:00
MEAN_REVERT@ATR,NY/QUIET/COMPRESSED/BTC_RISING,3,0,0,3,1.0,1.3573178666666779,0.8379884754692103,,INSUFFICIENT_DATA,1.0,2026-07-22T00:11:46.160037+00:00
MEAN_REVERT@ATR,NY/DISTRIBUTION/NORMAL/BTC_RISING,1,0,0,1,0.0,-1.0,-1.16099792978681,,INSUFFICIENT_DATA,0.0,2026-07-21T20:30:47.470188+00:00
MEAN_REVERT@ATR,OFF_HOURS/DISTRIBUTION/NORMAL/BTC_NEUTRAL,1,0,0,1,0.0,-1.0,-1.0669006112746289,,INSUFFICIENT_DATA,0.0,2026-07-22T01:13:08.048368+00:00
MEAN_REVERT@ATR,ASIA/DISTRIBUTION/NORMAL/BTC_RISING,1,0,0,1,0.0,-1.0,-1.16099792978681,,INSUFFICIENT_DATA,0.0,2026-07-22T04:22:42.713752+00:00
MEAN_REVERT@ATR,ASIA/QUIET/NORMAL/BTC_RISING,2,0,0,2,1.0,1.3563264000000057,0.8373763582482652,,INSUFFICIENT_DATA,1.0,2026-07-22T05:59:39.029804+00:00
MEAN_REVERT@ATR,ASIA/QUIET/EXPANDED/BTC_NEUTRAL,1,0,0,1,1.0,1.3522704000000065,0.8348722423444134,,INSUFFICIENT_DATA,1.0,2026-07-22T06:30:30.897018+00:00
MEAN_REVERT@ATR,ASIA/QUIET/NORMAL/BTC_NEUTRAL,5,0,0,5,0.8,0.8077554071087618,0.39615369401112394,,INSUFFICIENT_DATA,0.9551927038318867,2026-07-24T03:45:36.933439+00:00
MEAN_REVERT@ATR,ASIA/VOLATILE_EXPANSION/CASCADE/BTC_NEUTRAL,3,0,0,3,1.0,1.2733568000000148,0.7861521238063881,,INSUFFICIENT_DATA,0.940202268730256,2026-07-23T03:06:21.341013+00:00
MEAN_REVERT@ATR,LONDON/VOLATILE_EXPANSION/CASCADE/BTC_NEUTRAL,2,0,0,2,1.0,1.3559208000000118,0.837125946657884,,INSUFFICIENT_DATA,1.0,2026-07-22T10:17:00.119364+00:00
MEAN_REVERT@ATR,LONDON/RANGE/EXPANDED/BTC_NEUTRAL,8,0,0,8,1.0,1.1443955000000101,0.7065332770826455,,INSUFFICIENT_DATA,0.8433365721299154,2026-07-22T13:51:43.365204+00:00
MEAN_REVERT@ATR,LONDON/RANGE/NORMAL/BTC_NEUTRAL,5,0,0,5,1.0,1.113204160000008,0.6872761936121142,,INSUFFICIENT_DATA,0.8208476472346821,2026-07-22T13:41:24.049340+00:00
MEAN_REVERT@ATR,LONDON/DISTRIBUTION/NORMAL/BTC_NEUTRAL,1,0,0,1,1.0,1.1339868808567597,1.3165564210801004,,INSUFFICIENT_DATA,0.8977195845697319,2026-07-22T12:54:33.471580+00:00
MEAN_REVERT@ATR,OVERLAP/QUIET/COMPRESSED/BTC_NEUTRAL,4,0,0,4,0.0,-1.1377454225389618,-1.2404249409026744,,INSUFFICIENT_DATA,0.0,2026-07-23T15:44:23.462687+00:00
MEAN_REVERT@ATR,OVERLAP/MARKDOWN/COMPRESSED/BTC_NEUTRAL,2,0,0,2,0.0,-1.1291991967871502,-1.3109979297868102,,INSUFFICIENT_DATA,0.0,2026-07-22T15:35:48.408176+00:00
MEAN_REVERT@ATR,OVERLAP/RANGE/EXPANDED/BTC_NEUTRAL,1,0,0,1,0.0,-1.2429600000000027,-0.7673855778728939,,INSUFFICIENT_DATA,0.0,2026-07-22T16:58:52.531935+00:00
MEAN_REVERT@ATR,OFF_HOURS/RANGE/EXPANDED/BTC_NEUTRAL,1,0,0,1,1.0,1.1351336000000134,0.7008151135989464,,INSUFFICIENT_DATA,0.8236984773748315,2026-07-23T02:23:25.932779+00:00
MEAN_REVERT@ATR,LONDON/QUIET/NORMAL/BTC_NEUTRAL,1,0,0,1,0.0,-1.1405941644562323,-1.216900611274629,,INSUFFICIENT_DATA,0.0,2026-07-23T13:11:41.498862+00:00
MEAN_REVERT@ATR,OVERLAP/QUIET/NORMAL/BTC_NEUTRAL,3,0,0,3,0.0,-1.1405941644562323,-1.216900611274629,,INSUFFICIENT_DATA,0.0,2026-07-23T16:16:19.095187+00:00
MEAN_REVERT@ATR,OVERLAP/QUIET/EXPANDED/BTC_NEUTRAL,3,0,0,3,1.0,1.119856000000006,0.691382943694431,,INSUFFICIENT_DATA,0.8217220813374649,2026-07-23T17:56:28.747111+00:00
MEAN_REVERT@ATR,NY/QUIET/NORMAL/BTC_NEUTRAL,7,0,0,7,0.8571428571428571,0.7913334050776842,0.4153129424506727,,INSUFFICIENT_DATA,0.8208631247597585,2026-07-23T22:53:34.965242+00:00
MEAN_REVERT@ATR,NY/DISTRIBUTION/EXPANDED/BTC_NEUTRAL,1,0,0,1,1.0,1.7359091967871707,2.01538698376779,,INSUFFICIENT_DATA,0.9307283173287582,2026-07-23T19:45:52.770062+00:00
MEAN_REVERT@ATR,OFF_HOURS/QUIET/NORMAL/BTC_NEUTRAL,8,0,0,8,0.25,-0.5772223233421732,-0.7409044056077676,,INSUFFICIENT_DATA,0.8208065592941762,2026-07-24T02:53:41.000066+00:00
MEAN_REVERT@FIXED,LONDON/QUIET/COMPRESSED/BTC_NEUTRAL,23,0,0,23,0.7391304347826086,0.5506818758013465,0.6074013081402198,0.33289580595037893,STRONG,0.8956271870290804,2026-07-23T14:51:47.082968+00:00
MEAN_REVERT@FIXED,OFF_HOURS/QUIET/COMPRESSED/BTC_NEUTRAL,18,0,0,18,0.4444444444444444,0.02915950186921812,-0.23343749132273858,-0.23594715750959167,NEGATIVE,0.9438586577242628,2026-07-24T02:58:49.856486+00:00
MEAN_REVERT@FIXED,ASIA/QUIET/COMPRESSED/BTC_NEUTRAL,22,0,0,22,0.3181818181818182,-0.3827042252341044,-0.3161516677227187,-0.5151707023310641,NEGATIVE,0.9407831427990635,2026-07-24T03:29:54.041405+00:00
MEAN_REVERT@FIXED,NY/DISTRIBUTION/NORMAL/BTC_NEUTRAL,23,0,0,23,0.2608695652173913,-0.4570774011151075,-0.42098313340149934,-0.6506741346466272,NEGATIVE,0.9307191139298578,2026-07-24T00:27:28.701092+00:00
MEAN_REVERT@FIXED,ASIA/DISTRIBUTION/NORMAL/BTC_NEUTRAL,10,0,0,10,0.8,0.3877884216203866,0.7526647377863792,,INSUFFICIENT_DATA,0.8814036588430102,2026-07-24T03:40:25.337550+00:00
MEAN_REVERT@FIXED,LONDON/RANGE/EXPANDED/BTC_FALLING,1,0,0,1,0.0,-1.0,-0.882004900703561,,INSUFFICIENT_DATA,0.0,2026-07-17T13:15:04.921455+00:00
MEAN_REVERT@FIXED,OVERLAP/VOLATILE_EXPANSION/CASCADE/BTC_NEUTRAL,6,0,0,6,0.6666666666666666,0.6791098205406337,0.9949366038086443,,INSUFFICIENT_DATA,0.9306073278136378,2026-07-23T17:51:12.020244+00:00
MEAN_REVERT@FIXED,NY/RANGE/NORMAL/BTC_NEUTRAL,4,0,0,4,0.25,-0.5590989369207213,-0.9958631547101277,,INSUFFICIENT_DATA,0.8212254854637523,2026-07-23T23:56:13.307259+00:00
MEAN_REVERT@FIXED,NY/QUIET/COMPRESSED/BTC_NEUTRAL,7,0,0,7,0.42857142857142855,-0.1189766727803834,-0.3483139076359193,,INSUFFICIENT_DATA,0.940226136903993,2026-07-24T01:03:57.399074+00:00
MEAN_REVERT@FIXED,ASIA/RANGE/NORMAL/BTC_NEUTRAL,2,0,0,2,1.0,0.37357224853591753,0.5837077540584991,,INSUFFICIENT_DATA,0.886140705741048,2026-07-23T06:06:00.342985+00:00
MEAN_REVERT@FIXED,OVERLAP/DISTRIBUTION/NORMAL/BTC_NEUTRAL,4,0,0,4,0.0,-1.0353038407203856,-1.551713637035352,,INSUFFICIENT_DATA,0.0,2026-07-23T16:26:48.775915+00:00
MEAN_REVERT@FIXED,OVERLAP/DISTRIBUTION/EXPANDED/BTC_NEUTRAL,5,0,0,5,0.0,-1.1126978296239307,-1.3055017120903347,,INSUFFICIENT_DATA,0.0,2026-07-23T18:48:35.348478+00:00
MEAN_REVERT@FIXED,LONDON/RANGE/NORMAL/BTC_RISING,7,0,0,7,1.0,1.2218140267562405,0.8379368032362725,,INSUFFICIENT_DATA,1.0,2026-07-21T14:54:35.667414+00:00
MEAN_REVERT@FIXED,OVERLAP/QUIET/NORMAL/BTC_RISING,6,0,0,6,1.0,1.3590722785082885,0.8376128580836318,,INSUFFICIENT_DATA,1.0,2026-07-21T16:48:22.181863+00:00
MEAN_REVERT@FIXED,OVERLAP/RANGE/NORMAL/BTC_RISING,1,0,0,1,1.0,0.8995576716326086,0.8357069476456999,,INSUFFICIENT_DATA,1.0,2026-07-21T17:09:07.856026+00:00
MEAN_REVERT@FIXED,OVERLAP/RANGE/EXPANDED/BTC_RISING,1,0,0,1,1.0,0.9027921978190616,0.8387118867303223,,INSUFFICIENT_DATA,1.0,2026-07-21T17:29:49.964940+00:00
MEAN_REVERT@FIXED,OVERLAP/DISTRIBUTION/NORMAL/BTC_RISING,2,0,0,2,0.5,-0.3339023670944098,-0.6080086165629492,,INSUFFICIENT_DATA,1.0,2026-07-21T18:57:57.645282+00:00
MEAN_REVERT@FIXED,NY/QUIET/NORMAL/BTC_RISING,3,0,0,3,1.0,0.9799165136082699,0.8373763582482678,,INSUFFICIENT_DATA,1.0,2026-07-21T19:49:27.474724+00:00
MEAN_REVERT@FIXED,NY/QUIET/EXPANDED/BTC_RISING,2,0,0,2,1.0,0.9808933043913721,0.8382110635495519,,INSUFFICIENT_DATA,1.0,2026-07-21T19:28:50.214012+00:00
MEAN_REVERT@FIXED,NY/QUIET/COMPRESSED/BTC_RISING,3,0,0,3,1.0,0.9831600378923387,0.8379884754692103,,INSUFFICIENT_DATA,1.0,2026-07-22T00:11:46.159735+00:00
MEAN_REVERT@FIXED,NY/DISTRIBUTION/NORMAL/BTC_RISING,1,0,0,1,0.0,-1.0,-1.7730475651682138,,INSUFFICIENT_DATA,0.0,2026-07-21T20:30:47.469712+00:00
MEAN_REVERT@FIXED,OFF_HOURS/DISTRIBUTION/NORMAL/BTC_NEUTRAL,1,0,0,1,0.0,-1.0,-1.0608204033280522,,INSUFFICIENT_DATA,0.0,2026-07-22T01:13:08.048227+00:00
MEAN_REVERT@FIXED,ASIA/DISTRIBUTION/NORMAL/BTC_RISING,1,0,0,1,0.0,-1.0,-2.3101836459375935,,INSUFFICIENT_DATA,0.0,2026-07-22T04:22:42.713538+00:00
MEAN_REVERT@FIXED,ASIA/QUIET/NORMAL/BTC_RISING,2,0,0,2,1.0,0.9596649056603657,0.8373763582482652,,INSUFFICIENT_DATA,1.0,2026-07-22T05:59:39.029574+00:00
MEAN_REVERT@FIXED,ASIA/QUIET/EXPANDED/BTC_NEUTRAL,1,0,0,1,1.0,0.9559413605459152,0.8348722423444134,,INSUFFICIENT_DATA,1.0,2026-07-22T06:30:30.896722+00:00
MEAN_REVERT@FIXED,ASIA/QUIET/NORMAL/BTC_NEUTRAL,5,0,0,5,0.8,0.49955191996579956,0.39664424241501706,,INSUFFICIENT_DATA,0.9551927038318867,2026-07-24T03:45:36.932923+00:00
MEAN_REVERT@FIXED,ASIA/VOLATILE_EXPANSION/CASCADE/BTC_NEUTRAL,3,0,0,3,1.0,0.7952655342838214,0.7861521238063881,,INSUFFICIENT_DATA,0.940202268730256,2026-07-23T03:06:21.340821+00:00
MEAN_REVERT@FIXED,LONDON/VOLATILE_EXPANSION/CASCADE/BTC_NEUTRAL,2,0,0,2,1.0,0.7692983367459093,0.837125946657884,,INSUFFICIENT_DATA,1.0,2026-07-22T10:17:00.119141+00:00
MEAN_REVERT@FIXED,LONDON/RANGE/EXPANDED/BTC_NEUTRAL,8,0,0,8,1.0,0.6482664995900795,0.7065332770826455,,INSUFFICIENT_DATA,0.8433365721299154,2026-07-22T13:51:43.365020+00:00
MEAN_REVERT@FIXED,LONDON/RANGE/NORMAL/BTC_NEUTRAL,5,0,0,5,1.0,0.6134536577619925,0.6872761936121142,,INSUFFICIENT_DATA,0.8208476472346821,2026-07-22T13:41:24.042937+00:00
MEAN_REVERT@FIXED,LONDON/DISTRIBUTION/NORMAL/BTC_NEUTRAL,1,0,0,1,1.0,0.6309311783107303,1.3165564210801004,,INSUFFICIENT_DATA,0.8977195845697319,2026-07-22T12:54:33.471116+00:00
MEAN_REVERT@FIXED,OVERLAP/QUIET/COMPRESSED/BTC_NEUTRAL,4,0,0,4,0.0,-1.111680725730065,-1.3692180897329929,,INSUFFICIENT_DATA,0.0,2026-07-23T15:44:23.462542+00:00
MEAN_REVERT@FIXED,OVERLAP/MARKDOWN/COMPRESSED/BTC_NEUTRAL,2,0,0,2,0.0,-1.083981720572104,-1.9361029635754439,,INSUFFICIENT_DATA,0.0,2026-07-22T15:35:48.408005+00:00
MEAN_REVERT@FIXED,OVERLAP/RANGE/EXPANDED/BTC_NEUTRAL,1,0,0,1,1.0,0.545399813679058,0.6939705301284153,,INSUFFICIENT_DATA,0.8222686756880283,2026-07-22T16:58:52.531403+00:00
MEAN_REVERT@FIXED,OFF_HOURS/RANGE/EXPANDED/BTC_NEUTRAL,1,0,0,1,1.0,1.1462522467938732,0.7008151135989464,,INSUFFICIENT_DATA,0.8236984773748315,2026-07-23T02:23:25.932554+00:00
MEAN_REVERT@FIXED,LONDON/QUIET/NORMAL/BTC_NEUTRAL,1,0,0,1,0.0,-1.1406080760924735,-1.2167950530903338,,INSUFFICIENT_DATA,0.0,2026-07-23T13:11:41.498628+00:00
MEAN_REVERT@FIXED,OVERLAP/QUIET/NORMAL/BTC_NEUTRAL,3,0,0,3,0.0,-1.1409326559908604,-1.2143411790808298,,INSUFFICIENT_DATA,0.0,2026-07-23T16:16:19.094793+00:00
MEAN_REVERT@FIXED,OVERLAP/QUIET/EXPANDED/BTC_NEUTRAL,3,0,0,3,1.0,0.7763072600224229,0.691382943694431,,INSUFFICIENT_DATA,0.8217220813374649,2026-07-23T17:56:28.746831+00:00
MEAN_REVERT@FIXED,NY/QUIET/NORMAL/BTC_NEUTRAL,7,0,0,7,0.8571428571428571,0.4898241785795184,0.4154194709121371,,INSUFFICIENT_DATA,0.8208631247597585,2026-07-23T22:53:34.964972+00:00
MEAN_REVERT@FIXED,NY/DISTRIBUTION/EXPANDED/BTC_NEUTRAL,1,0,0,1,1.0,1.3774422295541802,2.01538698376779,,INSUFFICIENT_DATA,0.9307283173287582,2026-07-23T19:45:52.769774+00:00
MEAN_REVERT@FIXED,OFF_HOURS/QUIET/NORMAL/BTC_NEUTRAL,8,0,0,8,0.25,-0.576935966613718,-0.7401184145646377,,INSUFFICIENT_DATA,0.8208065592941762,2026-07-24T02:53:40.999932+00:00
MOVER_AVWAP_SCALP,LONDON/MARKUP/CASCADE/BTC_FALLING,27,0,27,0,0.0,-0.9098980528743948,-2.3912274655047105,-0.9098980528743948,NEGATIVE,0.0,2026-07-13T08:17:59.338210+00:00
MOVER_AVWAP_SCALP,ASIA/MARKUP/CASCADE/BTC_FALLING,50,0,50,0,0.0,-1.0,-1.546191823529406,-1.0,NEGATIVE,0.0,2026-07-13T08:02:32.385169+00:00
MOVER_AVWAP_SCALP,NY/QUIET/COMPRESSED/BTC_NEUTRAL,17,0,17,0,0.0,-1.0,-0.5679072344698254,-1.0,NEGATIVE,0.0,2026-07-14T17:08:33.337007+00:00
MOVER_AVWAP_SCALP,NY/ACCUMULATION/NORMAL/BTC_NEUTRAL,18,0,18,0,0.0,-1.0,-1.242456405512898,-1.0,NEGATIVE,0.0,2026-07-14T17:13:34.682859+00:00
MOVER_AVWAP_SCALP,ASIA/DISTRIBUTION/NORMAL/BTC_NEUTRAL,1,1,0,0,0.0,-0.08227616936761863,-0.15000000000000097,,INSUFFICIENT_DATA,-0.09356097560975687,2026-07-13T00:40:39.737393+00:00
MOVER_AVWAP_SCALP,NY/RANGE/NORMAL/BTC_FALLING,8,0,8,0,0.0,-1.0,-1.0191802554575105,,INSUFFICIENT_DATA,0.0,2026-07-13T17:23:56.835373+00:00
MOVER_AVWAP_SCALP,NY/RANGE/EXPANDED/BTC_FALLING,1,1,0,0,0.0,-0.06698986213680855,-0.1499999999999888,,INSUFFICIENT_DATA,-0.07587869822484654,2026-07-13T17:38:09.940643+00:00
MOVER_AVWAP_SCALP,ASIA/QUIET/EXPANDED/BTC_NEUTRAL,1,1,0,0,0.0,-0.6449807258909612,-0.826798212680974,,INSUFFICIENT_DATA,-6.369526230769625,2026-07-14T00:07:45.273865+00:00
MOVER_AVWAP_SCALP,OVERLAP/RANGE/EXPANDED/BTC_NEUTRAL,8,0,8,0,1.0,0.4571399855822017,0.8800236630990785,,INSUFFICIENT_DATA,1.0,2026-07-14T13:38:47.623628+00:00
MOVER_AVWAP_SCALP,OVERLAP/VOLATILE_EXPANSION/CASCADE/BTC_NEUTRAL,10,1,9,0,0.9,0.3323708903229705,0.7226532245539479,,INSUFFICIENT_DATA,1.0,2026-07-23T13:44:53.192679+00:00
MOVER_AVWAP_SCALP,OVERLAP/MARKUP/EXPANDED/BTC_NEUTRAL,1,1,0,0,0.0,-0.055924045833244326,-0.1499999999999986,,INSUFFICIENT_DATA,-0.08194333653010072,2026-07-14T14:04:36.260132+00:00
MOVER_AVWAP_SCALP,LONDON/VOLATILE_EXPANSION/CASCADE/BTC_NEUTRAL,9,0,9,0,1.0,0.7707165030902807,1.3769573100841686,,INSUFFICIENT_DATA,1.0,2026-07-18T09:04:44.362576+00:00
MOVER_AVWAP_SCALP,LONDON/MARKUP/CASCADE/BTC_NEUTRAL,11,0,11,0,1.0,1.3393930320616698,1.4822915534554106,,INSUFFICIENT_DATA,1.0,2026-07-16T11:04:08.284853+00:00
MOVER_AVWAP_SCALP,OVERLAP/MARKUP/CASCADE/BTC_NEUTRAL,9,0,9,0,0.0,-1.0,-1.434253166784836,,INSUFFICIENT_DATA,0.0,2026-07-16T15:09:38.524549+00:00
MOVER_AVWAP_SCALP,OFF_HOURS/MARKDOWN/COMPRESSED/BTC_NEUTRAL,1,1,0,0,1.0,0.8534558448979912,1.7331192929292971,,INSUFFICIENT_DATA,0.8170419523809526,2026-07-17T00:08:43.247021+00:00
MOVER_AVWAP_SCALP,OVERLAP/RANGE/NORMAL/BTC_NEUTRAL,11,0,11,0,0.0,-1.0,-1.2828516150224438,,INSUFFICIENT_DATA,0.0,2026-07-18T14:14:23.174094+00:00
MOVER_AVWAP_SCALP,ASIA/DISTRIBUTION/NORMAL/BTC_RISING,1,1,0,0,0.0,-1.0,-1.1833130205467075,,INSUFFICIENT_DATA,-16.125598187502035,2026-07-19T00:19:35.017201+00:00
MOVER_AVWAP_SCALP,OVERLAP/ACCUMULATION/EXPANDED/BTC_NEUTRAL,5,1,4,0,0.0,-1.0178507451810934,-2.1953235692131363,,INSUFFICIENT_DATA,-3.104604710039389,2026-07-23T14:11:13.052993+00:00
MOVER_AVWAP_SCALP,OVERLAP/ACCUMULATION/EXPANDED/BTC_NEUTRAL/ALTCOIN,4,0,4,0,0.0,-1.0,-2.3240039281804297,,INSUFFICIENT_DATA,0.0,2026-07-20T15:50:29.845559+00:00
MOVER_AVWAP_SCALP,LONDON/VOLATILE_EXPANSION/CASCADE/BTC_RISING,8,0,8,0,0.0,-1.0,-0.38876399372302567,,INSUFFICIENT_DATA,0.0,2026-07-21T09:16:44.391012+00:00
MOVER_AVWAP_SCALP,LONDON/VOLATILE_EXPANSION/CASCADE/BTC_RISING/ALTCOIN,8,0,8,0,0.0,-1.0,-0.38876399372302567,,INSUFFICIENT_DATA,0.0,2026-07-21T09:16:44.391021+00:00
MOVER_AVWAP_SCALP,LONDON/MARKUP/NORMAL/BTC_RISING,1,1,0,0,0.0,-1.0000001532485119,-2.0748589874998635,,INSUFFICIENT_DATA,-1.5070153956335337,2026-07-21T10:18:01.360405+00:00
MOVER_AVWAP_SCALP,LONDON/MARKUP/NORMAL/BTC_RISING/ALTCOIN,1,1,0,0,0.0,-1.0000001532485119,-2.0748589874998635,,INSUFFICIENT_DATA,-1.5070153956335337,2026-07-21T10:18:02.526797+00:00
MOVER_AVWAP_SCALP,NY/MARKUP/CASCADE/BTC_NEUTRAL,1,1,0,0,1.0,0.8225978653290945,3.986579999999991,,INSUFFICIENT_DATA,0.6146186440251564,2026-07-22T21:25:04.119546+00:00
MOVER_AVWAP_SCALP,NY/MARKUP/CASCADE/BTC_NEUTRAL/ALTCOIN,1,1,0,0,1.0,0.8225978653290945,3.986579999999991,,INSUFFICIENT_DATA,0.6146186440251564,2026-07-22T21:25:06.033355+00:00
MOVER_AVWAP_SCALP,OVERLAP/VOLATILE_EXPANSION/CASCADE/BTC_NEUTRAL/MIDCAP,1,1,0,0,0.0,-1.090197255252922,-1.6630217802014637,,INSUFFICIENT_DATA,0.0,2026-07-23T13:44:55.152152+00:00
MOVER_AVWAP_SCALP,OVERLAP/ACCUMULATION/EXPANDED/BTC_NEUTRAL/MIDCAP,1,1,0,0,0.0,-1.0892537259054669,-1.6806021333439631,,INSUFFICIENT_DATA,-3.104604710039389,2026-07-23T14:11:15.142610+00:00
MOVER_AVWAP_SCALP,NY/MARKDOWN/EXPANDED/BTC_NEUTRAL,1,1,0,0,1.0,0.5668087872917192,1.5415134664842627,,INSUFFICIENT_DATA,0.7771354096551735,2026-07-23T18:24:59.652013+00:00
MOVER_AVWAP_SCALP,NY/MARKDOWN/EXPANDED/BTC_NEUTRAL/ALTCOIN,1,1,0,0,1.0,0.5668087872917192,1.5415134664842627,,INSUFFICIENT_DATA,0.7771354096551735,2026-07-23T18:25:01.583134+00:00
MOVER_AVWAP_SCALP@ATR,LONDON/QUIET/COMPRESSED/BTC_NEUTRAL,1,0,0,1,1.0,0.41249043967470134,0.7912957467853593,,INSUFFICIENT_DATA,1.0,2026-07-14T12:12:45.276742+00:00
MOVER_AVWAP_SCALP@ATR,OVERLAP/RANGE/EXPANDED/BTC_NEUTRAL,1,0,0,1,1.0,0.4223126715645214,0.8685235100329415,,INSUFFICIENT_DATA,1.0,2026-07-14T13:33:46.415762+00:00
MOVER_AVWAP_SCALP@ATR,OVERLAP/MARKUP/CASCADE/BTC_NEUTRAL,3,0,0,3,0.3333333333333333,-0.10000114487856804,-0.3021851469448022,,INSUFFICIENT_DATA,1.0,2026-07-16T15:09:40.916729+00:00
MOVER_AVWAP_SCALP@ATR,OVERLAP/MARKUP/EXPANDED/BTC_NEUTRAL,1,0,0,1,1.0,0.29200089317920436,0.697292863002464,,INSUFFICIENT_DATA,1.0,2026-07-14T13:33:46.416023+00:00
MOVER_AVWAP_SCALP@ATR,OVERLAP/VOLATILE_EXPANSION/CASCADE/BTC_NEUTRAL,4,0,0,4,0.25,-0.42455368613787625,-1.0611843687094333,,INSUFFICIENT_DATA,1.0,2026-07-23T14:30:31.584314+00:00
MOVER_AVWAP_SCALP@ATR,NY/QUIET/COMPRESSED/BTC_NEUTRAL,1,0,0,1,0.0,-1.0,-2.1714953271027966,,INSUFFICIENT_DATA,0.0,2026-07-14T17:08:33.965013+00:00
MOVER_AVWAP_SCALP@ATR,ASIA/MARKUP/EXPANDED/BTC_NEUTRAL,1,0,0,1,1.0,0.43176099188417777,1.0069157021090724,,INSUFFICIENT_DATA,1.0,2026-07-15T06:29:12.955373+00:00
MOVER_AVWAP_SCALP@ATR,ASIA/VOLATILE_EXPANSION/CASCADE/BTC_NEUTRAL,3,0,0,3,0.6666666666666666,0.08025103513453954,0.4039698911268436,,INSUFFICIENT_DATA,0.9150076479080523,2026-07-23T04:13:39.777814+00:00
MOVER_AVWAP_SCALP@ATR,ASIA/MARKUP/EXPANDED/BTC_RISING,1,0,0,1,0.0,-0.29947244719792376,-0.9347354364880551,,INSUFFICIENT_DATA,0.0,2026-07-15T08:01:06.795643+00:00
MOVER_AVWAP_SCALP@ATR,LONDON/VOLATILE_EXPANSION/CASCADE/BTC_FALLING,1,0,0,1,0.0,-0.2455653781706824,-0.6921824104234529,,INSUFFICIENT_DATA,0.0,2026-07-16T09:32:51.715189+00:00
MOVER_AVWAP_SCALP@ATR,LONDON/VOLATILE_EXPANSION/CASCADE/BTC_NEUTRAL,2,0,0,2,1.0,0.37361934278295383,1.4011080645969756,,INSUFFICIENT_DATA,1.0,2026-07-18T08:59:40.368378+00:00
MOVER_AVWAP_SCALP@ATR,OFF_HOURS/MARKDOWN/COMPRESSED/BTC_NEUTRAL,1,0,0,1,1.0,0.26092628832355047,0.6060606060606094,,INSUFFICIENT_DATA,1.0,2026-07-16T23:46:00.827179+00:00
MOVER_AVWAP_SCALP@ATR,LONDON/MARKDOWN/EXPANDED/BTC_FALLING,1,0,0,1,1.0,0.24792002391698995,0.794021485287249,,INSUFFICIENT_DATA,1.0,2026-07-17T08:31:36.334828+00:00
MOVER_AVWAP_SCALP@ATR,OVERLAP/ACCUMULATION/EXPANDED/BTC_FALLING,1,0,0,1,0.0,-0.0205644953986976,-0.05698005698006653,,INSUFFICIENT_DATA,0.0,2026-07-17T15:17:22.470967+00:00
MOVER_AVWAP_SCALP@ATR,NY/MARKUP/NORMAL/BTC_NEUTRAL,1,0,0,1,0.0,-0.030656934306566852,-0.09960159362549012,,INSUFFICIENT_DATA,0.0,2026-07-17T18:01:04.136050+00:00
MOVER_AVWAP_SCALP@ATR,NY/DISTRIBUTION/EXPANDED/BTC_NEUTRAL,1,0,0,1,0.0,-0.37470304783459135,-0.7269555103227682,,INSUFFICIENT_DATA,0.0,2026-07-17T20:34:51.488016+00:00
MOVER_AVWAP_SCALP@ATR,LONDON/MARKDOWN/EXPANDED/BTC_NEUTRAL,1,0,0,1,1.0,0.926177366459251,2.008549051499343,,INSUFFICIENT_DATA,1.0,2026-07-18T10:39:39.934377+00:00
MOVER_AVWAP_SCALP@ATR,OVERLAP/MARKDOWN/CASCADE/BTC_NEUTRAL,1,0,0,1,1.0,0.5480491977886679,1.3792127533414384,,INSUFFICIENT_DATA,1.0,2026-07-18T13:33:43.819923+00:00
MOVER_AVWAP_SCALP@ATR,OVERLAP/RANGE/NORMAL/BTC_NEUTRAL,1,0,0,1,0.0,-0.1807456889329068,-0.525566626519225,,INSUFFICIENT_DATA,0.0,2026-07-18T14:14:24.905964+00:00
MOVER_AVWAP_SCALP@ATR,NY/MARKUP/EXPANDED/BTC_NEUTRAL,1,0,0,1,1.0,0.15053217780488873,0.3372622648725797,,INSUFFICIENT_DATA,1.0,2026-07-18T17:08:36.441496+00:00
MOVER_AVWAP_SCALP@ATR,ASIA/DISTRIBUTION/NORMAL/BTC_RISING,1,0,0,1,0.0,-0.3766974930781835,-0.9149130832570913,,INSUFFICIENT_DATA,0.0,2026-07-19T01:01:53.702023+00:00
MOVER_AVWAP_SCALP@ATR,OVERLAP/ACCUMULATION/EXPANDED/BTC_NEUTRAL,3,0,0,3,0.3333333333333333,-0.48720903686855427,-1.3048687904860392,,INSUFFICIENT_DATA,1.0,2026-07-23T14:35:56.164989+00:00
MOVER_AVWAP_SCALP@ATR,LONDON/MARKDOWN/CASCADE/BTC_NEUTRAL,1,0,0,1,0.0,-0.608106966766208,-1.4998611239700124,,INSUFFICIENT_DATA,0.0,2026-07-20T09:54:25.642653+00:00
MOVER_AVWAP_SCALP@ATR,OVERLAP/MARKDOWN/EXPANDED/BTC_NEUTRAL,1,0,0,1,0.0,-0.18064308939825946,-0.5474452554744599,,INSUFFICIENT_DATA,0.0,2026-07-20T14:59:20.917642+00:00
MOVER_AVWAP_SCALP@ATR,NY/MARKDOWN/NORMAL/BTC_NEUTRAL,1,0,0,1,0.0,-0.10108157282927338,-0.3496503496503506,,INSUFFICIENT_DATA,0.0,2026-07-20T21:14:14.810996+00:00
MOVER_AVWAP_SCALP@ATR,ASIA/VOLATILE_EXPANSION/CASCADE/BTC_RISING,1,0,0,1,1.0,0.47610616451282345,1.4739239687055536,,INSUFFICIENT_DATA,1.0,2026-07-21T07:07:12.832752+00:00
MOVER_AVWAP_SCALP@ATR,LONDON/VOLATILE_EXPANSION/CASCADE/BTC_RISING,1,0,0,1,1.0,0.12894798652698888,0.5072653932915051,,INSUFFICIENT_DATA,1.0,2026-07-21T09:16:46.508609+00:00
MOVER_AVWAP_SCALP@ATR,LONDON/MARKUP/NORMAL/BTC_RISING,1,0,0,1,0.0,-0.28950385110163196,-0.9811679063142875,,INSUFFICIENT_DATA,0.0,2026-07-21T09:57:46.077048+00:00
MOVER_AVWAP_SCALP@ATR,OVERLAP/VOLATILE_EXPANSION/CASCADE/BTC_RISING,3,0,0,3,1.0,1.0588312408828824,2.6876119885192917,,INSUFFICIENT_DATA,1.0,2026-07-21T15:31:19.376074+00:00
MOVER_AVWAP_SCALP@ATR,ASIA/MARKDOWN/CASCADE/BTC_RISING,1,0,0,1,1.0,0.20383742286480538,0.8140150416666556,,INSUFFICIENT_DATA,1.0,2026-07-22T02:39:55.067951+00:00
MOVER_AVWAP_SCALP@ATR,NY/MARKUP/CASCADE/BTC_NEUTRAL,1,0,0,1,1.0,0.8881413926724281,3.836579999999991,,INSUFFICIENT_DATA,0.9623737639781467,2026-07-22T21:27:50.076689+00:00
MOVER_AVWAP_SCALP@ATR,LONDON/DISTRIBUTION/EXPANDED/BTC_NEUTRAL,1,0,0,1,0.0,-0.0955402340976251,-0.4563457330415782,,INSUFFICIENT_DATA,0.0,2026-07-23T09:29:28.403152+00:00
MOVER_AVWAP_SCALP@ATR,NY/MARKDOWN/EXPANDED/BTC_NEUTRAL,1,0,0,1,1.0,0.3650378941702092,1.3915134664842626,,INSUFFICIENT_DATA,0.9026930330085887,2026-07-23T19:04:08.229101+00:00
MOVER_AVWAP_SCALP@ATR,ASIA/ACCUMULATION/EXPANDED/BTC_NEUTRAL,1,0,0,1,0.0,-0.3557899577501217,-0.7805170239596475,,INSUFFICIENT_DATA,0.0,2026-07-24T01:40:35.583670+00:00
MOVER_AVWAP_SCALP@FIXED,LONDON/QUIET/COMPRESSED/BTC_NEUTRAL,1,0,0,1,1.0,0.4933154614185772,0.7912957467853593,,INSUFFICIENT_DATA,1.0,2026-07-14T12:12:45.276658+00:00
MOVER_AVWAP_SCALP@FIXED,OVERLAP/RANGE/EXPANDED/BTC_NEUTRAL,1,0,0,1,1.0,0.44415595749218767,0.8685235100329415,,INSUFFICIENT_DATA,1.0,2026-07-14T13:33:46.415704+00:00
MOVER_AVWAP_SCALP@FIXED,OVERLAP/MARKUP/CASCADE/BTC_NEUTRAL,3,0,0,3,0.3333333333333333,-0.22526665325015616,-0.7741448894600279,,INSUFFICIENT_DATA,1.0,2026-07-16T15:09:40.916668+00:00
MOVER_AVWAP_SCALP@FIXED,OVERLAP/MARKUP/EXPANDED/BTC_NEUTRAL,1,0,0,1,1.0,0.2693281121491154,0.697292863002464,,INSUFFICIENT_DATA,1.0,2026-07-14T13:33:46.415965+00:00
MOVER_AVWAP_SCALP@FIXED,OVERLAP/VOLATILE_EXPANSION/CASCADE/BTC_NEUTRAL,4,0,0,4,0.25,-0.5252897361568738,-1.2430256833258926,,INSUFFICIENT_DATA,1.0,2026-07-23T14:30:31.584233+00:00
MOVER_AVWAP_SCALP@FIXED,NY/QUIET/COMPRESSED/BTC_NEUTRAL,1,0,0,1,0.0,-1.0,-1.1783807476635424,,INSUFFICIENT_DATA,0.0,2026-07-14T17:08:33.964920+00:00
MOVER_AVWAP_SCALP@FIXED,ASIA/MARKUP/EXPANDED/BTC_NEUTRAL,1,0,0,1,1.0,1.0199091606766935,1.0069157021090724,,INSUFFICIENT_DATA,1.0,2026-07-15T06:29:12.955330+00:00
MOVER_AVWAP_SCALP@FIXED,ASIA/VOLATILE_EXPANSION/CASCADE/BTC_NEUTRAL,3,0,0,3,0.6666666666666666,0.2632439118827638,0.4039698911268436,,INSUFFICIENT_DATA,0.9150076479080523,2026-07-23T04:13:39.777717+00:00
MOVER_AVWAP_SCALP@FIXED,ASIA/MARKUP/EXPANDED/BTC_RISING,1,0,0,1,0.0,-1.0,-1.3663345017526312,,INSUFFICIENT_DATA,0.0,2026-07-15T08:01:06.795510+00:00
MOVER_AVWAP_SCALP@FIXED,LONDON/VOLATILE_EXPANSION/CASCADE/BTC_FALLING,1,0,0,1,0.0,-0.337039763578581,-0.6921824104234529,,INSUFFICIENT_DATA,0.0,2026-07-16T09:32:51.715065+00:00
MOVER_AVWAP_SCALP@FIXED,LONDON/VOLATILE_EXPANSION/CASCADE/BTC_NEUTRAL,2,0,0,2,1.0,0.9677328884890786,1.4011080645969756,,INSUFFICIENT_DATA,1.0,2026-07-18T08:59:40.368339+00:00
MOVER_AVWAP_SCALP@FIXED,OFF_HOURS/MARKDOWN/COMPRESSED/BTC_NEUTRAL,1,0,0,1,0.0,-1.0,-1.297809595959582,,INSUFFICIENT_DATA,0.0,2026-07-16T23:46:00.827121+00:00
MOVER_AVWAP_SCALP@FIXED,LONDON/MARKDOWN/EXPANDED/BTC_FALLING,1,0,0,1,0.0,-1.0,-1.5096450256889384,,INSUFFICIENT_DATA,0.0,2026-07-17T08:31:36.334779+00:00
MOVER_AVWAP_SCALP@FIXED,OVERLAP/ACCUMULATION/EXPANDED/BTC_FALLING,1,0,0,1,0.0,-0.047335965023652525,-0.05698005698006653,,INSUFFICIENT_DATA,0.0,2026-07-17T15:17:22.470917+00:00
MOVER_AVWAP_SCALP@FIXED,NY/MARKUP/NORMAL/BTC_NEUTRAL,1,0,0,1,0.0,-0.03320053120849671,-0.09960159362549012,,INSUFFICIENT_DATA,0.0,2026-07-17T18:01:04.136000+00:00
MOVER_AVWAP_SCALP@FIXED,NY/DISTRIBUTION/EXPANDED/BTC_NEUTRAL,1,0,0,1,0.0,-0.5963313487899109,-0.7269555103227682,,INSUFFICIENT_DATA,0.0,2026-07-17T20:34:51.487952+00:00
MOVER_AVWAP_SCALP@FIXED,LONDON/MARKDOWN/EXPANDED/BTC_NEUTRAL,1,0,0,1,0.0,-1.0,-1.5125867079530646,,INSUFFICIENT_DATA,0.0,2026-07-18T10:39:39.934338+00:00
MOVER_AVWAP_SCALP@FIXED,OVERLAP/MARKDOWN/CASCADE/BTC_NEUTRAL,1,0,0,1,1.0,1.3264915637307144,1.3792127533414384,,INSUFFICIENT_DATA,1.0,2026-07-18T13:33:43.819809+00:00
MOVER_AVWAP_SCALP@FIXED,OVERLAP/RANGE/NORMAL/BTC_NEUTRAL,1,0,0,1,0.0,-1.0,-1.2828516150224436,,INSUFFICIENT_DATA,0.0,2026-07-18T14:14:24.905909+00:00
MOVER_AVWAP_SCALP@FIXED,NY/MARKUP/EXPANDED/BTC_NEUTRAL,1,0,0,1,1.0,0.13780124048878845,0.3372622648725797,,INSUFFICIENT_DATA,1.0,2026-07-18T17:08:36.441447+00:00
MOVER_AVWAP_SCALP@FIXED,ASIA/DISTRIBUTION/NORMAL/BTC_RISING,1,0,0,1,0.0,-1.0,-1.4364573238792424,,INSUFFICIENT_DATA,0.0,2026-07-19T01:01:53.701961+00:00
MOVER_AVWAP_SCALP@FIXED,OVERLAP/ACCUMULATION/EXPANDED/BTC_NEUTRAL,3,0,0,3,0.3333333333333333,-0.5387309717945199,-1.0420586562714282,,INSUFFICIENT_DATA,1.0,2026-07-23T14:35:56.164905+00:00
MOVER_AVWAP_SCALP@FIXED,LONDON/MARKDOWN/CASCADE/BTC_NEUTRAL,1,0,0,1,0.0,-1.0,-1.6143596889177005,,INSUFFICIENT_DATA,0.0,2026-07-20T09:54:25.642606+00:00
MOVER_AVWAP_SCALP@FIXED,OVERLAP/MARKDOWN/EXPANDED/BTC_NEUTRAL,1,0,0,1,0.0,-0.3652167561447756,-0.5474452554744599,,INSUFFICIENT_DATA,0.0,2026-07-20T14:59:20.917600+00:00
MOVER_AVWAP_SCALP@FIXED,NY/MARKDOWN/NORMAL/BTC_NEUTRAL,1,0,0,1,0.0,-0.19047619047619088,-0.3496503496503506,,INSUFFICIENT_DATA,0.0,2026-07-20T21:14:14.810944+00:00
MOVER_AVWAP_SCALP@FIXED,ASIA/VOLATILE_EXPANSION/CASCADE/BTC_RISING,1,0,0,1,1.0,0.49130798956851934,1.4739239687055536,,INSUFFICIENT_DATA,1.0,2026-07-21T07:07:12.832266+00:00
MOVER_AVWAP_SCALP@FIXED,LONDON/VOLATILE_EXPANSION/CASCADE/BTC_RISING,1,0,0,1,0.0,-1.0,-0.3887639937230257,,INSUFFICIENT_DATA,0.0,2026-07-21T09:16:46.508573+00:00
MOVER_AVWAP_SCALP@FIXED,LONDON/MARKUP/NORMAL/BTC_RISING,1,0,0,1,0.0,-0.38850551723185994,-0.9811679063142875,,INSUFFICIENT_DATA,0.0,2026-07-21T09:57:46.076622+00:00
MOVER_AVWAP_SCALP@FIXED,OVERLAP/VOLATILE_EXPANSION/CASCADE/BTC_RISING,3,0,0,3,1.0,1.116194502469103,2.6876119885192917,,INSUFFICIENT_DATA,1.0,2026-07-21T15:31:19.376027+00:00
MOVER_AVWAP_SCALP@FIXED,ASIA/MARKDOWN/CASCADE/BTC_RISING,1,0,0,1,0.0,-1.0,-1.1904761904761916,,INSUFFICIENT_DATA,0.0,2026-07-22T02:39:55.065796+00:00
MOVER_AVWAP_SCALP@FIXED,NY/MARKUP/CASCADE/BTC_NEUTRAL,1,0,0,1,1.0,1.2788599999999914,3.836579999999991,,INSUFFICIENT_DATA,0.9623737639781467,2026-07-22T21:27:50.074559+00:00
MOVER_AVWAP_SCALP@FIXED,LONDON/DISTRIBUTION/EXPANDED/BTC_NEUTRAL,1,0,0,1,0.0,-0.1950811113913577,-0.4563457330415782,,INSUFFICIENT_DATA,0.0,2026-07-23T09:29:28.403047+00:00
MOVER_AVWAP_SCALP@FIXED,NY/MARKDOWN/EXPANDED/BTC_NEUTRAL,1,0,0,1,1.0,1.1961772896340728,1.3915134664842626,,INSUFFICIENT_DATA,0.9026930330085887,2026-07-23T19:04:08.229010+00:00
MOVER_AVWAP_SCALP@FIXED,ASIA/ACCUMULATION/EXPANDED/BTC_NEUTRAL,1,0,0,1,0.0,-0.50526530612245,-0.7805170239596475,,INSUFFICIENT_DATA,0.0,2026-07-24T01:40:35.583607+00:00
MOVER_AVWAP_SCALP@TUNED,LONDON/VOLATILE_EXPANSION/CASCADE/BTC_NEUTRAL,2,0,0,2,1.0,0.2912490345096466,1.0045183028328408,,INSUFFICIENT_DATA,1.0,2026-07-18T08:59:40.368295+00:00
MOVER_AVWAP_SCALP@TUNED,OVERLAP/MARKUP/CASCADE/BTC_NEUTRAL,2,0,0,2,0.0,-0.5453421628429318,-1.2450420025799809,,INSUFFICIENT_DATA,0.0,2026-07-16T15:09:40.916606+00:00
MOVER_AVWAP_SCALP@TUNED,OFF_HOURS/MARKDOWN/COMPRESSED/BTC_NEUTRAL,1,0,0,1,1.0,0.26092628832355047,0.6060606060606094,,INSUFFICIENT_DATA,1.0,2026-07-16T23:46:00.827034+00:00
MOVER_AVWAP_SCALP@TUNED,LONDON/MARKDOWN/EXPANDED/BTC_FALLING,1,0,0,1,1.0,0.24792002391698995,0.794021485287249,,INSUFFICIENT_DATA,1.0,2026-07-17T08:31:36.334717+00:00
MOVER_AVWAP_SCALP@TUNED,OVERLAP/ACCUMULATION/EXPANDED/BTC_FALLING,1,0,0,1,0.0,-0.0205644953986976,-0.05698005698006653,,INSUFFICIENT_DATA,0.0,2026-07-17T15:17:22.470812+00:00
MOVER_AVWAP_SCALP@TUNED,NY/MARKUP/NORMAL/BTC_NEUTRAL,1,0,0,1,1.0,0.6463708029197043,2.0999999999999917,,INSUFFICIENT_DATA,1.0,2026-07-17T18:01:04.135856+00:00
MOVER_AVWAP_SCALP@TUNED,NY/DISTRIBUTION/EXPANDED/BTC_NEUTRAL,1,0,0,1,0.0,-0.37470304783459135,-0.7269555103227682,,INSUFFICIENT_DATA,0.0,2026-07-17T20:34:51.487821+00:00
MOVER_AVWAP_SCALP@TUNED,LONDON/MARKDOWN/EXPANDED/BTC_NEUTRAL,1,0,0,1,1.0,0.9683470105509968,2.100000000000002,,INSUFFICIENT_DATA,1.0,2026-07-18T10:39:39.934294+00:00
MOVER_AVWAP_SCALP@TUNED,OVERLAP/MARKDOWN/CASCADE/BTC_NEUTRAL,1,0,0,1,1.0,0.22692706950244862,0.5710814094775191,,INSUFFICIENT_DATA,1.0,2026-07-18T13:33:43.819652+00:00
MOVER_AVWAP_SCALP@TUNED,OVERLAP/RANGE/NORMAL/BTC_NEUTRAL,1,0,0,1,0.0,-0.1807456889329068,-0.525566626519225,,INSUFFICIENT_DATA,0.0,2026-07-18T14:14:24.905828+00:00
MOVER_AVWAP_SCALP@TUNED,NY/MARKUP/EXPANDED/BTC_NEUTRAL,1,0,0,1,1.0,0.15053217780488873,0.3372622648725797,,INSUFFICIENT_DATA,1.0,2026-07-18T17:08:36.441327+00:00
MOVER_AVWAP_SCALP@TUNED,ASIA/DISTRIBUTION/NORMAL/BTC_RISING,1,0,0,1,0.0,-0.3766974930781835,-0.9149130832570913,,INSUFFICIENT_DATA,0.0,2026-07-19T01:01:53.701814+00:00
MOVER_AVWAP_SCALP@TUNED,OVERLAP/ACCUMULATION/EXPANDED/BTC_NEUTRAL,3,0,0,3,0.3333333333333333,-0.48720903686855427,-1.3048687904860392,,INSUFFICIENT_DATA,1.0,2026-07-23T14:35:56.164734+00:00
MOVER_AVWAP_SCALP@TUNED,ASIA/VOLATILE_EXPANSION/CASCADE/BTC_NEUTRAL,2,0,0,2,1.0,0.380206397633289,1.2934713375796103,,INSUFFICIENT_DATA,0.9451943216197344,2026-07-23T04:13:39.777589+00:00
MOVER_AVWAP_SCALP@TUNED,LONDON/MARKDOWN/CASCADE/BTC_NEUTRAL,1,0,0,1,0.0,-0.608106966766208,-1.4998611239700124,,INSUFFICIENT_DATA,0.0,2026-07-20T09:54:25.642500+00:00
MOVER_AVWAP_SCALP@TUNED,OVERLAP/VOLATILE_EXPANSION/CASCADE/BTC_NEUTRAL,3,0,0,3,0.0,-0.7217235154924507,-1.744155233306687,,INSUFFICIENT_DATA,0.0,2026-07-23T14:30:31.584151+00:00
MOVER_AVWAP_SCALP@TUNED,OVERLAP/MARKDOWN/EXPANDED/BTC_NEUTRAL,1,0,0,1,0.0,-0.18064308939825946,-0.5474452554744599,,INSUFFICIENT_DATA,0.0,2026-07-20T14:59:20.917546+00:00
MOVER_AVWAP_SCALP@TUNED,NY/MARKDOWN/NORMAL/BTC_NEUTRAL,1,0,0,1,0.0,-0.10108157282927338,-0.3496503496503506,,INSUFFICIENT_DATA,0.0,2026-07-20T21:14:14.810789+00:00
MOVER_AVWAP_SCALP@TUNED,ASIA/VOLATILE_EXPANSION/CASCADE/BTC_RISING,1,0,0,1,1.0,0.6783409230769225,2.099999999999994,,INSUFFICIENT_DATA,1.0,2026-07-21T07:07:12.832196+00:00
MOVER_AVWAP_SCALP@TUNED,LONDON/VOLATILE_EXPANSION/CASCADE/BTC_RISING,1,0,0,1,1.0,0.5338246513320961,2.0999999999999974,,INSUFFICIENT_DATA,1.0,2026-07-21T09:16:46.508535+00:00
MOVER_AVWAP_SCALP@TUNED,LONDON/MARKUP/NORMAL/BTC_RISING,1,0,0,1,0.0,-0.28950385110163196,-0.9811679063142875,,INSUFFICIENT_DATA,0.0,2026-07-21T09:57:46.076449+00:00
MOVER_AVWAP_SCALP@TUNED,OVERLAP/VOLATILE_EXPANSION/CASCADE/BTC_RISING,3,0,0,3,1.0,0.8758240369751059,2.0999999999999903,,INSUFFICIENT_DATA,1.0,2026-07-21T15:31:19.375972+00:00
MOVER_AVWAP_SCALP@TUNED,ASIA/MARKDOWN/CASCADE/BTC_RISING,1,0,0,1,1.0,0.18631688776270589,0.7440476190476164,,INSUFFICIENT_DATA,1.0,2026-07-22T02:39:55.065728+00:00
MOVER_AVWAP_SCALP@TUNED,NY/MARKUP/CASCADE/BTC_NEUTRAL,1,0,0,1,1.0,0.4514113391904321,1.9499999999999877,,INSUFFICIENT_DATA,0.9285714285714282,2026-07-22T21:27:50.074365+00:00
MOVER_AVWAP_SCALP@TUNED,LONDON/DISTRIBUTION/EXPANDED/BTC_NEUTRAL,1,0,0,1,0.0,-0.0955402340976251,-0.4563457330415782,,INSUFFICIENT_DATA,0.0,2026-07-23T09:29:28.402731+00:00
MOVER_AVWAP_SCALP@TUNED,NY/MARKDOWN/EXPANDED/BTC_NEUTRAL,1,0,0,1,1.0,0.5115465360391875,1.9499999999999966,,INSUFFICIENT_DATA,0.9285714285714285,2026-07-23T19:04:08.228823+00:00
MOVER_AVWAP_SCALP@TUNED,ASIA/ACCUMULATION/EXPANDED/BTC_NEUTRAL,1,0,0,1,0.0,-0.3557899577501217,-0.7805170239596475,,INSUFFICIENT_DATA,0.0,2026-07-24T01:40:35.583475+00:00
MOVER_TREND_PULLBACK,NY/VOLATILE_EXPANSION/EXPANDED/BTC_NEUTRAL,39,0,39,0,1.0,1.395217828312975,4.085900000000016,1.2701088499077071,STRONG,1.0,2026-07-19T18:17:36.261436+00:00
MOVER_TREND_PULLBACK,NY/VOLATILE_EXPANSION/EXPANDED/BTC_NEUTRAL/MAJOR,39,0,39,0,1.0,1.395217828312975,4.085900000000016,1.2701088499077071,STRONG,1.0,2026-07-19T18:17:36.261450+00:00
MOVER_TREND_PULLBACK,OFF_HOURS/MARKDOWN/NORMAL/BTC_NEUTRAL,50,0,50,0,1.0,1.3414841845825227,1.8856592832881949,1.2457692421682516,STRONG,1.0,2026-07-20T00:54:35.005714+00:00
MOVER_TREND_PULLBACK,OFF_HOURS/MARKDOWN/NORMAL/BTC_NEUTRAL/MIDCAP,50,0,50,0,1.0,1.3414841845825227,1.8856592832881949,1.2457692421682516,STRONG,1.0,2026-07-20T00:54:35.005726+00:00
MOVER_TREND_PULLBACK,NY/MARKDOWN/EXPANDED/BTC_RISING,50,0,50,0,1.0,1.3328531079127268,1.7843260499999993,1.2377539931138068,STRONG,1.0,2026-07-15T17:44:11.105000+00:00
MOVER_TREND_PULLBACK,LONDON/VOLATILE_EXPANSION/CASCADE/BTC_FALLING,50,0,50,0,1.0,1.3286793593230575,3.956939999999999,1.2338780416286454,STRONG,1.0,2026-07-17T11:00:00.274092+00:00
MOVER_TREND_PULLBACK,OVERLAP/QUIET/COMPRESSED/BTC_NEUTRAL,50,0,50,0,1.0,1.3246830281724808,1.5071227903418474,1.2301668488422344,STRONG,1.0,2026-07-19T16:50:59.712666+00:00
MOVER_TREND_PULLBACK,OVERLAP/QUIET/COMPRESSED/BTC_NEUTRAL/ALTCOIN,50,0,50,0,1.0,1.3246830281724808,1.5071227903418474,1.2301668488422344,STRONG,1.0,2026-07-19T16:50:59.712682+00:00
MOVER_TREND_PULLBACK,NY/ACCUMULATION/NORMAL/BTC_NEUTRAL,50,0,50,0,1.0,1.321909864585033,1.7346232940919375,1.2275915505715218,STRONG,1.0,2026-07-18T17:59:17.653061+00:00
MOVER_TREND_PULLBACK,ASIA/MARKDOWN/EXPANDED/BTC_NEUTRAL,50,0,50,0,1.0,1.3215686274509804,3.9428999999999967,1.2272746607186453,STRONG,1.0,2026-07-20T07:46:20.601158+00:00
MOVER_TREND_PULLBACK,ASIA/MARKDOWN/EXPANDED/BTC_NEUTRAL/ALTCOIN,50,0,50,0,1.0,1.3215686274509804,3.9428999999999967,1.2272746607186453,STRONG,1.0,2026-07-20T07:46:20.601165+00:00
MOVER_TREND_PULLBACK,LONDON/VOLATILE_EXPANSION/CASCADE/BTC_NEUTRAL,50,0,50,0,1.0,1.3210720714426696,1.7738527732244926,1.2268135339984971,STRONG,1.0,2026-07-22T09:46:11.378819+00:00
MOVER_TREND_PULLBACK,LONDON/VOLATILE_EXPANSION/CASCADE/BTC_NEUTRAL/MIDCAP,50,0,50,0,1.0,1.3210720714426696,1.7738527732244926,1.2268135339984971,STRONG,1.0,2026-07-22T09:46:11.378829+00:00
MOVER_TREND_PULLBACK,LONDON/ACCUMULATION/EXPANDED/BTC_NEUTRAL,50,0,50,0,1.0,1.319476879692775,2.996944574897867,1.225332159234472,STRONG,1.0,2026-07-20T08:42:20.122524+00:00
MOVER_TREND_PULLBACK,LONDON/ACCUMULATION/EXPANDED/BTC_NEUTRAL/MIDCAP,50,0,50,0,1.0,1.319476879692775,2.996944574897867,1.225332159234472,STRONG,1.0,2026-07-20T08:42:20.122536+00:00
MOVER_TREND_PULLBACK,LONDON/VOLATILE_EXPANSION/CASCADE/BTC_RISING,50,0,50,0,1.0,1.3175674822359218,1.7707253684198299,1.2235589973514176,STRONG,1.0,2026-07-21T13:03:48.151867+00:00
MOVER_TREND_PULLBACK,LONDON/VOLATILE_EXPANSION/CASCADE/BTC_RISING/MIDCAP,50,0,50,0,1.0,1.3175674822359218,1.7707253684198299,1.2235589973514176,STRONG,1.0,2026-07-21T13:03:48.151901+00:00
MOVER_TREND_PULLBACK,NY/QUIET/EXPANDED/BTC_NEUTRAL,50,0,50,0,1.0,1.3174990182609485,1.7706686400000031,1.2234954182833984,STRONG,1.0,2026-07-15T17:28:55.082267+00:00
MOVER_TREND_PULLBACK,OFF_HOURS/MARKDOWN/COMPRESSED/BTC_NEUTRAL/ALTCOIN,40,0,40,0,1.0,1.3396098036299677,1.7948973926052507,1.2222271118115833,STRONG,1.0,2026-07-19T23:37:57.904591+00:00
MOVER_TREND_PULLBACK,LONDON/DISTRIBUTION/EXPANDED/BTC_RISING,50,0,50,0,1.0,1.311550090378668,1.9826651012478096,1.2179709466088193,STRONG,1.0,2026-07-21T11:09:33.804642+00:00
MOVER_TREND_PULLBACK,LONDON/DISTRIBUTION/EXPANDED/BTC_RISING/MIDCAP,50,0,50,0,1.0,1.311550090378668,1.9826651012478096,1.2179709466088193,STRONG,1.0,2026-07-21T11:09:33.804651+00:00
MOVER_TREND_PULLBACK,ASIA/QUIET/COMPRESSED/BTC_RISING/MIDCAP,50,0,50,0,1.0,1.3089659494281423,1.7630455011778332,1.2155711842034247,STRONG,1.0,2026-07-22T01:23:18.184606+00:00
MOVER_TREND_PULLBACK,ASIA/VOLATILE_EXPANSION/NORMAL/BTC_FALLING,50,0,50,0,1.0,1.307340143776011,8.145450259311646,1.2140613798401338,STRONG,1.0,2026-07-17T07:00:50.352021+00:00
MOVER_TREND_PULLBACK,OFF_HOURS/QUIET/COMPRESSED/BTC_RISING,50,0,50,0,1.0,1.3050174713170994,1.759517957037892,1.2119044301405413,STRONG,1.0,2026-07-22T01:02:48.067152+00:00
MOVER_TREND_PULLBACK,OFF_HOURS/QUIET/COMPRESSED/BTC_RISING/MIDCAP,50,0,50,0,1.0,1.3050174713170994,1.759517957037892,1.2119044301405413,STRONG,1.0,2026-07-22T01:02:48.067162+00:00
MOVER_TREND_PULLBACK,OVERLAP/QUIET/EXPANDED/BTC_RISING,50,0,50,0,1.0,1.30285419773944,1.757576930262387,1.2098955062065762,STRONG,1.0,2026-07-21T14:27:58.841817+00:00
MOVER_TREND_PULLBACK,OVERLAP/QUIET/EXPANDED/BTC_RISING/MIDCAP,50,0,50,0,1.0,1.30285419773944,1.757576930262387,1.2098955062065762,STRONG,1.0,2026-07-21T14:27:58.841837+00:00
MOVER_TREND_PULLBACK,ASIA/RANGE/NORMAL/BTC_NEUTRAL/MIDCAP,33,0,33,0,1.0,1.3156626506024034,1.7690238739847364,1.178473993254346,STRONG,1.0,2026-07-20T06:50:17.714938+00:00
MOVER_TREND_PULLBACK,NY/MARKUP/EXPANDED/BTC_NEUTRAL/MAJOR,19,0,19,0,1.0,1.4046514015812788,4.103970000000018,1.1684109970424268,STRONG,1.0,2026-07-19T18:22:39.881377+00:00
MOVER_TREND_PULLBACK,OVERLAP/VOLATILE_EXPANSION/COMPRESSED/BTC_NEUTRAL,36,0,36,0,1.0,1.2902055305320557,3.308553008021395,1.1658015516232783,STRONG,1.0,2026-07-16T13:47:41.611110+00:00
MOVER_TREND_PULLBACK,ASIA/QUIET/COMPRESSED/BTC_RISING,50,0,50,0,1.0,1.2529729947529673,1.6949717251896588,1.1635733287578447,STRONG,1.0,2026-07-22T01:23:18.184592+00:00
MOVER_TREND_PULLBACK,NY/VOLATILE_EXPANSION/CASCADE/BTC_NEUTRAL/MAJOR,21,0,21,0,1.0,1.3711323606965682,4.039620000000012,1.1590952102371799,STRONG,1.0,2026-07-19T18:07:28.480302+00:00
MOVER_TREND_PULLBACK,ASIA/MARKDOWN/CASCADE/BTC_NEUTRAL,22,0,22,0,1.0,1.349944173547294,5.64975375805297,1.1492621129512286,STRONG,1.0,2026-07-14T07:05:45.169241+00:00
MOVER_TREND_PULLBACK,OFF_HOURS/VOLATILE_EXPANSION/COMPRESSED/BTC_RISING,50,0,50,0,1.0,1.2343488880318803,5.002865628093582,1.1462780526877732,STRONG,1.0,2026-07-19T01:01:51.327252+00:00
MOVER_TREND_PULLBACK,LONDON/ACCUMULATION/NORMAL/BTC_NEUTRAL/MIDCAP,50,0,50,0,1.0,1.2313410137840208,2.230303055144787,1.1434847903702907,STRONG,0.9880388236136646,2026-07-23T08:16:34.166261+00:00
MOVER_TREND_PULLBACK,LONDON/MARKUP/CASCADE/BTC_RISING,43,1,42,0,0.9767441860465116,1.2693351127507801,1.9758150445108174,1.141924326999036,STRONG,0.9625184745090697,2026-07-21T10:28:30.750573+00:00
MOVER_TREND_PULLBACK,LONDON/MARKUP/CASCADE/BTC_RISING/ALTCOIN,43,1,42,0,0.9767441860465116,1.2693351127507801,1.9758150445108174,1.141924326999036,STRONG,0.9625184745090697,2026-07-21T10:28:30.750581+00:00
MOVER_TREND_PULLBACK,ASIA/MARKUP/CASCADE/BTC_NEUTRAL/MIDCAP,23,0,23,0,1.0,1.3315827251586823,3.994748175476038,1.141005106947786,STRONG,0.9638096227685111,2026-07-23T03:42:26.106000+00:00
MOVER_TREND_PULLBACK,ASIA/MARKUP/NORMAL/BTC_NEUTRAL,50,0,50,0,1.0,1.2049998884202542,1.6199175000000086,1.1190231052014188,STRONG,0.915250287089654,2026-07-23T07:34:34.044115+00:00
MOVER_TREND_PULLBACK,ASIA/MARKUP/NORMAL/BTC_NEUTRAL/ALTCOIN,50,0,50,0,1.0,1.2049998884202542,1.6199175000000086,1.1190231052014188,STRONG,0.915250287089654,2026-07-23T07:34:34.044130+00:00
MOVER_TREND_PULLBACK,ASIA/MARKDOWN/NORMAL/BTC_RISING/ALTCOIN,20,0,20,0,1.0,1.329899904921133,2.134866172053354,1.115612966345491,STRONG,1.0,2026-07-21T07:12:15.686680+00:00
MOVER_TREND_PULLBACK,ASIA/QUIET/COMPRESSED/BTC_RISING/ALTCOIN,50,0,50,0,1.0,1.1403133304425088,1.3658225777374622,1.0589519353460046,STRONG,1.0,2026-07-22T01:07:55.041158+00:00
MOVER_TREND_PULLBACK,LONDON/MARKUP/EXPANDED/BTC_RISING,50,0,50,0,1.0,1.134976265770235,1.7886922682327395,1.053995670420488,STRONG,1.0,2026-07-21T11:40:33.431513+00:00
MOVER_TREND_PULLBACK,LONDON/MARKUP/EXPANDED/BTC_RISING/ALTCOIN,50,0,50,0,1.0,1.134976265770235,1.7886922682327395,1.053995670420488,STRONG,1.0,2026-07-21T11:40:33.431525+00:00
MOVER_TREND_PULLBACK,NY/VOLATILE_EXPANSION/EXPANDED/BTC_FALLING,21,0,21,0,1.0,1.2084077066542909,3.6252231199628815,1.0215349188353449,STRONG,1.0,2026-07-13T17:13:52.954898+00:00
MOVER_TREND_PULLBACK,ASIA/MARKDOWN/NORMAL/BTC_NEUTRAL,50,0,50,0,1.0,1.062616653008521,5.334809874080545,0.9867989185021628,STRONG,0.972651741182707,2026-07-23T04:08:22.113134+00:00
MOVER_TREND_PULLBACK,ASIA/MARKDOWN/NORMAL/BTC_NEUTRAL/ALTCOIN,50,0,50,0,1.0,1.062616653008521,5.334809874080545,0.9867989185021628,STRONG,0.972651741182707,2026-07-23T04:08:22.113141+00:00
MOVER_TREND_PULLBACK,OVERLAP/RANGE/NORMAL/BTC_NEUTRAL,50,0,50,0,0.92,1.1272201891882694,1.530568355815641,0.9849978077429505,STRONG,1.0,2026-07-20T14:33:39.304770+00:00
MOVER_TREND_PULLBACK,OVERLAP/RANGE/NORMAL/BTC_NEUTRAL/MIDCAP,50,0,50,0,0.92,1.1272201891882694,1.530568355815641,0.9849978077429505,STRONG,1.0,2026-07-20T14:33:39.304781+00:00
MOVER_TREND_PULLBACK,LONDON/VOLATILE_EXPANSION/EXPANDED/BTC_NEUTRAL,50,0,50,0,1.0,1.05338655493287,2.430315751461389,0.9782273882396418,STRONG,1.0,2026-07-20T08:32:11.608240+00:00
MOVER_TREND_PULLBACK,LONDON/VOLATILE_EXPANSION/EXPANDED/BTC_NEUTRAL/MIDCAP,50,0,50,0,1.0,1.05338655493287,2.430315751461389,0.9782273882396418,STRONG,1.0,2026-07-20T08:32:11.608250+00:00
MOVER_TREND_PULLBACK,NY/VOLATILE_EXPANSION/CASCADE/BTC_NEUTRAL/MIDCAP,49,0,49,0,1.0,1.04327028896647,1.3999189698288905,0.9674242293828541,STRONG,0.9032207470713395,2026-07-22T18:36:51.439100+00:00
MOVER_TREND_PULLBACK,ASIA/RANGE/EXPANDED/BTC_NEUTRAL/MIDCAP,50,0,50,0,1.0,1.0379248611042724,3.1137745833128245,0.9638688867941075,STRONG,1.0,2026-07-20T06:14:36.761043+00:00
MOVER_TREND_PULLBACK,OFF_HOURS/QUIET/NORMAL/BTC_NEUTRAL,50,0,50,0,1.0,1.0046782422357727,1.355568513119529,0.9329944153180558,STRONG,1.0,2026-07-22T00:11:43.040320+00:00
MOVER_TREND_PULLBACK,OFF_HOURS/QUIET/NORMAL/BTC_NEUTRAL/MIDCAP,50,0,50,0,1.0,1.0046782422357727,1.355568513119529,0.9329944153180558,STRONG,1.0,2026-07-22T00:11:43.040331+00:00
MOVER_TREND_PULLBACK,ASIA/DISTRIBUTION/NORMAL/BTC_FALLING,50,0,50,0,1.0,0.9821200955923188,2.9463602867769554,0.9120457932085217,STRONG,1.0,2026-07-17T07:09:24.849681+00:00
MOVER_TREND_PULLBACK,OVERLAP/VOLATILE_EXPANSION/CASCADE/BTC_NEUTRAL/ALTCOIN,47,2,45,0,0.9361702127659575,0.948473618423466,0.8656203550511421,0.8371681842454075,STRONG,0.8444844543319054,2026-07-23T14:28:58.370393+00:00
MOVER_TREND_PULLBACK,ASIA/QUIET/NORMAL/BTC_RISING,50,0,50,0,0.86,0.9919470990020466,1.32093423610353,0.8315468097812735,STRONG,1.0,2026-07-22T03:46:45.043850+00:00
MOVER_TREND_PULLBACK,ASIA/QUIET/NORMAL/BTC_RISING/MIDCAP,50,0,50,0,0.86,0.9919470990020466,1.32093423610353,0.8315468097812735,STRONG,1.0,2026-07-22T03:46:45.043860+00:00
MOVER_TREND_PULLBACK,ASIA/VOLATILE_EXPANSION/CASCADE/BTC_NEUTRAL,50,0,50,0,0.88,0.9774470917952663,3.181249075385795,0.8302260748345992,STRONG,0.9708080101762276,2026-07-23T03:57:54.461716+00:00
MOVER_TREND_PULLBACK,ASIA/VOLATILE_EXPANSION/CASCADE/BTC_NEUTRAL/MIDCAP,50,0,50,0,0.88,0.9774470917952663,3.181249075385795,0.8302260748345992,STRONG,0.9708080101762276,2026-07-23T03:57:54.461727+00:00
MOVER_TREND_PULLBACK,NY/MARKUP/COMPRESSED/BTC_RISING,50,0,50,0,1.0,0.8908216763978509,1.7719646794581652,0.8272615193436403,STRONG,1.0,2026-07-20T19:36:52.027181+00:00
MOVER_TREND_PULLBACK,NY/MARKUP/COMPRESSED/BTC_RISING/ALTCOIN,50,0,50,0,1.0,0.8908216763978509,1.7719646794581652,0.8272615193436403,STRONG,1.0,2026-07-20T19:36:52.027190+00:00
MOVER_TREND_PULLBACK,OVERLAP/MARKUP/CASCADE/BTC_NEUTRAL,50,0,50,0,1.0,0.8858732967966826,1.6323777790156302,0.8226662067961229,STRONG,0.915842756925054,2026-07-22T16:48:22.751239+00:00
MOVER_TREND_PULLBACK,OVERLAP/MARKUP/CASCADE/BTC_NEUTRAL/ALTCOIN,50,0,50,0,1.0,0.8858732967966826,1.6323777790156302,0.8226662067961229,STRONG,0.915842756925054,2026-07-22T16:48:22.751257+00:00
MOVER_TREND_PULLBACK,NY/MARKDOWN/COMPRESSED/BTC_NEUTRAL,50,0,50,0,0.92,0.9334537742103471,2.290017364162955,0.8192509265247812,STRONG,1.0,2026-07-21T22:03:21.543744+00:00
MOVER_TREND_PULLBACK,NY/MARKDOWN/COMPRESSED/BTC_NEUTRAL/ALTCOIN,50,0,50,0,0.92,0.9334537742103471,2.290017364162955,0.8192509265247812,STRONG,1.0,2026-07-21T22:03:21.543759+00:00
MOVER_TREND_PULLBACK,OFF_HOURS/MARKDOWN/COMPRESSED/BTC_NEUTRAL,50,0,50,0,1.0,0.8758804347561707,2.4822360979571667,0.8133863358037008,STRONG,1.0,2026-07-20T01:04:45.463612+00:00
MOVER_TREND_PULLBACK,OFF_HOURS/MARKDOWN/COMPRESSED/BTC_NEUTRAL/MIDCAP,50,0,50,0,1.0,0.8758804347561707,2.4822360979571667,0.8133863358037008,STRONG,1.0,2026-07-20T01:04:45.463622+00:00
MOVER_TREND_PULLBACK,ASIA/DISTRIBUTION/EXPANDED/BTC_FALLING,50,0,50,0,1.0,0.826738590644876,2.346341288675159,0.767750763949136,STRONG,1.0,2026-07-17T08:00:48.002585+00:00
MOVER_TREND_PULLBACK,ASIA/VOLATILE_EXPANSION/EXPANDED/BTC_NEUTRAL,50,0,50,0,1.0,0.7989745480257209,1.212555391285105,0.7419676867196748,STRONG,1.0,2026-07-20T07:56:29.509578+00:00
MOVER_TREND_PULLBACK,ASIA/VOLATILE_EXPANSION/EXPANDED/BTC_NEUTRAL/MIDCAP,50,0,50,0,1.0,0.7989745480257209,1.212555391285105,0.7419676867196748,STRONG,1.0,2026-07-20T07:56:29.509588+00:00
MOVER_TREND_PULLBACK,OVERLAP/MARKUP/NORMAL/BTC_NEUTRAL/MIDCAP,50,0,50,0,1.0,0.7948325995444532,2.3383369428469645,0.7381212664040938,STRONG,1.0,2026-07-20T16:36:45.738655+00:00
MOVER_TREND_PULLBACK,NY/QUIET/COMPRESSED/BTC_RISING,50,0,50,0,1.0,0.7925851770816839,1.065189504373173,0.7360341976108472,STRONG,1.0,2026-07-21T22:59:53.968169+00:00
MOVER_TREND_PULLBACK,NY/QUIET/COMPRESSED/BTC_RISING/MIDCAP,50,0,50,0,1.0,0.7925851770816839,1.065189504373173,0.7360341976108472,STRONG,1.0,2026-07-21T22:59:53.968203+00:00
MOVER_TREND_PULLBACK,OVERLAP/MARKDOWN/EXPANDED/BTC_RISING,50,0,50,0,0.74,0.9152963442006304,1.115579702405402,0.7353305796151204,STRONG,1.0,2026-07-21T13:56:16.457225+00:00
MOVER_TREND_PULLBACK,OVERLAP/VOLATILE_EXPANSION/CASCADE/BTC_NEUTRAL,50,2,48,0,0.88,0.8502073535578379,0.7114516249926437,0.7283166563197522,STRONG,0.8444844543319054,2026-07-23T14:28:56.037541+00:00
MOVER_TREND_PULLBACK,NY/DISTRIBUTION/EXPANDED/BTC_NEUTRAL/ALTCOIN,47,0,47,0,1.0,0.7777652042446359,1.6744435187795255,0.7189971322597615,STRONG,0.9374619153358144,2026-07-22T20:25:33.227265+00:00
MOVER_TREND_PULLBACK,LONDON/MARKUP/NORMAL/BTC_RISING,50,0,50,0,0.86,0.8499822452354924,0.9077201147704694,0.7096988003649684,STRONG,1.0,2026-07-21T12:58:37.622244+00:00
MOVER_TREND_PULLBACK,LONDON/MARKUP/NORMAL/BTC_RISING/ALTCOIN,50,0,50,0,0.86,0.8499822452354924,0.9077201147704694,0.7096988003649684,STRONG,1.0,2026-07-21T12:58:37.622280+00:00
MOVER_TREND_PULLBACK,NY/DISTRIBUTION/EXPANDED/BTC_NEUTRAL,50,0,50,0,1.0,0.7592418064988864,1.6584233008208715,0.7050698776586194,STRONG,0.9404567241733035,2026-07-22T20:25:33.227255+00:00
MOVER_TREND_PULLBACK,OFF_HOURS/VOLATILE_EXPANSION/COMPRESSED/BTC_NEUTRAL,18,0,18,0,1.0,0.852935947115079,2.235248902114564,0.7029176913811911,STRONG,0.9371134811687694,2026-07-24T00:53:28.215117+00:00
MOVER_TREND_PULLBACK,OFF_HOURS/VOLATILE_EXPANSION/COMPRESSED/BTC_NEUTRAL/MIDCAP,18,0,18,0,1.0,0.852935947115079,2.235248902114564,0.7029176913811911,STRONG,0.9371134811687694,2026-07-24T00:53:28.215123+00:00
MOVER_TREND_PULLBACK,NY/QUIET/COMPRESSED/BTC_NEUTRAL/MIDCAP,50,0,50,0,1.0,0.752384011149921,1.0115451895043666,0.6987013862421632,STRONG,1.0,2026-07-21T22:59:53.964853+00:00
MOVER_TREND_PULLBACK,NY/VOLATILE_EXPANSION/CASCADE/BTC_NEUTRAL,50,2,48,0,0.86,0.7877809528267984,0.22786047364275216,0.6570028598999319,STRONG,0.8625555014422019,2026-07-22T22:15:35.861371+00:00
MOVER_TREND_PULLBACK,ASIA/MARKUP/EXPANDED/BTC_RISING,50,0,50,0,1.0,0.6979707315752419,1.5579581830991014,0.6481704960246741,STRONG,1.0,2026-07-22T03:46:45.044820+00:00
MOVER_TREND_PULLBACK,ASIA/MARKUP/EXPANDED/BTC_RISING/ALTCOIN,50,0,50,0,1.0,0.6979707315752419,1.5579581830991014,0.6481704960246741,STRONG,1.0,2026-07-22T03:46:45.044829+00:00
MOVER_TREND_PULLBACK,ASIA/MARKDOWN/COMPRESSED/BTC_NEUTRAL/MIDCAP,19,0,19,0,1.0,0.7520178075313784,2.211817080974638,0.62554016982594,STRONG,1.0,2026-07-20T01:09:50.161439+00:00
MOVER_TREND_PULLBACK,OVERLAP/MARKUP/EXPANDED/BTC_NEUTRAL/ALTCOIN,50,0,50,0,0.92,0.6971268231359248,1.264310289741084,0.6118665714003033,STRONG,0.9057673612357794,2026-07-23T14:41:05.947721+00:00
MOVER_TREND_PULLBACK,LONDON/MARKUP/COMPRESSED/BTC_NEUTRAL/MIDCAP,33,0,33,0,1.0,0.681455850778769,1.7648280000000007,0.6103981118002307,STRONG,1.0,2026-07-20T10:22:16.696579+00:00
MOVER_TREND_PULLBACK,ASIA/VOLATILE_EXPANSION/EXPANDED/BTC_FALLING,25,0,25,0,1.0,0.6895390553159474,2.0805001953888147,0.5976948707040762,STRONG,1.0,2026-07-13T04:32:56.820032+00:00
MOVER_TREND_PULLBACK,LONDON/MARKDOWN/CASCADE/BTC_NEUTRAL,50,0,50,0,1.0,0.6346733005874517,1.1354238984771863,0.5893893389010094,STRONG,0.8833069774276777,2026-07-23T12:28:56.034506+00:00
MOVER_TREND_PULLBACK,LONDON/MARKDOWN/CASCADE/BTC_NEUTRAL/ALTCOIN,50,0,50,0,1.0,0.6346733005874517,1.1354238984771863,0.5893893389010094,STRONG,0.8833069774276777,2026-07-23T12:28:56.034533+00:00
MOVER_TREND_PULLBACK,LONDON/MARKUP/NORMAL/BTC_NEUTRAL/MIDCAP,50,0,50,0,1.0,0.619710748721852,1.6049211111701889,0.5754943656223551,STRONG,1.0,2026-07-20T10:42:37.432327+00:00
MOVER_TREND_PULLBACK,OVERLAP/MARKUP/EXPANDED/BTC_NEUTRAL,50,1,49,0,0.9,0.6622303533210847,1.1718908841324842,0.5730988095405269,STRONG,0.8632250617100925,2026-07-23T16:23:42.019662+00:00
MOVER_TREND_PULLBACK,NY/VOLATILE_EXPANSION/CASCADE/BTC_NEUTRAL/ALTCOIN,50,3,47,0,0.84,0.6940283806106653,0.6419558833027798,0.5704441470108603,STRONG,0.9153348030767726,2026-07-22T22:15:37.575557+00:00
MOVER_TREND_PULLBACK,ASIA/MARKDOWN/NORMAL/BTC_NEUTRAL/MIDCAP,50,0,50,0,1.0,0.6125165136401661,1.8015191577651886,0.5688134394596057,STRONG,1.0,2026-07-20T01:25:10.954536+00:00
MOVER_TREND_PULLBACK,LONDON/MARKDOWN/COMPRESSED/BTC_NEUTRAL,50,0,50,0,1.0,0.6073188001015566,1.21029607703739,0.5639865829596042,STRONG,1.0,2026-07-18T10:09:10.678164+00:00
MOVER_TREND_PULLBACK,OVERLAP/MARKUP/EXPANDED/BTC_NEUTRAL/MIDCAP,50,1,49,0,0.98,0.6086138473366747,1.7813991365271127,0.5543527070402656,STRONG,0.9671380002857379,2026-07-23T16:23:44.103802+00:00
MOVER_TREND_PULLBACK,ASIA/VOLATILE_EXPANSION/NORMAL/BTC_NEUTRAL,50,0,50,0,1.0,0.5891691892690135,1.7675075678070442,0.5471319474802138,STRONG,1.0,2026-07-20T06:50:17.711305+00:00
MOVER_TREND_PULLBACK,ASIA/VOLATILE_EXPANSION/NORMAL/BTC_NEUTRAL/MIDCAP,50,0,50,0,1.0,0.5891691892690135,1.7675075678070442,0.5471319474802138,STRONG,1.0,2026-07-20T06:50:17.711312+00:00
MOVER_TREND_PULLBACK,OVERLAP/MARKDOWN/COMPRESSED/BTC_RISING,50,0,50,0,1.0,0.5884719900438321,1.7654159701314913,0.5464844934435753,STRONG,1.0,2026-07-15T14:57:33.195074+00:00
MOVER_TREND_PULLBACK,OFF_HOURS/RANGE/NORMAL/BTC_NEUTRAL,50,0,50,0,1.0,0.5871214177136582,1.4450778963054025,0.5452302844953143,STRONG,1.0,2026-07-21T00:38:34.535119+00:00
MOVER_TREND_PULLBACK,OFF_HOURS/RANGE/NORMAL/BTC_NEUTRAL/ALTCOIN,50,0,50,0,1.0,0.5871214177136582,1.4450778963054025,0.5452302844953143,STRONG,1.0,2026-07-21T00:38:34.535124+00:00
MOVER_TREND_PULLBACK,OFF_HOURS/QUIET/COMPRESSED/BTC_NEUTRAL/MIDCAP,50,0,50,0,1.0,0.5413785800585478,0.7300291545189449,0.5027511998701263,STRONG,1.0,2026-07-21T23:30:43.318796+00:00
MOVER_TREND_PULLBACK,OVERLAP/MARKDOWN/CASCADE/BTC_RISING,50,0,50,0,0.68,0.637580864525394,1.0267739597794712,0.49760570534607207,STRONG,1.0,2026-07-21T13:50:58.386614+00:00
MOVER_TREND_PULLBACK,NY/QUIET/NORMAL/BTC_RISING,50,0,50,0,1.0,0.49433366027888126,0.6230102973760878,0.459062936724467,STRONG,1.0,2026-07-21T17:50:46.124640+00:00
MOVER_TREND_PULLBACK,NY/QUIET/NORMAL/BTC_RISING/MIDCAP,50,0,50,0,1.0,0.49433366027888126,0.6230102973760878,0.459062936724467,STRONG,1.0,2026-07-21T17:50:46.124653+00:00
MOVER_TREND_PULLBACK,NY/ACCUMULATION/NORMAL/BTC_FALLING,50,0,50,0,1.0,0.49245118998113324,0.8739076154806564,0.45731478074679544,STRONG,1.0,2026-07-13T22:16:28.910600+00:00
MOVER_TREND_PULLBACK,LONDON/MARKDOWN/NORMAL/BTC_FALLING,50,0,50,0,0.6,0.6224336717774251,0.7369074818912946,0.4537979124975104,STRONG,1.0,2026-07-17T12:28:49.467418+00:00
MOVER_TREND_PULLBACK,LONDON/MARKDOWN/EXPANDED/BTC_NEUTRAL,50,1,49,0,0.74,0.6028487469715562,0.5318580109136561,0.44650949792389216,STRONG,0.9694487344309289,2026-07-23T09:44:09.646660+00:00
MOVER_TREND_PULLBACK,ASIA/ACCUMULATION/EXPANDED/BTC_FALLING,50,0,50,0,0.88,0.5129383000025417,0.846221595413039,0.44391646368009335,STRONG,1.0,2026-07-13T05:13:38.641294+00:00
MOVER_TREND_PULLBACK,LONDON/MARKDOWN/NORMAL/BTC_NEUTRAL,50,0,50,0,0.92,0.49861327078006495,1.483695576971758,0.43448443002568493,STRONG,1.0,2026-07-22T12:38:46.489022+00:00
MOVER_TREND_PULLBACK,ASIA/MARKDOWN/NORMAL/BTC_FALLING,50,0,50,0,1.0,0.4579457596892965,0.8575309308714332,0.42527131408548086,STRONG,1.0,2026-07-17T07:29:49.185017+00:00
MOVER_TREND_PULLBACK,ASIA/MARKDOWN/COMPRESSED/BTC_RISING,23,0,23,0,1.0,0.4957555102883609,0.747359471865556,0.42480242372408133,STRONG,1.0,2026-07-22T01:13:03.924411+00:00
MOVER_TREND_PULLBACK,OVERLAP/ACCUMULATION/EXPANDED/BTC_NEUTRAL,50,0,50,0,1.0,0.44475135092589396,1.0650202692591269,0.413018326838257,STRONG,1.0,2026-07-19T14:14:44.041016+00:00
MOVER_TREND_PULLBACK,OVERLAP/ACCUMULATION/EXPANDED/BTC_NEUTRAL/ALTCOIN,50,0,50,0,1.0,0.44475135092589396,1.0650202692591269,0.413018326838257,STRONG,1.0,2026-07-19T14:14:44.041042+00:00
MOVER_TREND_PULLBACK,ASIA/MARKUP/CASCADE/BTC_NEUTRAL,50,0,50,0,0.72,0.5735999196625835,0.2843406000000035,0.4089320198012117,STRONG,0.915250287089653,2026-07-23T07:55:44.231591+00:00
MOVER_TREND_PULLBACK,ASIA/MARKUP/CASCADE/BTC_NEUTRAL/ALTCOIN,50,0,50,0,0.72,0.5735999196625835,0.2843406000000035,0.4089320198012117,STRONG,0.915250287089653,2026-07-23T07:55:44.231600+00:00
MOVER_TREND_PULLBACK,OVERLAP/MARKUP/COMPRESSED/BTC_NEUTRAL/ALTCOIN,15,0,15,0,1.0,0.5097738783008965,1.5293216349026935,0.4058364562730048,STRONG,1.0,2026-07-19T16:50:59.712555+00:00
MOVER_TREND_PULLBACK,NY/MARKDOWN/COMPRESSED/BTC_RISING,50,0,50,0,1.0,0.4256595133830157,0.7711496708748408,0.39528869255651367,STRONG,1.0,2026-07-21T22:03:21.543999+00:00
MOVER_TREND_PULLBACK,ASIA/ACCUMULATION/NORMAL/BTC_NEUTRAL,50,0,50,0,1.0,0.42255695406244165,2.0224809718437786,0.3924075009494904,STRONG,0.9309545160836564,2026-07-23T08:00:56.646574+00:00
MOVER_TREND_PULLBACK,ASIA/ACCUMULATION/NORMAL/BTC_NEUTRAL/MIDCAP,50,0,50,0,1.0,0.42255695406244165,2.0224809718437786,0.3924075009494904,STRONG,0.9309545160836564,2026-07-23T08:00:56.646586+00:00
MOVER_TREND_PULLBACK,OVERLAP/MARKUP/COMPRESSED/BTC_NEUTRAL,40,0,40,0,1.0,0.4229541690156478,1.2618791103508193,0.38589300483161915,STRONG,1.0,2026-07-19T16:50:59.712509+00:00
MOVER_TREND_PULLBACK,NY/MARKUP/EXPANDED/BTC_NEUTRAL/ALTCOIN,50,1,49,0,0.88,0.4184129670889358,0.9237298658475602,0.3506418863314684,STRONG,0.8721723221910702,2026-07-22T19:00:47.623851+00:00
MOVER_TREND_PULLBACK,ASIA/MARKUP/NORMAL/BTC_RISING,50,0,50,0,1.0,0.3750072594292482,0.9385394082493914,0.3482504786533537,STRONG,1.0,2026-07-22T04:02:03.405167+00:00
MOVER_TREND_PULLBACK,ASIA/MARKUP/NORMAL/BTC_RISING/ALTCOIN,50,0,50,0,1.0,0.3750072594292482,0.9385394082493914,0.3482504786533537,STRONG,1.0,2026-07-22T04:02:03.405187+00:00
MOVER_TREND_PULLBACK,LONDON/VOLATILE_EXPANSION/CASCADE/BTC_RISING/ALTCOIN,45,0,45,0,0.6666666666666666,0.5365437453432388,1.3411560213312905,0.34608698792802894,STRONG,1.0,2026-07-21T09:16:44.390964+00:00
MOVER_TREND_PULLBACK,OVERLAP/MARKUP/NORMAL/BTC_NEUTRAL,50,0,50,0,0.92,0.38762300053532994,0.8578421781531632,0.3304290677609315,STRONG,0.8700090256120161,2026-07-23T17:03:43.392302+00:00
MOVER_TREND_PULLBACK,OVERLAP/MARKUP/NORMAL/BTC_NEUTRAL/ALTCOIN,50,0,50,0,0.92,0.38762300053532994,0.8578421781531632,0.3304290677609315,STRONG,0.8700090256120161,2026-07-23T17:03:43.392327+00:00
MOVER_TREND_PULLBACK,NY/ACCUMULATION/EXPANDED/BTC_FALLING,50,0,50,0,0.84,0.37779110136021316,1.1385111759739006,0.3188398209847128,STRONG,1.0,2026-07-13T19:14:45.546507+00:00
MOVER_TREND_PULLBACK,OFF_HOURS/DISTRIBUTION/NORMAL/BTC_RISING,35,0,35,0,1.0,0.3336991523490362,0.9739799276304463,0.3006948820907549,STRONG,1.0,2026-07-22T00:57:42.418033+00:00
MOVER_TREND_PULLBACK,OFF_HOURS/DISTRIBUTION/NORMAL/BTC_RISING/ALTCOIN,24,0,24,0,1.0,0.3360901710419016,1.0082705131257066,0.2897162557110812,STRONG,1.0,2026-07-22T00:57:42.418043+00:00
MOVER_TREND_PULLBACK,ASIA/QUIET/COMPRESSED/BTC_FALLING,50,0,50,0,0.58,0.4506704719419033,0.9327439633983055,0.2824120807275116,STRONG,1.0,2026-07-17T05:16:50.319743+00:00
MOVER_TREND_PULLBACK,OVERLAP/VOLATILE_EXPANSION/CASCADE/BTC_RISING/MIDCAP,50,0,50,0,1.0,0.30329102235833594,0.4089969761399345,0.2816511975483046,STRONG,1.0,2026-07-21T15:26:06.110741+00:00
MOVER_TREND_PULLBACK,NY/MARKDOWN/EXPANDED/BTC_FALLING,22,0,22,0,0.6363636363636364,0.42125283213668036,1.314999376761006,0.2714554033025237,STRONG,1.0,2026-07-13T20:00:14.772907+00:00
MOVER_TREND_PULLBACK,OVERLAP/MARKUP/NORMAL/BTC_RISING,50,0,50,0,0.78,0.3313126124123897,0.6303391750459322,0.2641677867009414,STRONG,1.0,2026-07-21T14:59:42.561685+00:00
MOVER_TREND_PULLBACK,LONDON/MARKUP/NORMAL/BTC_FALLING,50,0,50,0,1.0,0.27656935425666224,0.5528360717026886,0.2568361213788801,STRONG,1.0,2026-07-13T09:18:24.223221+00:00
MOVER_TREND_PULLBACK,OVERLAP/VOLATILE_EXPANSION/CASCADE/BTC_RISING,50,1,49,0,0.98,0.277009137969658,0.3736443148687974,0.2529950279081882,STRONG,0.9099706189410605,2026-07-21T17:55:17.365369+00:00
MOVER_TREND_PULLBACK,NY/MARKUP/EXPANDED/BTC_NEUTRAL,50,1,49,0,0.82,0.29651801184852544,0.510635759361261,0.2238900632344261,POSITIVE,0.8699924764225327,2026-07-22T19:00:45.777836+00:00
MOVER_TREND_PULLBACK,LONDON/MARKUP/EXPANDED/BTC_FALLING,50,0,50,0,1.0,0.23924427706193657,0.4782267603862143,0.22217418971755723,POSITIVE,1.0,2026-07-13T09:39:25.784086+00:00
MOVER_TREND_PULLBACK,ASIA/MARKDOWN/COMPRESSED/BTC_FALLING,50,0,50,0,0.78,0.3038695055066748,0.29908384750037326,0.21493382041375553,POSITIVE,1.0,2026-07-17T06:09:04.846399+00:00
MOVER_TREND_PULLBACK,NY/MARKUP/CASCADE/BTC_NEUTRAL,50,0,50,0,0.64,0.27682331766646906,0.3607268084052191,0.19913504351544709,POSITIVE,0.8306565645500317,2026-07-22T18:52:20.848373+00:00
MOVER_TREND_PULLBACK,NY/MARKUP/CASCADE/BTC_NEUTRAL/ALTCOIN,50,0,50,0,0.64,0.27682331766646906,0.3607268084052191,0.19913504351544709,POSITIVE,0.8306565645500317,2026-07-22T18:52:20.848448+00:00
MOVER_TREND_PULLBACK,ASIA/ACCUMULATION/NORMAL/BTC_RISING,50,0,50,0,0.54,0.3030579367615536,0.32525183046629286,0.1961981148788405,POSITIVE,1.0,2026-07-21T05:37:36.382363+00:00
MOVER_TREND_PULLBACK,NY/RANGE/NORMAL/BTC_NEUTRAL,50,0,50,0,0.76,0.2748652757375819,0.8245958272127427,0.18399867207294185,POSITIVE,1.0,2026-07-19T17:52:16.153038+00:00
MOVER_TREND_PULLBACK,LONDON/DISTRIBUTION/EXPANDED/BTC_FALLING,36,1,35,0,0.75,0.2583789544760292,0.7907029937725386,0.18350160442941915,POSITIVE,0.9042125648403158,2026-07-17T09:43:14.920807+00:00
MOVER_TREND_PULLBACK,LONDON/RANGE/NORMAL/BTC_NEUTRAL,50,0,50,0,1.0,0.19112839600398035,0.49684000585304894,0.17749137841741364,POSITIVE,1.0,2026-07-20T11:44:17.055531+00:00
MOVER_TREND_PULLBACK,LONDON/RANGE/NORMAL/BTC_NEUTRAL/MIDCAP,50,0,50,0,1.0,0.19112839600398035,0.49684000585304894,0.17749137841741364,POSITIVE,1.0,2026-07-20T11:44:17.055538+00:00
MOVER_TREND_PULLBACK,ASIA/ACCUMULATION/EXPANDED/BTC_RISING/MIDCAP,43,0,43,0,0.7674418604651163,0.23086711998966997,0.6728133251642509,0.17653088448608306,POSITIVE,1.0,2026-07-21T07:43:11.632281+00:00
MOVER_TREND_PULLBACK,OVERLAP/MARKUP/NORMAL/BTC_RISING/ALTCOIN,38,0,38,0,0.7105263157894737,0.2417674351450797,0.2674478385683401,0.16917503309056514,POSITIVE,1.0,2026-07-21T14:59:42.561693+00:00
MOVER_TREND_PULLBACK,NY/QUIET/NORMAL/BTC_FALLING,50,0,50,0,0.76,0.19866532760239483,0.1982416200000001,0.15314576273755537,POSITIVE,1.0,2026-07-13T23:01:48.833425+00:00
MOVER_TREND_PULLBACK,ASIA/QUIET/NORMAL/BTC_NEUTRAL/ALTCOIN,37,0,37,0,1.0,0.15616285719916684,0.19837879514055798,0.1414740293320823,POSITIVE,1.0,2026-07-21T03:24:35.408624+00:00
MOVER_TREND_PULLBACK,OVERLAP/DISTRIBUTION/EXPANDED/BTC_NEUTRAL/ALTCOIN,50,0,50,0,0.72,0.20469432657325065,1.1045967690325176,0.12203069007280551,POSITIVE,0.9953762241646931,2026-07-23T15:12:43.285810+00:00
MOVER_TREND_PULLBACK,LONDON/ACCUMULATION/NORMAL/BTC_FALLING,50,1,49,0,0.56,0.2753060352903301,0.36867411312915466,0.11504760813941273,POSITIVE,0.9718137947019699,2026-07-17T11:10:29.113420+00:00
MOVER_TREND_PULLBACK,OVERLAP/QUIET/COMPRESSED/BTC_RISING,25,0,25,0,0.8,0.20526525961639386,0.9617404591400839,0.10834943882860004,POSITIVE,1.0,2026-07-21T13:34:59.546556+00:00
MOVER_TREND_PULLBACK,OVERLAP/MARKDOWN/CASCADE/BTC_NEUTRAL,50,0,50,0,0.54,0.14956546571350304,0.4910447149700888,0.09730184025518723,POSITIVE,1.0,2026-07-20T15:50:29.845397+00:00
MOVER_TREND_PULLBACK,OFF_HOURS/VOLATILE_EXPANSION/NORMAL/BTC_NEUTRAL,25,0,25,0,0.56,0.1965377382325661,0.41983112123606153,0.07772894849881606,POSITIVE,0.913264022283212,2026-07-24T00:58:43.159283+00:00
MOVER_TREND_PULLBACK,ASIA/QUIET/NORMAL/BTC_NEUTRAL,50,0,50,0,0.86,0.11358227071951753,0.11057902606883008,0.07764890457499468,POSITIVE,1.0,2026-07-22T04:12:23.809525+00:00
MOVER_TREND_PULLBACK,NY/MARKUP/NORMAL/BTC_NEUTRAL/ALTCOIN,50,0,50,0,0.62,0.1566591593139295,0.22298155224861702,0.05974837694187002,POSITIVE,0.9023442560475563,2026-07-23T20:43:13.324032+00:00
MOVER_TREND_PULLBACK,ASIA/VOLATILE_EXPANSION/CASCADE/BTC_FALLING,50,2,48,0,0.64,0.12719166940654747,0.4514703731718857,0.05802660327793893,POSITIVE,0.9339056031118161,2026-07-17T07:34:57.235271+00:00
MOVER_TREND_PULLBACK,ASIA/RANGE/EXPANDED/BTC_FALLING,21,0,21,0,1.0,0.04493776120074022,0.09435742592942706,0.03798841399972403,FLAT,1.0,2026-07-13T07:42:00.596943+00:00
MOVER_TREND_PULLBACK,OFF_HOURS/MARKUP/COMPRESSED/BTC_NEUTRAL,50,0,50,0,1.0,0.014722329859180292,0.024855302667656804,0.013671891120602185,FLAT,0.1421478347436718,2026-07-23T00:08:14.856569+00:00
MOVER_TREND_PULLBACK,OFF_HOURS/MARKUP/COMPRESSED/BTC_NEUTRAL/ALTCOIN,50,0,50,0,1.0,0.014722329859180292,0.024855302667656804,0.013671891120602185,FLAT,0.1421478347436718,2026-07-23T00:08:14.856585+00:00
MOVER_TREND_PULLBACK,NY/VOLATILE_EXPANSION/NORMAL/BTC_RISING,50,0,50,0,0.66,0.04015654591595391,0.12046963774786237,0.013431347454783457,FLAT,1.0,2026-07-21T18:32:10.276020+00:00
MOVER_TREND_PULLBACK,NY/VOLATILE_EXPANSION/NORMAL/BTC_RISING/ALTCOIN,50,0,50,0,0.66,0.04015654591595391,0.12046963774786237,0.013431347454783457,FLAT,1.0,2026-07-21T18:32:10.276061+00:00
MOVER_TREND_PULLBACK,OVERLAP/MARKDOWN/COMPRESSED/BTC_FALLING,50,0,50,0,0.72,0.02283806367906015,0.015541604716303446,0.01277213800944723,FLAT,1.0,2026-07-13T14:02:14.753762+00:00
MOVER_TREND_PULLBACK,LONDON/DISTRIBUTION/EXPANDED/BTC_NEUTRAL,50,0,50,0,0.6,0.10836839300954132,0.1262674845466977,0.009709362720312864,FLAT,1.0,2026-07-20T12:31:01.493429+00:00
MOVER_TREND_PULLBACK,ASIA/ACCUMULATION/EXPANDED/BTC_RISING,50,0,50,0,0.66,0.05854572319111605,0.5022024188831492,0.006619209683675353,FLAT,1.0,2026-07-21T07:43:11.632276+00:00
MOVER_TREND_PULLBACK,ASIA/DISTRIBUTION/NORMAL/BTC_RISING/ALTCOIN,50,0,50,0,0.38,0.0145484713348635,0.019501659139060747,-0.0022533586851682247,FLAT,1.0,2026-07-22T01:43:44.006197+00:00
MOVER_TREND_PULLBACK,OVERLAP/DISTRIBUTION/NORMAL/BTC_NEUTRAL,50,0,50,0,0.84,0.024441474062826093,0.25005269673051667,-0.005587109014161068,FLAT,0.7982196814701193,2026-07-23T14:56:57.588714+00:00
MOVER_TREND_PULLBACK,OVERLAP/DISTRIBUTION/NORMAL/BTC_NEUTRAL/ALTCOIN,50,0,50,0,0.84,0.024441474062826093,0.25005269673051667,-0.005587109014161068,FLAT,0.7982196814701193,2026-07-23T14:56:57.588724+00:00
MOVER_TREND_PULLBACK,LONDON/RANGE/NORMAL/BTC_FALLING,50,0,50,0,0.58,0.11653551980028125,0.8862325631894504,-0.005626409060175863,FLAT,1.0,2026-07-17T12:02:53.533386+00:00
MOVER_TREND_PULLBACK,ASIA/MARKDOWN/NORMAL/BTC_RISING,39,0,39,0,0.5128205128205128,0.19482046406211956,0.7797215073576309,-0.00576757571807085,FLAT,1.0,2026-07-21T07:12:15.686670+00:00
MOVER_TREND_PULLBACK,NY/MARKDOWN/NORMAL/BTC_FALLING,50,0,50,0,0.44,0.003473544923255626,0.0011428571428575335,-0.006710321839113711,FLAT,1.0,2026-07-13T20:40:43.737036+00:00
MOVER_TREND_PULLBACK,OVERLAP/MARKDOWN/EXPANDED/BTC_NEUTRAL,50,0,50,0,0.74,0.008929789040546768,0.18595133216661744,-0.029566052727270475,FLAT,1.0,2026-07-23T15:07:33.319442+00:00
MOVER_TREND_PULLBACK,ASIA/MARKUP/EXPANDED/BTC_NEUTRAL,50,0,50,0,0.54,0.0977604902433212,-0.4676146481059448,-0.04272662799699273,FLAT,0.9468654441870612,2026-07-23T08:00:56.646758+00:00
MOVER_TREND_PULLBACK,ASIA/MARKUP/EXPANDED/BTC_NEUTRAL/ALTCOIN,50,0,50,0,0.54,0.0977604902433212,-0.4676146481059448,-0.04272662799699273,FLAT,0.9468654441870612,2026-07-23T08:00:56.646769+00:00
MOVER_TREND_PULLBACK,ASIA/ACCUMULATION/NORMAL/BTC_RISING/MIDCAP,39,0,39,0,0.41025641025641024,0.01344611823054266,0.022392448545478637,-0.04394559106980894,FLAT,1.0,2026-07-21T05:37:36.382371+00:00
MOVER_TREND_PULLBACK,OVERLAP/ACCUMULATION/NORMAL/BTC_NEUTRAL,50,0,50,0,0.82,-0.027469552821468398,0.33513187775577996,-0.05875033548161107,NEGATIVE,0.7960979148355987,2026-07-23T16:58:30.862042+00:00
MOVER_TREND_PULLBACK,OVERLAP/ACCUMULATION/NORMAL/BTC_NEUTRAL/ALTCOIN,50,0,50,0,0.82,-0.027469552821468398,0.33513187775577996,-0.05875033548161107,NEGATIVE,0.7960979148355987,2026-07-23T16:58:30.862054+00:00
MOVER_TREND_PULLBACK,OVERLAP/MARKDOWN/NORMAL/BTC_FALLING,50,0,50,0,0.58,0.041068716026071546,0.09107119571428698,-0.06532497984089614,NEGATIVE,1.0,2026-07-17T13:41:01.582469+00:00
MOVER_TREND_PULLBACK,LONDON/MARKDOWN/EXPANDED/BTC_FALLING,50,0,50,0,0.0,-0.0720934483370622,-0.21358537231693067,-0.0720934483370622,NEGATIVE,0.0,2026-07-16T09:27:47.966317+00:00
MOVER_TREND_PULLBACK,OFF_HOURS/DISTRIBUTION/NORMAL/BTC_NEUTRAL,50,0,50,0,0.28,-0.09403773972178209,-0.16482980832022012,-0.08606676022040403,NEGATIVE,-5.893699999997697,2026-07-23T00:18:37.926701+00:00
MOVER_TREND_PULLBACK,OFF_HOURS/DISTRIBUTION/NORMAL/BTC_NEUTRAL/ALTCOIN,50,0,50,0,0.28,-0.09403773972178209,-0.16482980832022012,-0.08606676022040403,NEGATIVE,-5.893699999997697,2026-07-23T00:18:37.926712+00:00
MOVER_TREND_PULLBACK,NY/VOLATILE_EXPANSION/COMPRESSED/BTC_NEUTRAL,30,0,30,0,0.23333333333333334,-0.0995036547728745,-0.29851096431862345,-0.10043762694434276,NEGATIVE,1.0,2026-07-21T20:04:44.544518+00:00
MOVER_TREND_PULLBACK,NY/VOLATILE_EXPANSION/COMPRESSED/BTC_NEUTRAL/ALTCOIN,30,0,30,0,0.23333333333333334,-0.0995036547728745,-0.29851096431862345,-0.10043762694434276,NEGATIVE,1.0,2026-07-21T20:04:44.544576+00:00
MOVER_TREND_PULLBACK,NY/VOLATILE_EXPANSION/NORMAL/BTC_NEUTRAL,50,0,50,0,0.68,-0.04575484174661254,0.494987025672982,-0.10145305391434017,NEGATIVE,1.0,2026-07-17T19:02:40.009326+00:00
MOVER_TREND_PULLBACK,OVERLAP/RANGE/NORMAL/BTC_RISING,25,0,25,0,0.84,-0.08759139495150389,-0.26277418485451276,-0.10367128936655387,NEGATIVE,1.0,2026-07-21T16:53:27.676396+00:00
MOVER_TREND_PULLBACK,OVERLAP/RANGE/NORMAL/BTC_RISING/ALTCOIN,25,0,25,0,0.84,-0.08759139495150389,-0.26277418485451276,-0.10367128936655387,NEGATIVE,1.0,2026-07-21T16:53:27.676406+00:00
MOVER_TREND_PULLBACK,OFF_HOURS/MARKUP/NORMAL/BTC_NEUTRAL,50,0,50,0,0.0,-0.10756473441289341,-0.3226942032386808,-0.10756473441289341,NEGATIVE,0.0,2026-07-15T23:28:47.881264+00:00
MOVER_TREND_PULLBACK,NY/DISTRIBUTION/NORMAL/BTC_NEUTRAL,50,0,50,0,0.72,-0.06485865155010989,-0.2149285144934765,-0.11036175275155219,NEGATIVE,0.7460801937888918,2026-07-23T18:27:41.216499+00:00
MOVER_TREND_PULLBACK,NY/DISTRIBUTION/NORMAL/BTC_NEUTRAL/ALTCOIN,50,0,50,0,0.72,-0.06485865155010989,-0.2149285144934765,-0.11036175275155219,NEGATIVE,0.7460801937888918,2026-07-23T18:27:41.216527+00:00
MOVER_TREND_PULLBACK,ASIA/ACCUMULATION/NORMAL/BTC_FALLING,50,0,50,0,0.64,-0.0561212833989956,0.198979187909597,-0.12192639985801637,NEGATIVE,1.0,2026-07-17T08:00:48.094379+00:00
MOVER_TREND_PULLBACK,LONDON/DISTRIBUTION/NORMAL/BTC_FALLING,50,0,50,0,0.44,-0.11675693966628053,-0.34959437864018084,-0.15394801496374183,NEGATIVE,1.0,2026-07-17T10:39:39.396054+00:00
MOVER_TREND_PULLBACK,LONDON/DISTRIBUTION/NORMAL/BTC_NEUTRAL/ALTCOIN,50,0,50,0,0.0,-0.15656968017926715,-0.3132795160799008,-0.15656968017926715,NEGATIVE,0.0,2026-07-22T11:10:15.651777+00:00
MOVER_TREND_PULLBACK,OVERLAP/MARKDOWN/CASCADE/BTC_RISING/ALTCOIN,16,0,16,0,0.0,-0.16132673419563048,-0.4579425491889326,-0.16132673419563048,NEGATIVE,0.0,2026-07-21T13:50:58.386672+00:00
MOVER_TREND_PULLBACK,NY/MARKDOWN/NORMAL/BTC_NEUTRAL,20,4,16,0,0.4,-0.08851889958083728,-0.3255093174294916,-0.16828946636640946,NEGATIVE,0.6207304721941878,2026-07-23T18:27:16.950401+00:00
MOVER_TREND_PULLBACK,ASIA/RANGE/NORMAL/BTC_FALLING,50,0,50,0,0.44,-0.03368133081663408,-0.17416901636589377,-0.1700011953792816,NEGATIVE,1.0,2026-07-17T05:16:50.317154+00:00
MOVER_TREND_PULLBACK,NY/QUIET/COMPRESSED/BTC_RISING/ALTCOIN,26,0,26,0,0.5,-0.16459416716169167,-0.4937825014850744,-0.18610817121198597,NEGATIVE,1.0,2026-07-21T18:32:10.275667+00:00
MOVER_TREND_PULLBACK,OVERLAP/MARKDOWN/NORMAL/BTC_NEUTRAL,50,0,50,0,0.14,-0.13519184693425304,-0.23380314437696215,-0.18981717893161112,NEGATIVE,0.9338733353118948,2026-07-22T15:46:12.818048+00:00
MOVER_TREND_PULLBACK,OVERLAP/MARKDOWN/NORMAL/BTC_NEUTRAL/ALTCOIN,50,0,50,0,0.14,-0.13519184693425304,-0.23380314437696215,-0.18981717893161112,NEGATIVE,0.9338733353118948,2026-07-22T15:46:12.818059+00:00
MOVER_TREND_PULLBACK,LONDON/DISTRIBUTION/EXPANDED/BTC_RISING/ALTCOIN,45,0,45,0,0.26666666666666666,-0.172306931382706,-0.3445658112962895,-0.19147768156895373,NEGATIVE,1.0,2026-07-21T08:44:59.481368+00:00
MOVER_TREND_PULLBACK,OFF_HOURS/QUIET/COMPRESSED/BTC_NEUTRAL,50,0,50,0,0.0,-0.22752833271380188,-0.4705506391347103,-0.22752833271380188,NEGATIVE,0.0,2026-07-24T01:03:52.982435+00:00
MOVER_TREND_PULLBACK,OFF_HOURS/QUIET/COMPRESSED/BTC_NEUTRAL/ALTCOIN,50,0,50,0,0.0,-0.22752833271380188,-0.4705506391347103,-0.22752833271380188,NEGATIVE,0.0,2026-07-24T01:03:52.982539+00:00
MOVER_TREND_PULLBACK,OFF_HOURS/MARKUP/EXPANDED/BTC_NEUTRAL,15,0,15,0,0.6666666666666666,-0.25122934849523604,0.08108507186577808,-0.2819611264088606,NEGATIVE,1.0,2026-07-16T00:34:34.777445+00:00
MOVER_TREND_PULLBACK,OVERLAP/VOLATILE_EXPANSION/NORMAL/BTC_NEUTRAL,30,0,30,0,0.5666666666666667,-0.21449700490889692,-0.6308810147266963,-0.28196163355448334,NEGATIVE,1.0,2026-07-18T14:19:27.411779+00:00
MOVER_TREND_PULLBACK,ASIA/DISTRIBUTION/EXPANDED/BTC_NEUTRAL,40,1,39,0,0.4,-0.1324382226662708,0.600891240489368,-0.28368126973268243,NEGATIVE,0.9751030016491624,2026-07-23T04:26:25.195219+00:00
MOVER_TREND_PULLBACK,NY/MARKDOWN/NORMAL/BTC_RISING,50,0,50,0,0.46,-0.24331763421587166,-0.21851283339030553,-0.327359785734305,NEGATIVE,1.0,2026-07-20T17:17:48.480698+00:00
MOVER_TREND_PULLBACK,NY/QUIET/COMPRESSED/BTC_NEUTRAL,50,0,50,0,0.0,-0.3300041361074818,-0.7987887726825847,-0.3300041361074818,NEGATIVE,0.0,2026-07-23T23:03:52.745209+00:00
MOVER_TREND_PULLBACK,NY/QUIET/COMPRESSED/BTC_NEUTRAL/ALTCOIN,50,0,50,0,0.0,-0.3300041361074818,-0.7987887726825847,-0.3300041361074818,NEGATIVE,0.0,2026-07-23T23:03:52.745223+00:00
MOVER_TREND_PULLBACK,LONDON/QUIET/COMPRESSED/BTC_NEUTRAL/MIDCAP,50,0,50,0,0.46,-0.250370219946114,0.08709050830184353,-0.3390733214291518,NEGATIVE,1.0,2026-07-23T12:44:47.453853+00:00
MOVER_TREND_PULLBACK,LONDON/DISTRIBUTION/EXPANDED/BTC_NEUTRAL/ALTCOIN,21,0,21,0,0.3333333333333333,-0.26681695479694295,0.011469476612698022,-0.3681880569412647,NEGATIVE,1.0,2026-07-20T12:31:01.493437+00:00
MOVER_TREND_PULLBACK,NY/MARKUP/NORMAL/BTC_NEUTRAL,50,0,50,0,0.4,-0.3297662515948966,-0.8965990763073697,-0.38511625462934107,NEGATIVE,0.8743277335750765,2026-07-23T20:43:13.324020+00:00
MOVER_TREND_PULLBACK,ASIA/MARKDOWN/COMPRESSED/BTC_NEUTRAL,50,0,50,0,0.14,-0.3522829607471629,-1.001547325144822,-0.39746645853066115,NEGATIVE,1.0,2026-07-21T04:10:42.696935+00:00
MOVER_TREND_PULLBACK,OVERLAP/RANGE/NORMAL/BTC_FALLING,38,0,38,0,0.15789473684210525,-0.38940094226427685,-0.9052025084491966,-0.3983489992446544,NEGATIVE,1.0,2026-07-17T14:15:46.723630+00:00
MOVER_TREND_PULLBACK,OVERLAP/ACCUMULATION/NORMAL/BTC_RISING,20,0,20,0,0.35,-0.38663989809961935,-0.3462749328135712,-0.42954105535453574,NEGATIVE,1.0,2026-07-15T14:11:53.495303+00:00
MOVER_TREND_PULLBACK,ASIA/DISTRIBUTION/NORMAL/BTC_RISING/MAJOR,22,0,22,0,0.0,-0.43221158216469074,-1.0110396039364087,-0.43221158216469074,NEGATIVE,0.0,2026-07-22T01:43:44.006980+00:00
MOVER_TREND_PULLBACK,NY/QUIET/COMPRESSED/BTC_FALLING,50,0,50,0,0.24,-0.3902494796355465,-0.6996124682183948,-0.44121958104288495,NEGATIVE,1.0,2026-07-13T22:51:43.135180+00:00
MOVER_TREND_PULLBACK,NY/MARKUP/NORMAL/BTC_NEUTRAL/MIDCAP,22,0,22,0,0.5,-0.3899488414933877,-1.1427060851122237,-0.44224863213464805,NEGATIVE,0.8412677970301196,2026-07-22T19:28:28.416963+00:00
MOVER_TREND_PULLBACK,ASIA/ACCUMULATION/EXPANDED/BTC_NEUTRAL,50,0,50,0,0.22,-0.42024575025802335,-0.9770453445380649,-0.4588466078720428,NEGATIVE,1.0,2026-07-19T05:30:32.577922+00:00
MOVER_TREND_PULLBACK,LONDON/MARKUP/NORMAL/BTC_NEUTRAL,50,0,50,0,0.32,-0.33312978931172155,-1.0278894243364087,-0.4725264885989773,NEGATIVE,0.9523606373641151,2026-07-23T12:34:13.327226+00:00
MOVER_TREND_PULLBACK,LONDON/MARKUP/NORMAL/BTC_NEUTRAL/ALTCOIN,50,0,50,0,0.32,-0.33312978931172155,-1.0278894243364087,-0.4725264885989773,NEGATIVE,0.9523606373641151,2026-07-23T12:34:13.327245+00:00
MOVER_TREND_PULLBACK,NY/ACCUMULATION/NORMAL/BTC_RISING,50,0,50,0,0.0,-0.4842857142857172,-0.8259227676940007,-0.4842857142857172,NEGATIVE,0.0,2026-07-18T21:12:07.416669+00:00
MOVER_TREND_PULLBACK,ASIA/MARKDOWN/EXPANDED/BTC_RISING,50,0,50,0,0.38,-0.448387077592516,-0.250485714590466,-0.48882551060218227,NEGATIVE,1.0,2026-07-19T03:23:40.413232+00:00
MOVER_TREND_PULLBACK,ASIA/MARKUP/NORMAL/BTC_NEUTRAL/MIDCAP,50,0,50,0,0.46,-0.46120429501608967,-0.6377234144061679,-0.4967961720842164,NEGATIVE,1.0,2026-07-23T03:32:06.745609+00:00
MOVER_TREND_PULLBACK,LONDON/MARKUP/EXPANDED/BTC_NEUTRAL,50,0,50,0,0.36,-0.3930120699268369,-0.1839137926900782,-0.4993168284935937,NEGATIVE,0.9460692584522884,2026-07-23T12:34:13.347263+00:00
MOVER_TREND_PULLBACK,LONDON/MARKUP/EXPANDED/BTC_NEUTRAL/ALTCOIN,50,0,50,0,0.36,-0.3930120699268369,-0.1839137926900782,-0.4993168284935937,NEGATIVE,0.9460692584522884,2026-07-23T12:34:13.347276+00:00
MOVER_TREND_PULLBACK,OVERLAP/MARKUP/EXPANDED/BTC_RISING,41,0,41,0,0.2682926829268293,-0.35553270164194456,-1.6502453544169113,-0.503229869447851,NEGATIVE,1.0,2026-07-21T13:50:58.399654+00:00
MOVER_TREND_PULLBACK,LONDON/DISTRIBUTION/NORMAL/BTC_NEUTRAL,50,0,50,0,0.0,-0.503708414518836,-0.7163989861788977,-0.503708414518836,NEGATIVE,0.0,2026-07-22T12:23:10.345765+00:00
MOVER_TREND_PULLBACK,LONDON/MARKUP/CASCADE/BTC_NEUTRAL,50,0,50,0,0.22,-0.3988689824746732,-0.869990510837261,-0.5102858481549285,NEGATIVE,0.9152502870896525,2026-07-23T10:33:29.156935+00:00
MOVER_TREND_PULLBACK,LONDON/MARKUP/CASCADE/BTC_NEUTRAL/ALTCOIN,50,0,50,0,0.22,-0.3988689824746732,-0.869990510837261,-0.5102858481549285,NEGATIVE,0.9152502870896525,2026-07-23T10:33:29.156949+00:00
MOVER_TREND_PULLBACK,ASIA/MARKDOWN/COMPRESSED/BTC_NEUTRAL/ALTCOIN,43,0,43,0,0.0,-0.5139750484507725,-1.4714831445613565,-0.5139750484507725,NEGATIVE,0.0,2026-07-21T04:10:42.696949+00:00
MOVER_TREND_PULLBACK,NY/MARKDOWN/NORMAL/BTC_RISING/ALTCOIN,37,0,37,0,0.2702702702702703,-0.3696384877250524,-0.3680488865715938,-0.524585736506543,NEGATIVE,1.0,2026-07-20T17:17:48.480705+00:00
MOVER_TREND_PULLBACK,ASIA/QUIET/NORMAL/BTC_FALLING,30,0,30,0,0.0,-0.5634169737449874,-0.7493678058364105,-0.5634169737449874,NEGATIVE,0.0,2026-07-17T02:49:31.430804+00:00
MOVER_TREND_PULLBACK,LONDON/ACCUMULATION/NORMAL/BTC_NEUTRAL,50,0,50,0,0.0,-0.5802583355680704,-1.7407750067042127,-0.5802583355680704,NEGATIVE,0.0,2026-07-23T13:00:55.709796+00:00
MOVER_TREND_PULLBACK,LONDON/ACCUMULATION/NORMAL/BTC_NEUTRAL/ALTCOIN,50,0,50,0,0.0,-0.5802583355680704,-1.7407750067042127,-0.5802583355680704,NEGATIVE,0.0,2026-07-23T13:00:55.709808+00:00
MOVER_TREND_PULLBACK,OVERLAP/DISTRIBUTION/EXPANDED/BTC_NEUTRAL,50,0,50,0,0.26,-0.4970314989848439,-0.02584520806074032,-0.5963374601441642,NEGATIVE,0.9920611817371925,2026-07-23T15:12:43.285795+00:00
MOVER_TREND_PULLBACK,LONDON/MARKDOWN/COMPRESSED/BTC_FALLING,50,0,50,0,0.34,-0.5840139056564259,-1.831897963356602,-0.5975385281823283,NEGATIVE,1.0,2026-07-17T12:23:40.111570+00:00
MOVER_TREND_PULLBACK,ASIA/MARKDOWN/EXPANDED/BTC_FALLING,50,0,50,0,0.24,-0.545159521470336,0.27793445222343033,-0.6320154771800995,NEGATIVE,1.0,2026-07-13T05:18:40.724615+00:00
MOVER_TREND_PULLBACK,ASIA/DISTRIBUTION/NORMAL/BTC_NEUTRAL,50,0,50,0,0.0,-0.6724270628437999,-1.1226271813394817,-0.6724270628437999,NEGATIVE,0.0,2026-07-23T06:05:56.701140+00:00
MOVER_TREND_PULLBACK,ASIA/DISTRIBUTION/NORMAL/BTC_NEUTRAL/ALTCOIN,50,0,50,0,0.0,-0.6724270628437999,-1.1226271813394817,-0.6724270628437999,NEGATIVE,0.0,2026-07-23T06:05:56.701149+00:00
MOVER_TREND_PULLBACK,OVERLAP/MARKUP/CASCADE/BTC_FALLING,27,1,26,0,0.037037037037037035,-0.658694356808528,-0.8511488541602428,-0.6849918779346786,NEGATIVE,0.8695993169696974,2026-07-13T16:23:29.652392+00:00
MOVER_TREND_PULLBACK,LONDON/QUIET/COMPRESSED/BTC_FALLING,24,0,24,0,0.16666666666666666,-0.6564700944606585,-0.9012361640726292,-0.7187603845018644,NEGATIVE,1.0,2026-07-17T09:02:26.434291+00:00
MOVER_TREND_PULLBACK,OVERLAP/RANGE/EXPANDED/BTC_NEUTRAL/MAJOR,21,0,21,0,0.0,-0.7321842697078513,-0.7348885577491597,-0.7321842697078513,NEGATIVE,0.0,2026-07-20T17:02:23.131046+00:00
MOVER_TREND_PULLBACK,LONDON/QUIET/COMPRESSED/BTC_RISING,49,0,49,0,0.22448979591836735,-0.7012628564294094,-2.0977617581442853,-0.73243209222523,NEGATIVE,1.0,2026-07-21T10:54:00.561330+00:00
MOVER_TREND_PULLBACK,ASIA/QUIET/COMPRESSED/BTC_NEUTRAL,50,0,50,0,0.0,-0.7361210352831867,-1.2735100327720008,-0.7361210352831867,NEGATIVE,0.0,2026-07-24T01:09:03.538076+00:00
MOVER_TREND_PULLBACK,ASIA/QUIET/COMPRESSED/BTC_NEUTRAL/ALTCOIN,50,0,50,0,0.0,-0.7361210352831867,-1.2735100327720008,-0.7361210352831867,NEGATIVE,0.0,2026-07-24T01:09:03.538088+00:00
MOVER_TREND_PULLBACK,OVERLAP/MARKDOWN/COMPRESSED/BTC_NEUTRAL/ALTCOIN,33,0,33,0,0.0,-0.7405856398963415,-0.5296199030630596,-0.7405856398963415,NEGATIVE,0.0,2026-07-20T16:26:33.268818+00:00
MOVER_TREND_PULLBACK,OFF_HOURS/QUIET/COMPRESSED/BTC_FALLING,50,0,50,0,0.0,-0.7687654325440448,-2.012564394132318,-0.7687654325440448,NEGATIVE,0.0,2026-07-17T00:47:34.277191+00:00
MOVER_TREND_PULLBACK,OVERLAP/DISTRIBUTION/NORMAL/BTC_RISING,50,0,50,0,0.14,-0.7413793303848908,-2.233075659410482,-0.7845870730858298,NEGATIVE,1.0,2026-07-15T16:58:36.412816+00:00
MOVER_TREND_PULLBACK,ASIA/QUIET/COMPRESSED/BTC_NEUTRAL/MIDCAP,45,0,45,0,0.0,-0.7854974831110821,-2.032282641869985,-0.7854974831110821,NEGATIVE,0.0,2026-07-20T06:09:32.566179+00:00
MOVER_TREND_PULLBACK,OVERLAP/QUIET/COMPRESSED/BTC_FALLING,50,0,50,0,0.0,-0.7863765863203581,-2.207831195969318,-0.7863765863203581,NEGATIVE,0.0,2026-07-13T16:58:44.120705+00:00
MOVER_TREND_PULLBACK,OFF_HOURS/MARKDOWN/COMPRESSED/BTC_FALLING,50,0,50,0,0.0,-0.7945533777718476,-1.7643074839146624,-0.7945533777718476,NEGATIVE,0.0,2026-07-17T01:02:50.115218+00:00
MOVER_TREND_PULLBACK,OVERLAP/RANGE/EXPANDED/BTC_NEUTRAL,50,1,49,0,0.04,-0.7758014764373493,-1.0393936926885865,-0.8139504010601752,NEGATIVE,0.7907714111499194,2026-07-22T13:33:41.885360+00:00
MOVER_TREND_PULLBACK,ASIA/RANGE/NORMAL/BTC_NEUTRAL,50,0,50,0,0.04,-0.7836717025341454,-2.3226728122314118,-0.8217750655394191,NEGATIVE,1.0,2026-07-22T07:32:02.212599+00:00
MOVER_TREND_PULLBACK,OVERLAP/MARKDOWN/COMPRESSED/BTC_NEUTRAL,50,0,50,0,0.0,-0.8287865223315852,-0.49873722130154696,-0.8287865223315852,NEGATIVE,0.0,2026-07-20T16:26:33.268763+00:00
MOVER_TREND_PULLBACK,OVERLAP/ACCUMULATION/NORMAL/BTC_FALLING,50,0,50,0,0.12,-0.8080457369453543,-2.4241372108360664,-0.8463162684341671,NEGATIVE,1.0,2026-07-13T14:02:14.753170+00:00
MOVER_TREND_PULLBACK,OVERLAP/DISTRIBUTION/EXPANDED/BTC_RISING,40,1,39,0,0.0,-0.847593140578115,-2.5427323080095285,-0.847593140578115,NEGATIVE,0.0,2026-07-21T13:35:10.239522+00:00
MOVER_TREND_PULLBACK,ASIA/RANGE/NORMAL/BTC_NEUTRAL/ALTCOIN,50,0,50,0,0.0,-0.8762982085582416,-2.5115977671908016,-0.8762982085582416,NEGATIVE,0.0,2026-07-22T07:32:02.212628+00:00
MOVER_TREND_PULLBACK,LONDON/QUIET/COMPRESSED/BTC_RISING/MIDCAP,42,0,42,0,0.09523809523809523,-0.8427431737708194,-2.4844045271677606,-0.8802367707665515,NEGATIVE,1.0,2026-07-21T10:54:00.560928+00:00
MOVER_TREND_PULLBACK,ASIA/MARKDOWN/CASCADE/BTC_FALLING,50,0,50,0,0.0,-0.8816309137910955,-1.812630001164828,-0.8816309137910955,NEGATIVE,0.0,2026-07-13T07:52:17.095156+00:00
MOVER_TREND_PULLBACK,ASIA/DISTRIBUTION/NORMAL/BTC_NEUTRAL/MIDCAP,16,0,16,0,0.0,-0.8973907994645066,-1.539441172663728,-0.8973907994645066,NEGATIVE,0.0,2026-07-23T03:01:05.614746+00:00
MOVER_TREND_PULLBACK,LONDON/ACCUMULATION/EXPANDED/BTC_FALLING,50,0,50,0,0.08,-0.8747250194558808,-1.6425199867310705,-0.9021452436425965,NEGATIVE,1.0,2026-07-17T11:10:29.113153+00:00
MOVER_TREND_PULLBACK,NY/ACCUMULATION/EXPANDED/BTC_NEUTRAL,50,1,49,0,0.0,-0.9222429293289472,-1.5373792579297794,-0.9222429293289472,NEGATIVE,0.0,2026-07-23T20:26:04.439336+00:00
MOVER_TREND_PULLBACK,NY/RANGE/EXPANDED/BTC_NEUTRAL,15,0,15,0,0.0,-0.9313283557788475,-2.7939850673365476,-0.9313283557788475,NEGATIVE,0.0,2026-07-19T18:12:31.896788+00:00
MOVER_TREND_PULLBACK,OVERLAP/RANGE/EXPANDED/BTC_NEUTRAL/ALTCOIN,29,1,28,0,0.0,-0.967195718392214,-1.5316841025362535,-0.967195718392214,NEGATIVE,0.0,2026-07-22T13:33:43.534891+00:00
MOVER_TREND_PULLBACK,OVERLAP/MARKUP/EXPANDED/BTC_FALLING,21,0,21,0,0.0,-0.9683178509142979,-1.2545234506500311,-0.9683178509142979,NEGATIVE,0.0,2026-07-17T13:41:01.582336+00:00
MOVER_TREND_PULLBACK,ASIA/DISTRIBUTION/NORMAL/BTC_RISING,50,0,50,0,0.0,-0.9804295230623689,-1.1849682760807614,-0.9804295230623689,NEGATIVE,0.0,2026-07-22T03:41:38.046391+00:00
MOVER_TREND_PULLBACK,ASIA/DISTRIBUTION/NORMAL/BTC_RISING/MIDCAP,50,0,50,0,0.0,-0.9804295230623689,-1.1849682760807614,-0.9804295230623689,NEGATIVE,0.0,2026-07-22T03:41:38.046455+00:00
MOVER_TREND_PULLBACK,NY/MARKDOWN/EXPANDED/BTC_NEUTRAL,15,0,15,0,0.0,-0.9830003632761842,-1.5735410302140849,-0.9830003632761842,NEGATIVE,0.0,2026-07-16T20:06:28.014760+00:00
MOVER_TREND_PULLBACK,OVERLAP/VOLATILE_EXPANSION/CASCADE/BTC_FALLING,50,1,49,0,0.0,-0.9999998674840946,-2.8981658837211692,-0.9999998674840946,NEGATIVE,-44.96800000000192,2026-07-17T15:12:13.530835+00:00
MOVER_TREND_PULLBACK,LONDON/VOLATILE_EXPANSION/NORMAL/BTC_NEUTRAL,50,0,50,0,0.0,-1.0,-6.274673684210524,-1.0,NEGATIVE,0.0,2026-07-19T09:47:18.294659+00:00
MOVER_TREND_PULLBACK,OVERLAP/DISTRIBUTION/EXPANDED/BTC_FALLING,50,0,50,0,0.0,-1.0,-2.848384674329497,-1.0,NEGATIVE,0.0,2026-07-13T16:53:42.231201+00:00
MOVER_TREND_PULLBACK,ASIA/RANGE/EXPANDED/BTC_NEUTRAL,50,0,50,0,0.0,-1.0,-3.0000000000000004,-1.0,NEGATIVE,0.0,2026-07-22T07:42:20.135242+00:00
MOVER_TREND_PULLBACK,ASIA/RANGE/NORMAL/BTC_RISING,50,0,50,0,0.0,-1.0,-2.523311713823052,-1.0,NEGATIVE,0.0,2026-07-21T05:52:51.734763+00:00
MOVER_TREND_PULLBACK,NY/DISTRIBUTION/NORMAL/BTC_RISING,50,0,50,0,0.0,-1.0,-4.053040170895647,-1.0,NEGATIVE,0.0,2026-07-18T22:29:46.614826+00:00
MOVER_TREND_PULLBACK,OVERLAP/RANGE/EXPANDED/BTC_FALLING,18,0,18,0,0.0,-1.0,-2.3060759046314288,-1.0,NEGATIVE,0.0,2026-07-17T16:39:27.084033+00:00
MOVER_TREND_PULLBACK,LONDON/RANGE/EXPANDED/BTC_NEUTRAL,50,0,50,0,0.0,-1.0,-3.0000000000000115,-1.0,NEGATIVE,0.0,2026-07-18T11:11:27.025111+00:00
MOVER_TREND_PULLBACK,OVERLAP/VOLATILE_EXPANSION/EXPANDED/BTC_NEUTRAL,28,0,28,0,0.0,-1.0,-1.4471994778711585,-1.0,NEGATIVE,0.0,2026-07-18T14:14:23.168917+00:00
MOVER_TREND_PULLBACK,NY/DISTRIBUTION/EXPANDED/BTC_RISING,50,0,50,0,0.0,-1.0,-1.7564632829392113,-1.0,NEGATIVE,0.0,2026-07-20T17:17:48.482779+00:00
MOVER_TREND_PULLBACK,NY/VOLATILE_EXPANSION/CASCADE/BTC_RISING,32,0,32,0,0.0,-1.0,-2.37382165677789,-1.0,NEGATIVE,0.0,2026-07-20T17:22:57.897465+00:00
MOVER_TREND_PULLBACK,OFF_HOURS/MARKDOWN/COMPRESSED/BTC_RISING,50,0,50,0,0.0,-1.0,-1.6628091119503055,-1.0,NEGATIVE,0.0,2026-07-19T01:01:51.327362+00:00
MOVER_TREND_PULLBACK,OVERLAP/DISTRIBUTION/NORMAL/BTC_NEUTRAL/MAJOR,50,0,50,0,0.0,-1.0,-2.3112081317804494,-1.0,NEGATIVE,0.0,2026-07-20T14:13:14.188479+00:00
MOVER_TREND_PULLBACK,NY/DISTRIBUTION/EXPANDED/BTC_RISING/MAJOR,47,0,47,0,0.0,-1.0,-1.6098732688143322,-1.0,NEGATIVE,0.0,2026-07-20T17:17:48.482795+00:00
MOVER_TREND_PULLBACK,ASIA/RANGE/NORMAL/BTC_RISING/ALTCOIN,50,0,50,0,0.0,-1.0,-2.523311713823052,-1.0,NEGATIVE,0.0,2026-07-21T05:52:51.734773+00:00
MOVER_TREND_PULLBACK,LONDON/QUIET/NORMAL/BTC_RISING,50,0,50,0,0.0,-1.0,-0.6430102110867588,-1.0,NEGATIVE,0.0,2026-07-21T12:53:23.931206+00:00
MOVER_TREND_PULLBACK,LONDON/QUIET/NORMAL/BTC_RISING/MIDCAP,50,0,50,0,0.0,-1.0,-0.6430102110867588,-1.0,NEGATIVE,0.0,2026-07-21T12:53:23.931263+00:00
MOVER_TREND_PULLBACK,LONDON/QUIET/EXPANDED/BTC_RISING,50,0,50,0,0.0,-1.0,-1.0312419825072987,-1.0,NEGATIVE,0.0,2026-07-21T09:42:25.249219+00:00
MOVER_TREND_PULLBACK,LONDON/QUIET/EXPANDED/BTC_RISING/MIDCAP,50,0,50,0,0.0,-1.0,-1.0312419825072987,-1.0,NEGATIVE,0.0,2026-07-21T09:42:25.249228+00:00
MOVER_TREND_PULLBACK,ASIA/DISTRIBUTION/EXPANDED/BTC_NEUTRAL/MIDCAP,23,0,23,0,0.0,-1.0,-1.2670155650035375,-1.0,NEGATIVE,0.0,2026-07-22T05:44:18.136357+00:00
MOVER_TREND_PULLBACK,ASIA/RANGE/EXPANDED/BTC_NEUTRAL/ALTCOIN,50,0,50,0,0.0,-1.0,-3.0000000000000004,-1.0,NEGATIVE,0.0,2026-07-22T07:42:20.135255+00:00
MOVER_TREND_PULLBACK,NY/MARKUP/EXPANDED/BTC_NEUTRAL/MIDCAP,37,0,37,0,0.0,-1.0110675786351466,-2.2394063890601883,-1.0110675786351466,NEGATIVE,0.0,2026-07-22T18:05:55.162195+00:00
MOVER_TREND_PULLBACK,OVERLAP/DISTRIBUTION/NORMAL/BTC_NEUTRAL/MIDCAP,43,0,43,0,0.0,-1.0191944551667282,-1.2259483062057057,-1.0191944551667282,NEGATIVE,0.0,2026-07-22T14:48:42.438993+00:00
MOVER_TREND_PULLBACK,LONDON/DISTRIBUTION/NORMAL/BTC_NEUTRAL/MIDCAP,27,0,27,0,0.0,-1.0516864314609278,-1.3806556898303897,-1.0516864314609278,NEGATIVE,0.0,2026-07-22T12:23:10.345780+00:00
MOVER_TREND_PULLBACK,LONDON/QUIET/COMPRESSED/BTC_NEUTRAL,50,0,50,0,0.0,-1.0521776720463847,-1.9442385973341678,-1.0521776720463847,NEGATIVE,0.0,2026-07-23T12:44:47.453812+00:00
MOVER_TREND_PULLBACK,LONDON/MARKUP/COMPRESSED/BTC_NEUTRAL,50,0,50,0,0.0,-1.0529011516055342,-3.030237257818011,-1.0529011516055342,NEGATIVE,0.0,2026-07-23T09:39:51.191338+00:00
MOVER_TREND_PULLBACK,LONDON/MARKUP/COMPRESSED/BTC_NEUTRAL/ALTCOIN,50,0,50,0,0.0,-1.0529011516055342,-3.030237257818011,-1.0529011516055342,NEGATIVE,0.0,2026-07-23T09:39:51.191352+00:00
MOVER_TREND_PULLBACK,LONDON/QUIET/COMPRESSED/BTC_NEUTRAL/ALTCOIN,50,0,50,0,0.0,-1.06322651009024,-2.6098072031506927,-1.06322651009024,NEGATIVE,0.0,2026-07-23T11:04:49.907388+00:00
MOVER_TREND_PULLBACK,NY/MARKUP/COMPRESSED/BTC_NEUTRAL,50,0,50,0,0.0,-1.0699655520857905,-2.431663519726305,-1.0699655520857905,NEGATIVE,0.0,2026-07-23T22:06:35.680049+00:00
MOVER_TREND_PULLBACK,NY/MARKUP/COMPRESSED/BTC_NEUTRAL/ALTCOIN,50,0,50,0,0.0,-1.0699655520857905,-2.431663519726305,-1.0699655520857905,NEGATIVE,0.0,2026-07-23T22:06:35.680059+00:00
MOVER_TREND_PULLBACK,OVERLAP/QUIET/NORMAL/BTC_NEUTRAL,33,0,33,0,0.0,-1.0770749531559205,-1.4745872120944064,-1.0770749531559205,NEGATIVE,0.0,2026-07-22T14:17:32.336031+00:00
MOVER_TREND_PULLBACK,ASIA/MARKUP/COMPRESSED/BTC_NEUTRAL,50,0,50,0,0.0,-1.0780405247732625,-2.072078310413842,-1.0780405247732625,NEGATIVE,0.0,2026-07-23T08:00:56.646652+00:00
MOVER_TREND_PULLBACK,ASIA/MARKUP/COMPRESSED/BTC_NEUTRAL/ALTCOIN,50,0,50,0,0.0,-1.0780405247732625,-2.072078310413842,-1.0780405247732625,NEGATIVE,0.0,2026-07-23T08:00:56.646665+00:00
MOVER_TREND_PULLBACK,LONDON/QUIET/NORMAL/BTC_NEUTRAL/MIDCAP,50,0,50,0,0.0,-1.0927320494986827,-1.408727661869006,-1.0927320494986827,NEGATIVE,0.0,2026-07-22T12:43:58.714637+00:00
MOVER_TREND_PULLBACK,LONDON/QUIET/NORMAL/BTC_NEUTRAL,50,0,50,0,0.0,-1.1190185109594686,-1.4473050445018898,-1.1190185109594686,NEGATIVE,0.0,2026-07-22T13:04:47.302532+00:00
MOVER_TREND_PULLBACK,LONDON/QUIET/NORMAL/BTC_NEUTRAL/ALTCOIN,26,0,26,0,0.0,-1.1252614116748632,-1.3823999444487238,-1.1252614116748632,NEGATIVE,0.0,2026-07-22T13:04:47.302571+00:00
MOVER_TREND_PULLBACK,OVERLAP/DISTRIBUTION/EXPANDED/BTC_NEUTRAL/MIDCAP,23,0,23,0,0.0,-1.1328381926792443,-1.2795243615572418,-1.1328381926792443,NEGATIVE,0.0,2026-07-22T16:32:48.204972+00:00
MOVER_TREND_PULLBACK,ASIA/MARKUP/EXPANDED/BTC_FALLING,1,1,0,0,1.0,0.6599471811303388,3.9608937070333243,,INSUFFICIENT_DATA,0.9285185950413244,2026-07-13T04:05:37.180329+00:00
MOVER_TREND_PULLBACK,LONDON/VOLATILE_EXPANSION/COMPRESSED/BTC_FALLING,1,0,1,0,0.0,-1.0,-3.103749467405188,,INSUFFICIENT_DATA,0.0,2026-07-13T09:03:16.402428+00:00
MOVER_TREND_PULLBACK,LONDON/MARKUP/CASCADE/BTC_FALLING,8,0,8,0,0.0,-1.0,-0.9792957119806418,,INSUFFICIENT_DATA,0.0,2026-07-13T13:01:32.366422+00:00
MOVER_TREND_PULLBACK,OVERLAP/QUIET/NORMAL/BTC_FALLING,6,0,6,0,1.0,0.7130560154711021,1.0142857142857105,,INSUFFICIENT_DATA,1.0,2026-07-13T13:31:47.324807+00:00
MOVER_TREND_PULLBACK,NY/MARKUP/NORMAL/BTC_FALLING,1,0,1,0,0.0,-1.0,-3.000000000000005,,INSUFFICIENT_DATA,0.0,2026-07-13T19:34:55.356463+00:00
MOVER_TREND_PULLBACK,NY/MARKDOWN/COMPRESSED/BTC_FALLING,12,0,12,0,1.0,0.21704483650521453,0.6511345095156437,,INSUFFICIENT_DATA,1.0,2026-07-13T21:26:06.393097+00:00
MOVER_TREND_PULLBACK,NY/DISTRIBUTION/EXPANDED/BTC_FALLING,1,1,0,0,1.0,0.38989867502346487,3.8664943213685006,,INSUFFICIENT_DATA,0.9671660178170606,2026-07-13T20:55:23.580523+00:00
MOVER_TREND_PULLBACK,OFF_HOURS/QUIET/NORMAL/BTC_FALLING,6,0,6,0,0.0,-0.11719939473970586,-0.15714285714285464,,INSUFFICIENT_DATA,0.0,2026-07-13T23:11:52.333359+00:00
MOVER_TREND_PULLBACK,OFF_HOURS/ACCUMULATION/NORMAL/BTC_FALLING,4,0,4,0,0.0,-1.0,-3.103749467405188,,INSUFFICIENT_DATA,0.0,2026-07-14T00:27:24.940048+00:00
MOVER_TREND_PULLBACK,ASIA/RANGE/EXPANDED/BTC_RISING,11,0,11,0,0.0,-1.0,-2.999999999999991,,INSUFFICIENT_DATA,0.0,2026-07-15T07:40:44.513819+00:00
MOVER_TREND_PULLBACK,OVERLAP/MARKUP/COMPRESSED/BTC_RISING,13,0,13,0,0.7692307692307693,0.3147792759932951,0.5921596329078026,,INSUFFICIENT_DATA,1.0,2026-07-21T14:33:28.490568+00:00
MOVER_TREND_PULLBACK,NY/QUIET/EXPANDED/BTC_RISING,6,0,6,0,1.0,1.3259110126837168,1.7781659999999995,,INSUFFICIENT_DATA,1.0,2026-07-15T17:34:00.559994+00:00
MOVER_TREND_PULLBACK,LONDON/VOLATILE_EXPANSION/COMPRESSED/BTC_NEUTRAL,2,0,2,0,1.0,0.9692811857379833,2.9078435572139396,,INSUFFICIENT_DATA,1.0,2026-07-16T13:01:50.297688+00:00
MOVER_TREND_PULLBACK,ASIA/MARKUP/NORMAL/BTC_FALLING,1,0,1,0,1.0,0.13985122192580027,0.26526696015351553,,INSUFFICIENT_DATA,1.0,2026-07-17T05:21:54.567640+00:00
MOVER_TREND_PULLBACK,OVERLAP/MARKUP/NORMAL/BTC_FALLING,1,1,0,0,1.0,1.9409323018296687,3.9553800000000034,,INSUFFICIENT_DATA,0.8021417717453294,2026-07-17T13:40:25.081265+00:00
MOVER_TREND_PULLBACK,OVERLAP/VOLATILE_EXPANSION/NORMAL/BTC_FALLING,1,1,0,0,0.0,-1.000000000000005,-2.392580287929132,,INSUFFICIENT_DATA,-4.704976804046622,2026-07-17T16:13:39.761733+00:00
MOVER_TREND_PULLBACK,ASIA/VOLATILE_EXPANSION/CASCADE/BTC_RISING,11,0,11,0,0.0,-1.0,-1.8780791822975984,,INSUFFICIENT_DATA,0.0,2026-07-21T05:11:59.545546+00:00
MOVER_TREND_PULLBACK,ASIA/MARKUP/COMPRESSED/BTC_RISING,1,0,1,0,1.0,0.6513325639385956,0.8781558726673931,,INSUFFICIENT_DATA,1.0,2026-07-19T02:58:21.556097+00:00
MOVER_TREND_PULLBACK,ASIA/VOLATILE_EXPANSION/COMPRESSED/BTC_NEUTRAL,5,0,5,0,0.0,-0.20053991515619157,-0.8127963319960487,,INSUFFICIENT_DATA,0.0,2026-07-19T06:36:35.287956+00:00
MOVER_TREND_PULLBACK,OVERLAP/RANGE/NORMAL/BTC_NEUTRAL/ALTCOIN,11,0,11,0,0.0,-1.0,-1.6334674521123183,,INSUFFICIENT_DATA,0.0,2026-07-19T15:31:34.650685+00:00
MOVER_TREND_PULLBACK,NY/RANGE/NORMAL/BTC_NEUTRAL/ALTCOIN,12,0,12,0,0.0,-1.0,-3.000000000000005,,INSUFFICIENT_DATA,0.0,2026-07-19T17:52:16.153049+00:00
MOVER_TREND_PULLBACK,NY/RANGE/EXPANDED/BTC_NEUTRAL/ALTCOIN,13,0,13,0,0.0,-1.0,-3.000000000000005,,INSUFFICIENT_DATA,0.0,2026-07-19T17:52:16.155380+00:00
MOVER_TREND_PULLBACK,NY/RANGE/EXPANDED/BTC_NEUTRAL/MIDCAP,2,0,2,0,0.0,-0.48496266834135743,-1.4548880050240762,,INSUFFICIENT_DATA,0.0,2026-07-19T18:12:31.896798+00:00
MOVER_TREND_PULLBACK,ASIA/MARKDOWN/EXPANDED/BTC_NEUTRAL/MIDCAP,1,0,1,0,1.0,0.6219347405857703,1.8292198252522627,,INSUFFICIENT_DATA,1.0,2026-07-20T01:30:17.971195+00:00
MOVER_TREND_PULLBACK,ASIA/VOLATILE_EXPANSION/CASCADE/BTC_NEUTRAL/ALTCOIN,6,1,5,0,0.0,-0.844310814761854,-0.45287559523809723,,INSUFFICIENT_DATA,-0.1025131578947379,2026-07-20T03:06:55.062253+00:00
MOVER_TREND_PULLBACK,LONDON/VOLATILE_EXPANSION/CASCADE/BTC_NEUTRAL/ALTCOIN,2,2,0,0,0.5,-0.09641970880083628,-0.59600951439881,,INSUFFICIENT_DATA,-0.22197363944481374,2026-07-20T10:28:43.299715+00:00
MOVER_TREND_PULLBACK,OVERLAP/MARKDOWN/CASCADE/BTC_NEUTRAL/ALTCOIN,12,0,12,0,1.0,0.6029973920125102,1.7943393394116287,,INSUFFICIENT_DATA,1.0,2026-07-20T15:50:29.845461+00:00
MOVER_TREND_PULLBACK,OVERLAP/RANGE/EXPANDED/BTC_NEUTRAL/MIDCAP,2,0,2,0,1.0,1.3172358376858124,2.3258225053380643,,INSUFFICIENT_DATA,1.0,2026-07-20T16:16:22.372867+00:00
MOVER_TREND_PULLBACK,NY/VOLATILE_EXPANSION/CASCADE/BTC_RISING/ALTCOIN,1,0,1,0,0.0,-1.0,-0.4946304808541345,,INSUFFICIENT_DATA,0.0,2026-07-20T17:22:57.897477+00:00
MOVER_TREND_PULLBACK,NY/MARKDOWN/COMPRESSED/BTC_RISING/ALTCOIN,3,0,3,0,1.0,0.6641164336744935,1.3937590547196823,,INSUFFICIENT_DATA,1.0,2026-07-21T22:03:21.544022+00:00
MOVER_TREND_PULLBACK,OFF_HOURS/MARKUP/CASCADE/BTC_NEUTRAL,1,1,0,0,0.0,-1.0,-2.129683475949155,,INSUFFICIENT_DATA,-13.599469496022191,2026-07-21T00:00:59.771620+00:00
MOVER_TREND_PULLBACK,OFF_HOURS/MARKUP/CASCADE/BTC_NEUTRAL/ALTCOIN,1,1,0,0,0.0,-1.0,-2.129683475949155,,INSUFFICIENT_DATA,-13.599469496022191,2026-07-21T00:01:00.946355+00:00
MOVER_TREND_PULLBACK,OFF_HOURS/ACCUMULATION/NORMAL/BTC_NEUTRAL,6,0,6,0,0.3333333333333333,-0.0944925096541958,-0.2855975069766507,,INSUFFICIENT_DATA,0.8645312499999992,2026-07-24T00:06:36.295676+00:00
MOVER_TREND_PULLBACK,OFF_HOURS/ACCUMULATION/NORMAL/BTC_NEUTRAL/ALTCOIN,4,0,4,0,0.0,-0.30234315948601714,-0.9070294784580524,,INSUFFICIENT_DATA,0.0,2026-07-21T00:07:58.328293+00:00
MOVER_TREND_PULLBACK,ASIA/MARKUP/CASCADE/BTC_RISING,10,0,10,0,0.0,-1.0,-2.999999999999994,,INSUFFICIENT_DATA,0.0,2026-07-21T05:11:59.548590+00:00
MOVER_TREND_PULLBACK,ASIA/MARKUP/CASCADE/BTC_RISING/ALTCOIN,10,0,10,0,0.0,-1.0,-2.999999999999994,,INSUFFICIENT_DATA,0.0,2026-07-21T05:11:59.548605+00:00
MOVER_TREND_PULLBACK,ASIA/VOLATILE_EXPANSION/CASCADE/BTC_RISING/ALTCOIN,6,0,6,0,0.0,-1.0,-2.9999999999999916,,INSUFFICIENT_DATA,0.0,2026-07-21T05:11:59.545553+00:00
MOVER_TREND_PULLBACK,LONDON/MARKUP/COMPRESSED/BTC_RISING,13,0,13,0,0.5384615384615384,0.07184543631337287,0.05901297006787331,,INSUFFICIENT_DATA,1.0,2026-07-21T13:03:48.151966+00:00
MOVER_TREND_PULLBACK,LONDON/MARKUP/COMPRESSED/BTC_RISING/ALTCOIN,13,0,13,0,0.5384615384615384,0.07184543631337287,0.05901297006787331,,INSUFFICIENT_DATA,1.0,2026-07-21T13:03:48.151974+00:00
MOVER_TREND_PULLBACK,LONDON/MARKDOWN/CASCADE/BTC_RISING,4,0,4,0,1.0,1.3055328212849946,2.209149266441706,,INSUFFICIENT_DATA,1.0,2026-07-21T10:18:20.940852+00:00
MOVER_TREND_PULLBACK,LONDON/MARKDOWN/CASCADE/BTC_RISING/ALTCOIN,4,0,4,0,1.0,1.3055328212849946,2.209149266441706,,INSUFFICIENT_DATA,1.0,2026-07-21T10:18:20.940861+00:00
MOVER_TREND_PULLBACK,LONDON/DISTRIBUTION/NORMAL/BTC_RISING,6,0,6,0,0.16666666666666666,-0.7611111111111114,-1.2420352452642425,,INSUFFICIENT_DATA,1.0,2026-07-21T10:54:00.561787+00:00
MOVER_TREND_PULLBACK,LONDON/DISTRIBUTION/NORMAL/BTC_RISING/ALTCOIN,6,0,6,0,0.16666666666666666,-0.7611111111111114,-1.2420352452642425,,INSUFFICIENT_DATA,1.0,2026-07-21T10:54:00.561798+00:00
MOVER_TREND_PULLBACK,LONDON/QUIET/COMPRESSED/BTC_RISING/ALTCOIN,7,0,7,0,1.0,0.14761904761905104,0.2220948559965665,,INSUFFICIENT_DATA,1.0,2026-07-21T10:54:00.561337+00:00
MOVER_TREND_PULLBACK,OVERLAP/MARKUP/COMPRESSED/BTC_RISING/ALTCOIN,11,0,11,0,0.7272727272727273,0.2650097315987147,0.3788186006200471,,INSUFFICIENT_DATA,1.0,2026-07-21T14:33:28.490579+00:00
MOVER_TREND_PULLBACK,OVERLAP/QUIET/COMPRESSED/BTC_RISING/MIDCAP,5,0,5,0,0.0,-1.0,-1.0752305860729934,,INSUFFICIENT_DATA,0.0,2026-07-21T13:34:59.546579+00:00
MOVER_TREND_PULLBACK,OVERLAP/QUIET/NORMAL/BTC_RISING,9,0,9,0,0.0,-1.0,-1.1667460522909565,,INSUFFICIENT_DATA,0.0,2026-07-21T13:29:53.509329+00:00
MOVER_TREND_PULLBACK,OVERLAP/QUIET/NORMAL/BTC_RISING/MIDCAP,9,0,9,0,0.0,-1.0,-1.1667460522909565,,INSUFFICIENT_DATA,0.0,2026-07-21T13:29:53.509338+00:00
MOVER_TREND_PULLBACK,OVERLAP/DISTRIBUTION/EXPANDED/BTC_RISING/ALTCOIN,1,1,0,0,0.0,0.0,0.0,,INSUFFICIENT_DATA,0.0,2026-07-21T13:35:11.750173+00:00
MOVER_TREND_PULLBACK,OVERLAP/MARKUP/EXPANDED/BTC_RISING/ALTCOIN,12,0,12,0,0.9166666666666666,1.2019299360566895,1.6116617057422333,,INSUFFICIENT_DATA,1.0,2026-07-21T13:50:58.399662+00:00
MOVER_TREND_PULLBACK,OVERLAP/MARKDOWN/EXPANDED/BTC_RISING/ALTCOIN,13,0,13,0,0.0,-0.25882449639427485,-0.7750758369022939,,INSUFFICIENT_DATA,0.0,2026-07-21T13:56:16.457232+00:00
MOVER_TREND_PULLBACK,OVERLAP/VOLATILE_EXPANSION/CASCADE/BTC_RISING/ALTCOIN,5,1,4,0,0.8,0.13461277002119826,0.40307101727447375,,INSUFFICIENT_DATA,0.5216114262961409,2026-07-21T17:55:18.764134+00:00
MOVER_TREND_PULLBACK,OVERLAP/RANGE/EXPANDED/BTC_RISING,7,0,7,0,0.0,-1.0,-2.999999999999999,,INSUFFICIENT_DATA,0.0,2026-07-21T15:31:15.506647+00:00
MOVER_TREND_PULLBACK,OVERLAP/RANGE/EXPANDED/BTC_RISING/ALTCOIN,7,0,7,0,0.0,-1.0,-2.999999999999999,,INSUFFICIENT_DATA,0.0,2026-07-21T15:31:15.506672+00:00
MOVER_TREND_PULLBACK,NY/MARKDOWN/NORMAL/BTC_NEUTRAL/ALTCOIN,13,1,12,0,0.5384615384615384,-0.02128589885303689,-0.06558431321129574,,INSUFFICIENT_DATA,0.6387378204942835,2026-07-23T18:27:18.931040+00:00
MOVER_TREND_PULLBACK,NY/MARKUP/EXPANDED/BTC_RISING,5,0,5,0,0.0,-0.5876089442757407,-1.146594844170831,,INSUFFICIENT_DATA,0.0,2026-07-21T22:23:57.977951+00:00
MOVER_TREND_PULLBACK,NY/MARKUP/EXPANDED/BTC_RISING/ALTCOIN,5,0,5,0,0.0,-0.5876089442757407,-1.146594844170831,,INSUFFICIENT_DATA,0.0,2026-07-21T22:23:57.977966+00:00
MOVER_TREND_PULLBACK,ASIA/MARKDOWN/COMPRESSED/BTC_RISING/ALTCOIN,13,0,13,0,1.0,0.41995969976615866,0.705853501139831,,INSUFFICIENT_DATA,1.0,2026-07-22T01:13:03.924419+00:00
MOVER_TREND_PULLBACK,ASIA/DISTRIBUTION/EXPANDED/BTC_RISING,14,0,14,0,0.0,-1.0,-1.208024118375796,,INSUFFICIENT_DATA,0.0,2026-07-22T03:26:17.393816+00:00
MOVER_TREND_PULLBACK,ASIA/DISTRIBUTION/EXPANDED/BTC_RISING/MIDCAP,14,0,14,0,0.0,-1.0,-1.208024118375796,,INSUFFICIENT_DATA,0.0,2026-07-22T03:26:17.393828+00:00
MOVER_TREND_PULLBACK,ASIA/QUIET/EXPANDED/BTC_RISING,7,0,7,0,0.0,-1.0,-1.526018843977661,,INSUFFICIENT_DATA,0.0,2026-07-22T04:02:03.403989+00:00
MOVER_TREND_PULLBACK,ASIA/QUIET/EXPANDED/BTC_RISING/MIDCAP,7,0,7,0,0.0,-1.0,-1.526018843977661,,INSUFFICIENT_DATA,0.0,2026-07-22T04:02:03.404000+00:00
MOVER_TREND_PULLBACK,ASIA/QUIET/NORMAL/BTC_NEUTRAL/MIDCAP,7,0,7,0,0.0,-1.0,-1.5877182704041946,,INSUFFICIENT_DATA,0.0,2026-07-22T04:12:23.809535+00:00
MOVER_TREND_PULLBACK,ASIA/QUIET/EXPANDED/BTC_NEUTRAL,2,0,2,0,0.0,-1.0,-1.74647899559926,,INSUFFICIENT_DATA,0.0,2026-07-22T04:17:31.435179+00:00
MOVER_TREND_PULLBACK,ASIA/QUIET/EXPANDED/BTC_NEUTRAL/MIDCAP,2,0,2,0,0.0,-1.0,-1.74647899559926,,INSUFFICIENT_DATA,0.0,2026-07-22T04:17:31.435188+00:00
MOVER_TREND_PULLBACK,LONDON/MARKDOWN/NORMAL/BTC_NEUTRAL/ALTCOIN,4,0,4,0,0.0,-0.571610495764972,-1.8666344294003983,,INSUFFICIENT_DATA,0.0,2026-07-22T12:38:46.489032+00:00
MOVER_TREND_PULLBACK,OVERLAP/QUIET/NORMAL/BTC_NEUTRAL/ALTCOIN,10,0,10,0,0.0,-1.15794748665316,-1.0996828901704974,,INSUFFICIENT_DATA,0.0,2026-07-22T13:09:54.822005+00:00
MOVER_TREND_PULLBACK,OVERLAP/QUIET/NORMAL/BTC_NEUTRAL/MIDCAP,9,0,9,0,0.0,-1.1071109541793085,-1.5505259612563629,,INSUFFICIENT_DATA,0.0,2026-07-22T14:17:32.336040+00:00
MOVER_TREND_PULLBACK,OVERLAP/VOLATILE_EXPANSION/CASCADE/BTC_NEUTRAL/MIDCAP,2,0,2,0,0.0,-0.5339461940055004,-1.0560315816722765,,INSUFFICIENT_DATA,0.0,2026-07-22T15:40:54.517299+00:00
MOVER_TREND_PULLBACK,OVERLAP/QUIET/EXPANDED/BTC_NEUTRAL,3,0,3,0,0.0,-1.0899075637830762,-1.8183802083872667,,INSUFFICIENT_DATA,0.0,2026-07-22T17:03:59.016905+00:00
MOVER_TREND_PULLBACK,OVERLAP/QUIET/EXPANDED/BTC_NEUTRAL/MIDCAP,3,0,3,0,0.0,-1.0899075637830762,-1.8183802083872667,,INSUFFICIENT_DATA,0.0,2026-07-22T17:03:59.016921+00:00
MOVER_TREND_PULLBACK,ASIA/ACCUMULATION/NORMAL/BTC_NEUTRAL/ALTCOIN,7,0,7,0,0.0,-0.24959806511506422,-0.7487941953451955,,INSUFFICIENT_DATA,0.0,2026-07-23T03:42:26.115369+00:00
MOVER_TREND_PULLBACK,ASIA/DISTRIBUTION/EXPANDED/BTC_NEUTRAL/ALTCOIN,1,1,0,0,0.0,-0.023198111536210316,0.0,,INSUFFICIENT_DATA,0.0,2026-07-23T04:26:26.987057+00:00
MOVER_TREND_PULLBACK,LONDON/MARKDOWN/EXPANDED/BTC_NEUTRAL/ALTCOIN,1,1,0,0,0.0,-0.5372063565939598,-1.6765717191500582,,INSUFFICIENT_DATA,-22.676874406483215,2026-07-23T09:44:11.329337+00:00
MOVER_TREND_PULLBACK,OVERLAP/MARKDOWN/EXPANDED/BTC_NEUTRAL/ALTCOIN,4,0,4,0,0.0,-1.0799025433800808,-2.0272869254796944,,INSUFFICIENT_DATA,0.0,2026-07-23T15:07:33.319501+00:00
MOVER_TREND_PULLBACK,NY/ACCUMULATION/EXPANDED/BTC_NEUTRAL/ALTCOIN,1,1,0,0,0.0,-0.02823799780665908,0.0,,INSUFFICIENT_DATA,0.0,2026-07-23T20:26:07.057991+00:00
MOVER_TREND_PULLBACK,OFF_HOURS/ACCUMULATION/NORMAL/BTC_NEUTRAL/MIDCAP,2,0,2,0,1.0,0.32120879000944697,0.9572664359861526,,INSUFFICIENT_DATA,0.8645312499999992,2026-07-24T00:06:36.295690+00:00
MOVER_TREND_PULLBACK,OFF_HOURS/VOLATILE_EXPANSION/NORMAL/BTC_NEUTRAL/MIDCAP,14,0,14,0,1.0,0.6275228254127806,1.5793861664854154,,INSUFFICIENT_DATA,0.913264022283212,2026-07-24T00:58:43.159294+00:00
MOVER_TREND_PULLBACK@ATR,ASIA/MARKUP/NORMAL/BTC_RISING,32,0,0,32,0.90625,0.4899832563986874,1.2744367072294744,0.40803636797775816,STRONG,1.0,2026-07-22T03:51:52.945367+00:00
MOVER_TREND_PULLBACK@ATR,NY/ACCUMULATION/NORMAL/BTC_NEUTRAL,30,0,0,30,0.8333333333333334,0.329052988275314,1.0429469120532955,0.24843485242765345,POSITIVE,1.0,2026-07-23T21:35:24.913370+00:00
MOVER_TREND_PULLBACK@ATR,ASIA/MARKUP/NORMAL/BTC_NEUTRAL,50,0,0,50,0.82,0.30972799659161,0.852439691579772,0.24384797600470987,POSITIVE,0.9563821100137921,2026-07-23T07:39:51.864559+00:00
MOVER_TREND_PULLBACK@ATR,ASIA/MARKDOWN/NORMAL/BTC_NEUTRAL,26,0,0,26,0.7692307692307693,0.288481590586561,0.9710146251082438,0.19200575322965419,POSITIVE,1.0,2026-07-21T06:33:28.501231+00:00
MOVER_TREND_PULLBACK@ATR,ASIA/QUIET/COMPRESSED/BTC_NEUTRAL,50,0,0,50,0.82,0.23947461121680852,0.702371807539525,0.19118265616723262,POSITIVE,0.9705661939117886,2026-07-23T06:57:58.747658+00:00
MOVER_TREND_PULLBACK@ATR,LONDON/MARKUP/EXPANDED/BTC_RISING,16,0,0,16,0.9375,0.1976690058476102,0.9272864550602462,0.1488886575247433,POSITIVE,1.0,2026-07-21T11:40:36.316671+00:00
MOVER_TREND_PULLBACK@ATR,OVERLAP/MARKUP/NORMAL/BTC_NEUTRAL,25,0,0,25,0.68,0.23147621606681934,0.5079736296758629,0.13404346161562347,POSITIVE,0.9628777764059452,2026-07-23T16:58:35.088240+00:00
MOVER_TREND_PULLBACK@ATR,OVERLAP/ACCUMULATION/NORMAL/BTC_NEUTRAL,24,0,0,24,0.75,0.19877263939140255,0.5050488287000533,0.131812723298081,POSITIVE,0.9744350651547463,2026-07-23T16:47:56.423013+00:00
MOVER_TREND_PULLBACK@ATR,LONDON/MARKDOWN/NORMAL/BTC_NEUTRAL,21,0,0,21,0.7142857142857143,0.18580495011805762,0.2654399790946488,0.09687608739012057,POSITIVE,1.0,2026-07-20T10:58:36.473012+00:00
MOVER_TREND_PULLBACK@ATR,NY/QUIET/COMPRESSED/BTC_RISING,19,0,0,19,0.7894736842105263,0.1517922227767534,0.6125384140964399,0.09395667177485904,POSITIVE,1.0,2026-07-21T22:13:46.235620+00:00
MOVER_TREND_PULLBACK@ATR,OVERLAP/MARKUP/EXPANDED/BTC_NEUTRAL,18,0,0,18,0.7777777777777778,0.14799853989300968,0.6940470181802657,0.08787428572928183,POSITIVE,0.9331419080671762,2026-07-23T14:41:14.039719+00:00
MOVER_TREND_PULLBACK@ATR,NY/VOLATILE_EXPANSION/CASCADE/BTC_NEUTRAL,19,0,0,19,0.7368421052631579,0.18814537225732567,0.6602395566984839,0.06390839716978203,POSITIVE,0.973177922261896,2026-07-22T22:50:47.461511+00:00
MOVER_TREND_PULLBACK@ATR,NY/QUIET/COMPRESSED/BTC_NEUTRAL,38,0,0,38,0.7105263157894737,0.09671420037735001,0.34666914401787413,0.06123327360580001,POSITIVE,0.9791463384107559,2026-07-23T21:35:24.913201+00:00
MOVER_TREND_PULLBACK@ATR,ASIA/DISTRIBUTION/NORMAL/BTC_RISING,24,0,0,24,0.625,0.13254088460522753,0.4845006116060595,0.04777136828779288,FLAT,1.0,2026-07-22T03:41:42.386121+00:00
MOVER_TREND_PULLBACK@ATR,NY/MARKUP/CASCADE/BTC_NEUTRAL,15,0,0,15,0.6666666666666666,0.12572946949160466,0.1541715494751941,0.046875598509288754,FLAT,0.8943162608786664,2026-07-22T18:52:23.254542+00:00
MOVER_TREND_PULLBACK@ATR,ASIA/ACCUMULATION/NORMAL/BTC_NEUTRAL,21,0,0,21,0.7142857142857143,0.10619960605384053,0.14517259563875512,0.02556904344232358,FLAT,0.9806215558253683,2026-07-23T03:42:30.373326+00:00
MOVER_TREND_PULLBACK@ATR,NY/MARKUP/NORMAL/BTC_NEUTRAL,15,0,0,15,0.7333333333333333,0.08381072827048873,0.3037261649709862,0.0020447784268091684,FLAT,0.9448219555256706,2026-07-22T17:29:54.435316+00:00
MOVER_TREND_PULLBACK@ATR,ASIA/MARKDOWN/NORMAL/BTC_FALLING,23,0,0,23,0.6086956521739131,0.02950541869920768,0.067023329064223,-0.02981247848188681,FLAT,1.0,2026-07-17T07:55:42.261118+00:00
MOVER_TREND_PULLBACK@ATR,OVERLAP/MARKUP/CASCADE/BTC_NEUTRAL,20,0,0,20,0.55,0.021535050087322014,0.2226964152497591,-0.04788501068919508,FLAT,0.9345748090787958,2026-07-22T16:43:14.637166+00:00
MOVER_TREND_PULLBACK@ATR,OFF_HOURS/QUIET/COMPRESSED/BTC_NEUTRAL,17,0,0,17,0.4117647058823529,-0.0016045397769161502,-0.0440314982714631,-0.05051719774901388,NEGATIVE,0.9760535543286545,2026-07-22T23:11:34.857490+00:00
MOVER_TREND_PULLBACK@ATR,NY/DISTRIBUTION/NORMAL/BTC_NEUTRAL,24,0,0,24,0.7083333333333334,-0.009834623343921647,0.02875179442025037,-0.06192994968589835,NEGATIVE,0.9156736780980931,2026-07-23T18:17:19.178266+00:00
MOVER_TREND_PULLBACK@ATR,OVERLAP/MARKDOWN/NORMAL/BTC_NEUTRAL,16,0,0,16,0.375,-0.03995555675316635,-0.20136398770215408,-0.10363270600377436,NEGATIVE,0.9443194061296405,2026-07-22T15:41:01.960955+00:00
MOVER_TREND_PULLBACK@ATR,ASIA/DISTRIBUTION/NORMAL/BTC_NEUTRAL,21,0,0,21,0.42857142857142855,-0.0978175540677592,-0.28240661554745744,-0.11091350973718596,NEGATIVE,0.7100011753066473,2026-07-23T06:06:00.344686+00:00
MOVER_TREND_PULLBACK@ATR,OVERLAP/VOLATILE_EXPANSION/CASCADE/BTC_NEUTRAL,26,0,0,26,0.5,-0.10010400419253046,-0.24754447692241957,-0.1648782997045281,NEGATIVE,1.0,2026-07-22T15:35:48.408952+00:00
MOVER_TREND_PULLBACK@ATR,ASIA/MARKDOWN/COMPRESSED/BTC_FALLING,17,0,0,17,0.35294117647058826,-0.1814122101834304,-0.8580791239538869,-0.23162853043792692,NEGATIVE,1.0,2026-07-17T06:02:35.604567+00:00
MOVER_TREND_PULLBACK@ATR,LONDON/QUIET/COMPRESSED/BTC_NEUTRAL,37,0,0,37,0.4594594594594595,-0.23066148781946655,-0.9316414655140061,-0.2730233636955858,NEGATIVE,0.9764945603248422,2026-07-23T12:39:37.230440+00:00
MOVER_TREND_PULLBACK@ATR,LONDON/MARKUP/NORMAL/BTC_NEUTRAL,26,0,0,26,0.23076923076923078,-0.20136310209385114,-0.5769509882149043,-0.29427349183509255,NEGATIVE,1.0,2026-07-23T09:08:48.060277+00:00
MOVER_TREND_PULLBACK@ATR,LONDON/MARKUP/COMPRESSED/BTC_NEUTRAL,15,0,0,15,0.06666666666666667,-0.3086152749642746,-1.3735248804845344,-0.3138595015560007,NEGATIVE,0.7109999999999939,2026-07-23T11:36:42.677680+00:00
MOVER_TREND_PULLBACK@ATR,OVERLAP/DISTRIBUTION/NORMAL/BTC_NEUTRAL,16,0,0,16,0.4375,-0.37365402169182177,-0.9037514740252073,-0.42207338551535306,NEGATIVE,0.8765848846516165,2026-07-23T14:57:03.214910+00:00
MOVER_TREND_PULLBACK@ATR,LONDON/DISTRIBUTION/NORMAL/BTC_NEUTRAL,20,0,0,20,0.25,-0.4176560764959573,-0.8123204932672451,-0.4613871243032013,NEGATIVE,0.9616380119611586,2026-07-22T12:23:14.316653+00:00
MOVER_TREND_PULLBACK@ATR,LONDON/DISTRIBUTION/EXPANDED/BTC_NEUTRAL,7,0,0,7,0.7142857142857143,0.3323312762745893,0.403664813721252,,INSUFFICIENT_DATA,1.0,2026-07-19T09:06:39.147231+00:00
MOVER_TREND_PULLBACK@ATR,LONDON/RANGE/NORMAL/BTC_NEUTRAL,10,0,0,10,0.7,0.1543850684104841,0.31831245411839226,,INSUFFICIENT_DATA,0.905195249998752,2026-07-23T08:53:11.660844+00:00
MOVER_TREND_PULLBACK@ATR,OVERLAP/RANGE/NORMAL/BTC_NEUTRAL,3,0,0,3,0.3333333333333333,-0.32758198024708346,-1.0287961836840929,,INSUFFICIENT_DATA,1.0,2026-07-20T15:19:43.298767+00:00
MOVER_TREND_PULLBACK@ATR,NY/MARKDOWN/NORMAL/BTC_NEUTRAL,12,0,0,12,0.5,0.07483013378233393,0.38603463743359817,,INSUFFICIENT_DATA,0.9840103051219103,2026-07-23T22:06:38.923499+00:00
MOVER_TREND_PULLBACK@ATR,NY/MARKDOWN/EXPANDED/BTC_NEUTRAL,4,0,0,4,0.5,-0.3168218744541722,-1.1917360698481352,,INSUFFICIENT_DATA,0.8260995452898026,2026-07-23T21:35:24.913522+00:00
MOVER_TREND_PULLBACK@ATR,NY/ACCUMULATION/EXPANDED/BTC_NEUTRAL,3,0,0,3,0.3333333333333333,-0.6305205941216453,-2.386785433494325,,INSUFFICIENT_DATA,1.0,2026-07-16T17:13:14.267093+00:00
MOVER_TREND_PULLBACK@ATR,NY/RANGE/NORMAL/BTC_NEUTRAL,10,0,0,10,0.9,0.3139706340556265,1.2495908012640498,,INSUFFICIENT_DATA,1.0,2026-07-17T22:28:29.750419+00:00
MOVER_TREND_PULLBACK@ATR,OFF_HOURS/MARKUP/NORMAL/BTC_NEUTRAL,3,0,0,3,0.3333333333333333,-0.04878452869392205,-0.24576849345123922,,INSUFFICIENT_DATA,1.0,2026-07-23T23:03:59.188197+00:00
MOVER_TREND_PULLBACK@ATR,OFF_HOURS/RANGE/NORMAL/BTC_NEUTRAL,6,0,0,6,0.6666666666666666,0.28052035036231376,1.2574647942314756,,INSUFFICIENT_DATA,1.0,2026-07-21T00:33:30.027471+00:00
MOVER_TREND_PULLBACK@ATR,ASIA/MARKUP/EXPANDED/BTC_NEUTRAL,5,0,0,5,1.0,0.5035858279916796,1.4385740319603315,,INSUFFICIENT_DATA,0.9795720206492046,2026-07-23T07:34:39.757311+00:00
MOVER_TREND_PULLBACK@ATR,ASIA/QUIET/NORMAL/BTC_NEUTRAL,6,0,0,6,0.6666666666666666,0.18582633291969897,0.4368040260801891,,INSUFFICIENT_DATA,1.0,2026-07-22T04:12:26.987541+00:00
MOVER_TREND_PULLBACK@ATR,ASIA/RANGE/NORMAL/BTC_NEUTRAL,12,0,0,12,0.6666666666666666,0.1135470300369295,0.5278755188411455,,INSUFFICIENT_DATA,1.0,2026-07-21T04:05:38.414385+00:00
MOVER_TREND_PULLBACK@ATR,ASIA/MARKUP/COMPRESSED/BTC_NEUTRAL,12,0,0,12,0.4166666666666667,-0.1873255887726161,-1.1127257375004067,,INSUFFICIENT_DATA,0.978878710225863,2026-07-23T07:55:46.801513+00:00
MOVER_TREND_PULLBACK@ATR,ASIA/ACCUMULATION/EXPANDED/BTC_NEUTRAL,6,0,0,6,0.16666666666666666,-0.037756915653878544,-0.19523067301717578,,INSUFFICIENT_DATA,1.0,2026-07-15T06:59:44.875363+00:00
MOVER_TREND_PULLBACK@ATR,ASIA/MARKDOWN/COMPRESSED/BTC_NEUTRAL,6,0,0,6,0.16666666666666666,-0.137036345284034,-0.3962371321279055,,INSUFFICIENT_DATA,1.0,2026-07-21T04:05:38.414086+00:00
MOVER_TREND_PULLBACK@ATR,ASIA/RANGE/EXPANDED/BTC_NEUTRAL,1,0,0,1,1.0,0.23233146906576455,0.5964326283099026,,INSUFFICIENT_DATA,1.0,2026-07-15T07:04:46.245360+00:00
MOVER_TREND_PULLBACK@ATR,ASIA/MARKUP/EXPANDED/BTC_RISING,5,0,0,5,0.4,0.07740522259356256,-0.04228276071100003,,INSUFFICIENT_DATA,1.0,2026-07-21T07:38:05.589266+00:00
MOVER_TREND_PULLBACK@ATR,ASIA/ACCUMULATION/NORMAL/BTC_RISING,10,0,0,10,0.9,0.3410398366302593,0.9332682238555965,,INSUFFICIENT_DATA,1.0,2026-07-21T05:17:15.726053+00:00
MOVER_TREND_PULLBACK@ATR,ASIA/QUIET/COMPRESSED/BTC_RISING,10,0,0,10,1.0,0.43814912506426723,1.305521941356885,,INSUFFICIENT_DATA,1.0,2026-07-22T01:18:14.248734+00:00
MOVER_TREND_PULLBACK@ATR,ASIA/RANGE/EXPANDED/BTC_RISING,1,0,0,1,0.0,-1.0,-4.329891304347826,,INSUFFICIENT_DATA,0.0,2026-07-15T07:35:36.451707+00:00
MOVER_TREND_PULLBACK@ATR,ASIA/MARKDOWN/COMPRESSED/BTC_RISING,3,0,0,3,0.6666666666666666,0.19909699486556595,0.4820595512533707,,INSUFFICIENT_DATA,1.0,2026-07-22T01:13:08.049259+00:00
MOVER_TREND_PULLBACK@ATR,LONDON/RANGE/EXPANDED/BTC_NEUTRAL,1,0,0,1,1.0,0.14519002781696003,0.5546893693693749,,INSUFFICIENT_DATA,1.0,2026-07-15T08:21:38.406183+00:00
MOVER_TREND_PULLBACK@ATR,LONDON/MARKDOWN/COMPRESSED/BTC_NEUTRAL,11,0,0,11,0.9090909090909091,0.28880053037908054,0.8378104701211565,,INSUFFICIENT_DATA,1.0,2026-07-18T10:09:11.666098+00:00
MOVER_TREND_PULLBACK@ATR,LONDON/QUIET/NORMAL/BTC_NEUTRAL,12,0,0,12,0.16666666666666666,-0.475565873113388,-1.0684412690524334,,INSUFFICIENT_DATA,1.0,2026-07-22T12:54:33.472726+00:00
MOVER_TREND_PULLBACK@ATR,OVERLAP/ACCUMULATION/NORMAL/BTC_RISING,2,0,0,2,1.0,0.2153919423996506,0.6459970483138853,,INSUFFICIENT_DATA,1.0,2026-07-15T14:32:15.567237+00:00
MOVER_TREND_PULLBACK@ATR,OVERLAP/RANGE/EXPANDED/BTC_RISING,2,0,0,2,0.0,-0.6433332138889885,-2.7804396684865362,,INSUFFICIENT_DATA,0.0,2026-07-21T15:26:11.076543+00:00
MOVER_TREND_PULLBACK@ATR,OVERLAP/MARKUP/COMPRESSED/BTC_RISING,3,0,0,3,0.6666666666666666,0.24243034192497334,0.7949368004209268,,INSUFFICIENT_DATA,1.0,2026-07-21T14:28:09.707775+00:00
MOVER_TREND_PULLBACK@ATR,OVERLAP/MARKDOWN/COMPRESSED/BTC_RISING,3,0,0,3,1.0,0.4356069811657473,1.7610307969414896,,INSUFFICIENT_DATA,1.0,2026-07-15T14:52:31.757310+00:00
MOVER_TREND_PULLBACK@ATR,OVERLAP/VOLATILE_EXPANSION/CASCADE/BTC_RISING,14,0,0,14,0.9285714285714286,0.534399393436493,1.4954964093700582,,INSUFFICIENT_DATA,1.0,2026-07-21T16:07:16.012064+00:00
MOVER_TREND_PULLBACK@ATR,OVERLAP/MARKDOWN/CASCADE/BTC_RISING,3,0,0,3,1.0,1.466306073442959,1.403267674454119,,INSUFFICIENT_DATA,1.0,2026-07-15T16:03:02.853462+00:00
MOVER_TREND_PULLBACK@ATR,OVERLAP/DISTRIBUTION/EXPANDED/BTC_RISING,3,0,0,3,0.6666666666666666,-0.06829425482256686,-0.3094602253728075,,INSUFFICIENT_DATA,1.0,2026-07-21T16:48:22.182751+00:00
MOVER_TREND_PULLBACK@ATR,OVERLAP/MARKDOWN/EXPANDED/BTC_RISING,4,0,0,4,1.0,1.3056533473608285,1.3340853538140578,,INSUFFICIENT_DATA,1.0,2026-07-21T13:14:17.963830+00:00
MOVER_TREND_PULLBACK@ATR,OVERLAP/DISTRIBUTION/NORMAL/BTC_RISING,3,0,0,3,0.0,-1.0,-4.197228670528802,,INSUFFICIENT_DATA,0.0,2026-07-15T16:53:34.572668+00:00
MOVER_TREND_PULLBACK@ATR,NY/DISTRIBUTION/NORMAL/BTC_RISING,1,0,0,1,0.0,-1.0,-4.261590296495941,,INSUFFICIENT_DATA,0.0,2026-07-15T17:03:41.820544+00:00
MOVER_TREND_PULLBACK@ATR,NY/MARKDOWN/EXPANDED/BTC_RISING,2,0,0,2,1.0,1.861438399947358,1.7814127500000014,,INSUFFICIENT_DATA,1.0,2026-07-15T17:39:07.945276+00:00
MOVER_TREND_PULLBACK@ATR,NY/QUIET/EXPANDED/BTC_NEUTRAL,1,0,0,1,1.0,1.8569454941004837,1.7771130000000028,,INSUFFICIENT_DATA,1.0,2026-07-15T17:18:49.913901+00:00
MOVER_TREND_PULLBACK@ATR,NY/QUIET/EXPANDED/BTC_RISING,1,0,0,1,1.0,1.8580457975731848,1.7781659999999997,,INSUFFICIENT_DATA,1.0,2026-07-15T17:28:58.020335+00:00
MOVER_TREND_PULLBACK@ATR,NY/MARKUP/COMPRESSED/BTC_NEUTRAL,10,0,0,10,0.7,0.16502925011806086,0.4136078576664327,,INSUFFICIENT_DATA,1.0,2026-07-22T22:45:31.618550+00:00
MOVER_TREND_PULLBACK@ATR,OFF_HOURS/DISTRIBUTION/NORMAL/BTC_NEUTRAL,4,0,0,4,0.25,-0.017503693244801243,-0.19270762199815167,,INSUFFICIENT_DATA,1.0,2026-07-23T00:13:32.802477+00:00
MOVER_TREND_PULLBACK@ATR,LONDON/RANGE/NORMAL/BTC_FALLING,1,0,0,1,0.0,-0.17802909343975307,-0.8677711026154542,,INSUFFICIENT_DATA,0.0,2026-07-16T09:22:46.808073+00:00
MOVER_TREND_PULLBACK@ATR,LONDON/QUIET/COMPRESSED/BTC_FALLING,1,0,0,1,1.0,0.8070695114870046,1.529941410940625,,INSUFFICIENT_DATA,1.0,2026-07-16T09:37:55.388694+00:00
MOVER_TREND_PULLBACK@ATR,LONDON/MARKUP/EXPANDED/BTC_NEUTRAL,11,0,0,11,0.45454545454545453,-0.21036701377380862,-0.4627545190453541,,INSUFFICIENT_DATA,0.9009003802896854,2026-07-23T10:59:41.888536+00:00
MOVER_TREND_PULLBACK@ATR,LONDON/VOLATILE_EXPANSION/CASCADE/BTC_NEUTRAL,10,0,0,10,0.8,0.2776407916684064,0.8610984284656735,,INSUFFICIENT_DATA,1.0,2026-07-22T09:41:05.716273+00:00
MOVER_TREND_PULLBACK@ATR,OVERLAP/MARKDOWN/CASCADE/BTC_NEUTRAL,8,0,0,8,0.625,0.23281026963091442,0.7891536542203509,,INSUFFICIENT_DATA,1.0,2026-07-20T15:40:08.275332+00:00
MOVER_TREND_PULLBACK@ATR,OVERLAP/MARKUP/COMPRESSED/BTC_NEUTRAL,1,0,0,1,1.0,0.2932602919699469,0.5559261730042255,,INSUFFICIENT_DATA,1.0,2026-07-16T14:56:42.730162+00:00
MOVER_TREND_PULLBACK@ATR,OVERLAP/DISTRIBUTION/EXPANDED/BTC_NEUTRAL,12,0,0,12,0.4166666666666667,-0.29121240805366005,-0.7094033855068202,,INSUFFICIENT_DATA,0.9017577415233966,2026-07-23T16:32:02.684671+00:00
MOVER_TREND_PULLBACK@ATR,OVERLAP/MARKDOWN/COMPRESSED/BTC_NEUTRAL,5,0,0,5,0.6,0.02260105707388349,0.09134404264902149,,INSUFFICIENT_DATA,1.0,2026-07-20T16:16:26.173555+00:00
MOVER_TREND_PULLBACK@ATR,OVERLAP/RANGE/EXPANDED/BTC_NEUTRAL,6,0,0,6,0.6666666666666666,0.3427699896079588,1.3191672067370812,,INSUFFICIENT_DATA,0.9836975570789285,2026-07-22T14:33:14.708409+00:00
MOVER_TREND_PULLBACK@ATR,OVERLAP/MARKDOWN/EXPANDED/BTC_NEUTRAL,7,0,0,7,0.7142857142857143,0.07770611201778496,0.21121046634171783,,INSUFFICIENT_DATA,0.96215966853214,2026-07-23T15:02:26.716639+00:00
MOVER_TREND_PULLBACK@ATR,NY/MARKDOWN/COMPRESSED/BTC_NEUTRAL,6,0,0,6,1.0,0.5079188858440414,1.0907758384356787,,INSUFFICIENT_DATA,1.0,2026-07-21T19:54:34.141999+00:00
MOVER_TREND_PULLBACK@ATR,OFF_HOURS/QUIET/COMPRESSED/BTC_FALLING,2,0,0,2,0.0,-0.37323396163508904,-1.4279264025285028,,INSUFFICIENT_DATA,0.0,2026-07-17T00:16:49.524296+00:00
MOVER_TREND_PULLBACK@ATR,OFF_HOURS/MARKDOWN/COMPRESSED/BTC_FALLING,4,0,0,4,0.0,-0.441463490194863,-1.6889603792753132,,INSUFFICIENT_DATA,0.0,2026-07-17T00:57:47.324397+00:00
MOVER_TREND_PULLBACK@ATR,ASIA/QUIET/NORMAL/BTC_FALLING,1,0,0,1,0.0,-0.007376165249702797,-0.028219889378024013,,INSUFFICIENT_DATA,0.0,2026-07-17T02:49:32.657759+00:00
MOVER_TREND_PULLBACK@ATR,ASIA/RANGE/NORMAL/BTC_FALLING,1,0,0,1,1.0,0.6425563598629588,2.7395282106741536,,INSUFFICIENT_DATA,1.0,2026-07-17T05:06:43.217590+00:00
MOVER_TREND_PULLBACK@ATR,ASIA/QUIET/COMPRESSED/BTC_FALLING,1,0,0,1,1.0,0.7235780654363398,3.5109888220339065,,INSUFFICIENT_DATA,1.0,2026-07-17T05:16:52.007433+00:00
MOVER_TREND_PULLBACK@ATR,ASIA/MARKUP/NORMAL/BTC_FALLING,1,0,0,1,1.0,0.06933595334722978,0.26526696015351553,,INSUFFICIENT_DATA,1.0,2026-07-17T05:21:55.414164+00:00
MOVER_TREND_PULLBACK@ATR,ASIA/ACCUMULATION/NORMAL/BTC_FALLING,1,0,0,1,1.0,0.1623448953838493,0.621102542273399,,INSUFFICIENT_DATA,1.0,2026-07-17T05:57:30.412018+00:00
MOVER_TREND_PULLBACK@ATR,LONDON/MARKDOWN/NORMAL/BTC_FALLING,10,0,0,10,0.8,0.2904586454939203,0.9490770882872679,,INSUFFICIENT_DATA,1.0,2026-07-17T12:33:57.190354+00:00
MOVER_TREND_PULLBACK@ATR,LONDON/ACCUMULATION/NORMAL/BTC_FALLING,6,0,0,6,0.6666666666666666,0.022993139407341896,0.31536011535452707,,INSUFFICIENT_DATA,1.0,2026-07-17T10:03:44.542928+00:00
MOVER_TREND_PULLBACK@ATR,LONDON/DISTRIBUTION/NORMAL/BTC_FALLING,5,0,0,5,0.4,0.007461359585800176,0.035754403170006464,,INSUFFICIENT_DATA,1.0,2026-07-17T12:38:59.897964+00:00
MOVER_TREND_PULLBACK@ATR,LONDON/VOLATILE_EXPANSION/CASCADE/BTC_FALLING,5,0,0,5,1.0,0.8277459333170331,3.179864158812605,,INSUFFICIENT_DATA,1.0,2026-07-17T10:54:58.307519+00:00
MOVER_TREND_PULLBACK@ATR,LONDON/DISTRIBUTION/EXPANDED/BTC_FALLING,1,0,0,1,1.0,0.17795526649193724,0.6329372717708988,,INSUFFICIENT_DATA,1.0,2026-07-17T11:26:41.041219+00:00
MOVER_TREND_PULLBACK@ATR,LONDON/MARKDOWN/COMPRESSED/BTC_FALLING,1,0,0,1,1.0,0.2549905289232125,0.7743362831858445,,INSUFFICIENT_DATA,1.0,2026-07-17T12:23:43.877507+00:00
MOVER_TREND_PULLBACK@ATR,LONDON/MARKUP/CASCADE/BTC_FALLING,1,0,0,1,1.0,0.11558307533539773,0.2861230329041496,,INSUFFICIENT_DATA,1.0,2026-07-17T12:33:57.190174+00:00
MOVER_TREND_PULLBACK@ATR,LONDON/MARKUP/NORMAL/BTC_FALLING,1,0,0,1,1.0,0.466762529032263,1.4574490852174093,,INSUFFICIENT_DATA,1.0,2026-07-17T12:44:18.192293+00:00
MOVER_TREND_PULLBACK@ATR,OVERLAP/MARKDOWN/NORMAL/BTC_FALLING,2,0,0,2,1.0,0.3317465109640477,1.1641883638088102,,INSUFFICIENT_DATA,1.0,2026-07-17T13:35:57.555131+00:00
MOVER_TREND_PULLBACK@ATR,OVERLAP/DISTRIBUTION/NORMAL/BTC_FALLING,1,0,0,1,0.0,-0.20870581523969792,-0.8605851979345963,,INSUFFICIENT_DATA,0.0,2026-07-17T13:35:57.554804+00:00
MOVER_TREND_PULLBACK@ATR,OVERLAP/MARKUP/EXPANDED/BTC_FALLING,1,0,0,1,0.0,-0.810379241516968,-2.069950035688796,,INSUFFICIENT_DATA,0.0,2026-07-17T13:41:10.782183+00:00
MOVER_TREND_PULLBACK@ATR,OVERLAP/RANGE/NORMAL/BTC_FALLING,1,0,0,1,1.0,0.1429071066199842,0.3216522769595417,,INSUFFICIENT_DATA,1.0,2026-07-17T14:15:48.797434+00:00
MOVER_TREND_PULLBACK@ATR,OVERLAP/VOLATILE_EXPANSION/CASCADE/BTC_FALLING,2,0,0,2,1.0,0.24906433421378196,0.8090913924745766,,INSUFFICIENT_DATA,1.0,2026-07-17T14:36:31.847598+00:00
MOVER_TREND_PULLBACK@ATR,OVERLAP/ACCUMULATION/NORMAL/BTC_FALLING,1,0,0,1,1.0,0.2827341622771147,1.1328189131505437,,INSUFFICIENT_DATA,1.0,2026-07-17T15:17:22.470612+00:00
MOVER_TREND_PULLBACK@ATR,OVERLAP/RANGE/EXPANDED/BTC_FALLING,1,0,0,1,0.0,-0.41572392987877743,-2.007104795737119,,INSUFFICIENT_DATA,0.0,2026-07-17T16:29:01.772178+00:00
MOVER_TREND_PULLBACK@ATR,NY/MARKUP/EXPANDED/BTC_NEUTRAL,7,0,0,7,0.5714285714285714,0.03750311783909759,0.0022294929769016386,,INSUFFICIENT_DATA,0.9025448742901911,2026-07-23T22:22:20.655852+00:00
MOVER_TREND_PULLBACK@ATR,OFF_HOURS/MARKDOWN/COMPRESSED/BTC_NEUTRAL,8,0,0,8,0.75,0.1591093975507589,0.1024579885910159,,INSUFFICIENT_DATA,1.0,2026-07-22T00:27:08.382030+00:00
MOVER_TREND_PULLBACK@ATR,OFF_HOURS/DISTRIBUTION/EXPANDED/BTC_NEUTRAL,1,0,0,1,1.0,0.4209252275749152,1.1625384039547928,,INSUFFICIENT_DATA,1.0,2026-07-18T00:11:56.400107+00:00
MOVER_TREND_PULLBACK@ATR,OFF_HOURS/MARKDOWN/NORMAL/BTC_NEUTRAL,2,0,0,2,0.5,0.02447799011580376,-0.4202712215030514,,INSUFFICIENT_DATA,1.0,2026-07-21T00:53:52.535967+00:00
MOVER_TREND_PULLBACK@ATR,LONDON/ACCUMULATION/EXPANDED/BTC_NEUTRAL,4,0,0,4,1.0,0.46562545317925136,1.366538509662037,,INSUFFICIENT_DATA,1.0,2026-07-18T10:04:06.932005+00:00
MOVER_TREND_PULLBACK@ATR,LONDON/MARKDOWN/EXPANDED/BTC_NEUTRAL,12,0,0,12,0.8333333333333334,0.3981823199740708,0.5515462227038604,,INSUFFICIENT_DATA,0.9876452530743477,2026-07-23T12:29:00.870901+00:00
MOVER_TREND_PULLBACK@ATR,LONDON/ACCUMULATION/NORMAL/BTC_NEUTRAL,10,0,0,10,0.3,-0.11335439396116567,-0.28186798786495937,,INSUFFICIENT_DATA,0.968925554556155,2026-07-22T11:36:20.365933+00:00
MOVER_TREND_PULLBACK@ATR,LONDON/MARKDOWN/CASCADE/BTC_NEUTRAL,10,0,0,10,0.6,0.014554338409757995,-0.3487980532296566,,INSUFFICIENT_DATA,0.9450245582051181,2026-07-23T12:18:34.122331+00:00
MOVER_TREND_PULLBACK@ATR,OVERLAP/QUIET/COMPRESSED/BTC_NEUTRAL,5,0,0,5,0.8,0.5647604290331509,0.9490151134936585,,INSUFFICIENT_DATA,1.0,2026-07-19T16:45:57.297797+00:00
MOVER_TREND_PULLBACK@ATR,NY/MARKDOWN/NORMAL/BTC_RISING,9,0,0,9,0.4444444444444444,-0.1982149879247656,-0.2727100557332587,,INSUFFICIENT_DATA,1.0,2026-07-21T18:42:34.930925+00:00
MOVER_TREND_PULLBACK@ATR,NY/ACCUMULATION/NORMAL/BTC_RISING,3,0,0,3,0.6666666666666666,0.17305632979198285,0.593624348439353,,INSUFFICIENT_DATA,1.0,2026-07-18T21:02:01.870067+00:00
MOVER_TREND_PULLBACK@ATR,NY/MARKDOWN/COMPRESSED/BTC_RISING,8,0,0,8,0.875,0.24842214342352914,0.7391966130468568,,INSUFFICIENT_DATA,1.0,2026-07-20T19:11:09.720808+00:00
MOVER_TREND_PULLBACK@ATR,OFF_HOURS/QUIET/COMPRESSED/BTC_RISING,14,0,0,14,0.7857142857142857,0.20142880357173532,0.5757017451599072,,INSUFFICIENT_DATA,1.0,2026-07-22T00:57:45.139143+00:00
MOVER_TREND_PULLBACK@ATR,OFF_HOURS/MARKDOWN/COMPRESSED/BTC_RISING,5,0,0,5,0.4,-0.21228261684280425,-0.8303679320258286,,INSUFFICIENT_DATA,1.0,2026-07-19T00:56:49.631226+00:00
MOVER_TREND_PULLBACK@ATR,OFF_HOURS/DISTRIBUTION/EXPANDED/BTC_RISING,1,0,0,1,1.0,0.6537752905737765,1.859927554459511,,INSUFFICIENT_DATA,1.0,2026-07-19T00:21:22.960556+00:00
MOVER_TREND_PULLBACK@ATR,OFF_HOURS/DISTRIBUTION/NORMAL/BTC_RISING,3,0,0,3,1.0,0.30073152041291157,0.833215317322297,,INSUFFICIENT_DATA,1.0,2026-07-22T00:57:45.139331+00:00
MOVER_TREND_PULLBACK@ATR,ASIA/ACCUMULATION/EXPANDED/BTC_RISING,2,0,0,2,1.0,0.4081766231731057,1.3989570987710516,,INSUFFICIENT_DATA,1.0,2026-07-19T01:27:17.320827+00:00
MOVER_TREND_PULLBACK@ATR,ASIA/QUIET/NORMAL/BTC_RISING,7,0,0,7,1.0,0.5747938050268486,1.515821516647767,,INSUFFICIENT_DATA,1.0,2026-07-22T02:39:55.065658+00:00
MOVER_TREND_PULLBACK@ATR,ASIA/VOLATILE_EXPANSION/CASCADE/BTC_RISING,2,0,0,2,1.0,0.5307808634172899,2.3502700382968214,,INSUFFICIENT_DATA,1.0,2026-07-21T05:47:49.166257+00:00
MOVER_TREND_PULLBACK@ATR,ASIA/MARKUP/COMPRESSED/BTC_RISING,2,0,0,2,1.0,0.33391749089354245,0.5933989239880206,,INSUFFICIENT_DATA,1.0,2026-07-21T07:07:12.833933+00:00
MOVER_TREND_PULLBACK@ATR,OVERLAP/ACCUMULATION/EXPANDED/BTC_NEUTRAL,3,0,0,3,0.6666666666666666,-0.02921350727729759,0.08664675631320536,,INSUFFICIENT_DATA,1.0,2026-07-20T16:57:15.326800+00:00
MOVER_TREND_PULLBACK@ATR,ASIA/VOLATILE_EXPANSION/CASCADE/BTC_NEUTRAL,4,0,0,4,0.25,-0.6811169795356029,-2.350459222672846,,INSUFFICIENT_DATA,1.0,2026-07-22T05:13:42.324432+00:00
MOVER_TREND_PULLBACK@ATR,NY/MARKUP/NORMAL/BTC_RISING,1,0,0,1,1.0,0.185737976782754,0.40931184446150015,,INSUFFICIENT_DATA,1.0,2026-07-20T19:00:55.603743+00:00
MOVER_TREND_PULLBACK@ATR,NY/MARKUP/COMPRESSED/BTC_RISING,2,0,0,2,1.0,0.8567704057850705,1.7728140998653639,,INSUFFICIENT_DATA,1.0,2026-07-20T19:31:48.237385+00:00
MOVER_TREND_PULLBACK@ATR,OFF_HOURS/MARKUP/COMPRESSED/BTC_NEUTRAL,6,0,0,6,0.6666666666666666,0.09102939751829803,0.19085723556166465,,INSUFFICIENT_DATA,0.8695975354145592,2026-07-23T00:03:10.119646+00:00
MOVER_TREND_PULLBACK@ATR,OFF_HOURS/ACCUMULATION/NORMAL/BTC_NEUTRAL,1,0,0,1,0.0,-0.32463768115942165,-0.9070294784580524,,INSUFFICIENT_DATA,0.0,2026-07-21T00:08:03.479095+00:00
MOVER_TREND_PULLBACK@ATR,OFF_HOURS/MARKUP/CASCADE/BTC_NEUTRAL,1,0,0,1,0.0,-0.4061984833498206,-1.8114450391107533,,INSUFFICIENT_DATA,0.0,2026-07-21T00:08:03.479304+00:00
MOVER_TREND_PULLBACK@ATR,ASIA/RANGE/NORMAL/BTC_RISING,6,0,0,6,0.0,-1.0,-3.406019713682234,,INSUFFICIENT_DATA,0.0,2026-07-21T05:47:49.166458+00:00
MOVER_TREND_PULLBACK@ATR,ASIA/MARKUP/CASCADE/BTC_RISING,1,0,0,1,0.0,-0.4434757337983138,-2.164631119054706,,INSUFFICIENT_DATA,0.0,2026-07-21T05:06:56.931193+00:00
MOVER_TREND_PULLBACK@ATR,ASIA/MARKDOWN/NORMAL/BTC_RISING,2,0,0,2,1.0,0.4430976049282592,2.093102475069103,,INSUFFICIENT_DATA,1.0,2026-07-21T07:07:12.834033+00:00
MOVER_TREND_PULLBACK@ATR,LONDON/QUIET/COMPRESSED/BTC_RISING,3,0,0,3,0.3333333333333333,-0.1708734772396928,-0.3715824321700902,,INSUFFICIENT_DATA,1.0,2026-07-21T10:48:56.553912+00:00
MOVER_TREND_PULLBACK@ATR,LONDON/QUIET/NORMAL/BTC_RISING,8,0,0,8,0.25,-0.08972123346084687,-0.19933977806943667,,INSUFFICIENT_DATA,1.0,2026-07-21T12:53:29.922639+00:00
MOVER_TREND_PULLBACK@ATR,LONDON/DISTRIBUTION/EXPANDED/BTC_RISING,4,0,0,4,0.75,0.23169835522133095,0.787148755847027,,INSUFFICIENT_DATA,1.0,2026-07-21T11:04:29.706562+00:00
MOVER_TREND_PULLBACK@ATR,LONDON/MARKUP/COMPRESSED/BTC_RISING,3,0,0,3,0.3333333333333333,-0.2295612962724786,-0.3844569216732802,,INSUFFICIENT_DATA,1.0,2026-07-21T09:06:24.753696+00:00
MOVER_TREND_PULLBACK@ATR,LONDON/QUIET/EXPANDED/BTC_RISING,6,0,0,6,0.0,-0.19156608055242497,-0.6686103012633703,,INSUFFICIENT_DATA,0.0,2026-07-21T09:37:20.701094+00:00
MOVER_TREND_PULLBACK@ATR,LONDON/MARKUP/NORMAL/BTC_RISING,13,0,0,13,0.6153846153846154,0.07059100282691752,0.16676814835133108,,INSUFFICIENT_DATA,1.0,2026-07-21T12:53:29.924917+00:00
MOVER_TREND_PULLBACK@ATR,LONDON/MARKDOWN/CASCADE/BTC_RISING,2,0,0,2,1.0,0.6373831599031452,2.209149266441706,,INSUFFICIENT_DATA,1.0,2026-07-21T10:18:23.324489+00:00
MOVER_TREND_PULLBACK@ATR,LONDON/VOLATILE_EXPANSION/CASCADE/BTC_RISING,11,0,0,11,1.0,0.4339252234585656,1.5158950348401026,,INSUFFICIENT_DATA,1.0,2026-07-21T12:58:43.396659+00:00
MOVER_TREND_PULLBACK@ATR,LONDON/DISTRIBUTION/NORMAL/BTC_RISING,1,0,0,1,0.0,-1.0,-1.189330643247102,,INSUFFICIENT_DATA,0.0,2026-07-21T09:57:46.077266+00:00
MOVER_TREND_PULLBACK@ATR,LONDON/ACCUMULATION/NORMAL/BTC_RISING,1,0,0,1,1.0,0.4062465672690826,0.51918936826348,,INSUFFICIENT_DATA,1.0,2026-07-21T11:35:23.113321+00:00
MOVER_TREND_PULLBACK@ATR,OVERLAP/QUIET/COMPRESSED/BTC_RISING,2,0,0,2,0.0,-0.6548882124113118,-1.0184777599579635,,INSUFFICIENT_DATA,0.0,2026-07-21T13:56:19.350129+00:00
MOVER_TREND_PULLBACK@ATR,OVERLAP/MARKUP/NORMAL/BTC_RISING,10,0,0,10,0.8,0.3320113185420158,0.5248041438640182,,INSUFFICIENT_DATA,1.0,2026-07-21T14:59:46.440196+00:00
MOVER_TREND_PULLBACK@ATR,OVERLAP/QUIET/NORMAL/BTC_RISING,2,0,0,2,0.0,-0.47657911511172735,-1.0354646647683086,,INSUFFICIENT_DATA,0.0,2026-07-21T13:29:55.917587+00:00
MOVER_TREND_PULLBACK@ATR,OVERLAP/MARKUP/EXPANDED/BTC_RISING,1,0,0,1,1.0,0.8352383511777353,1.7800965000000089,,INSUFFICIENT_DATA,1.0,2026-07-21T13:45:48.472044+00:00
MOVER_TREND_PULLBACK@ATR,OVERLAP/MARKDOWN/NORMAL/BTC_RISING,2,0,0,2,1.0,0.3281377811573346,1.1382598089779516,,INSUFFICIENT_DATA,1.0,2026-07-21T15:15:50.236450+00:00
MOVER_TREND_PULLBACK@ATR,OVERLAP/QUIET/EXPANDED/BTC_RISING,3,0,0,3,1.0,0.5029817392974962,1.755523583673466,,INSUFFICIENT_DATA,1.0,2026-07-21T14:22:49.151784+00:00
MOVER_TREND_PULLBACK@ATR,OVERLAP/MARKUP/CASCADE/BTC_RISING,3,0,0,3,0.3333333333333333,-0.3145645645645651,-0.3771260003845492,,INSUFFICIENT_DATA,1.0,2026-07-21T15:20:58.930815+00:00
MOVER_TREND_PULLBACK@ATR,OVERLAP/RANGE/NORMAL/BTC_RISING,5,0,0,5,1.0,0.30446284209532365,0.7896601289374303,,INSUFFICIENT_DATA,1.0,2026-07-21T16:53:31.900121+00:00
MOVER_TREND_PULLBACK@ATR,NY/VOLATILE_EXPANSION/NORMAL/BTC_RISING,4,0,0,4,0.75,0.06869504005827934,0.1698014185318797,,INSUFFICIENT_DATA,1.0,2026-07-21T18:27:01.002727+00:00
MOVER_TREND_PULLBACK@ATR,NY/QUIET/NORMAL/BTC_RISING,1,0,0,1,1.0,0.1828550607693245,0.6382068104956188,,INSUFFICIENT_DATA,1.0,2026-07-21T17:45:38.692348+00:00
MOVER_TREND_PULLBACK@ATR,NY/VOLATILE_EXPANSION/COMPRESSED/BTC_NEUTRAL,2,0,0,2,0.5,-0.06333308314403883,-0.2196249761827612,,INSUFFICIENT_DATA,1.0,2026-07-21T19:59:39.608556+00:00
MOVER_TREND_PULLBACK@ATR,NY/MARKUP/EXPANDED/BTC_RISING,1,0,0,1,0.0,-0.28097242000267886,-0.846479415159669,,INSUFFICIENT_DATA,0.0,2026-07-21T22:18:55.465126+00:00
MOVER_TREND_PULLBACK@ATR,OFF_HOURS/QUIET/NORMAL/BTC_NEUTRAL,2,0,0,2,1.0,0.2756546798646755,0.9620991253644227,,INSUFFICIENT_DATA,1.0,2026-07-22T00:01:31.629388+00:00
MOVER_TREND_PULLBACK@ATR,ASIA/DISTRIBUTION/EXPANDED/BTC_RISING,1,0,0,1,0.0,-0.4527501593561402,-0.9836914315298915,,INSUFFICIENT_DATA,0.0,2026-07-22T02:55:22.314501+00:00
MOVER_TREND_PULLBACK@ATR,ASIA/QUIET/EXPANDED/BTC_RISING,1,0,0,1,0.0,-0.5957238938896634,-1.2943308309603947,,INSUFFICIENT_DATA,0.0,2026-07-22T03:56:58.991044+00:00
MOVER_TREND_PULLBACK@ATR,ASIA/DISTRIBUTION/EXPANDED/BTC_NEUTRAL,3,0,0,3,0.0,-1.0,-2.172702562775035,,INSUFFICIENT_DATA,0.0,2026-07-22T05:44:20.734842+00:00
MOVER_TREND_PULLBACK@ATR,ASIA/MARKUP/CASCADE/BTC_NEUTRAL,4,0,0,4,1.0,0.5282416844046862,1.3957444253128342,,INSUFFICIENT_DATA,0.9490054160946099,2026-07-23T07:55:46.801351+00:00
MOVER_TREND_PULLBACK@ATR,OVERLAP/QUIET/NORMAL/BTC_NEUTRAL,3,0,0,3,0.0,-0.45606108534294626,-0.9812949029156606,,INSUFFICIENT_DATA,0.0,2026-07-22T14:17:37.034636+00:00
MOVER_TREND_PULLBACK@ATR,OVERLAP/QUIET/EXPANDED/BTC_NEUTRAL,1,0,0,1,1.0,0.9324060794814867,2.025841078436449,,INSUFFICIENT_DATA,0.9310611416033245,2026-07-22T16:58:52.533776+00:00
MOVER_TREND_PULLBACK@ATR,NY/DISTRIBUTION/EXPANDED/BTC_NEUTRAL,1,0,0,1,1.0,0.34169227967479326,1.605175282388279,,INSUFFICIENT_DATA,0.9145384500880768,2026-07-22T20:20:23.555937+00:00
MOVER_TREND_PULLBACK@ATR,ASIA/MARKDOWN/EXPANDED/BTC_NEUTRAL,1,0,0,1,0.0,-0.31785367524483676,-1.4299801168137058,,INSUFFICIENT_DATA,0.0,2026-07-23T01:36:37.855416+00:00
MOVER_TREND_PULLBACK@ATR,LONDON/MARKUP/CASCADE/BTC_NEUTRAL,4,0,0,4,0.5,-0.28365577783487805,-0.5744161160332735,,INSUFFICIENT_DATA,0.8717563120151905,2026-07-23T12:50:15.784210+00:00
MOVER_TREND_PULLBACK@FIXED,ASIA/MARKUP/NORMAL/BTC_RISING,32,0,0,32,0.90625,0.8473241272321206,1.2744367072294744,0.7062591218264268,STRONG,1.0,2026-07-22T03:51:52.945305+00:00
MOVER_TREND_PULLBACK@FIXED,ASIA/MARKUP/NORMAL/BTC_NEUTRAL,50,0,0,50,0.82,0.5377347024005616,0.8419448937171492,0.4316526124790297,STRONG,0.9563821100137921,2026-07-23T07:39:51.864488+00:00
MOVER_TREND_PULLBACK@FIXED,NY/ACCUMULATION/NORMAL/BTC_NEUTRAL,30,0,0,30,0.8333333333333334,0.5147431429098659,1.0429469120532955,0.3921756592714248,STRONG,1.0,2026-07-23T21:35:24.913285+00:00
MOVER_TREND_PULLBACK@FIXED,ASIA/QUIET/COMPRESSED/BTC_NEUTRAL,50,0,0,50,0.8,0.41739681301391585,0.6835351780296094,0.32109805529416413,STRONG,0.9702103729130653,2026-07-23T06:57:58.747576+00:00
MOVER_TREND_PULLBACK@FIXED,LONDON/MARKUP/EXPANDED/BTC_RISING,16,0,0,16,0.875,0.4756508329740804,0.7794021729320817,0.3141730201534149,STRONG,1.0,2026-07-21T11:40:36.316513+00:00
MOVER_TREND_PULLBACK@FIXED,ASIA/MARKDOWN/NORMAL/BTC_NEUTRAL,26,0,0,26,0.7692307692307693,0.45309801131321625,1.0236820087559675,0.30831047860547045,STRONG,1.0,2026-07-21T06:33:28.501118+00:00
MOVER_TREND_PULLBACK@FIXED,NY/QUIET/COMPRESSED/BTC_RISING,19,0,0,19,0.7894736842105263,0.3517966641451029,0.579455282809214,0.22325043963822702,POSITIVE,1.0,2026-07-21T22:13:46.235157+00:00
MOVER_TREND_PULLBACK@FIXED,NY/VOLATILE_EXPANSION/CASCADE/BTC_NEUTRAL,19,0,0,19,0.6842105263157895,0.43105925851646765,0.6889460794635882,0.1982097220860316,POSITIVE,0.9752339929612357,2026-07-22T22:50:47.461289+00:00
MOVER_TREND_PULLBACK@FIXED,OVERLAP/ACCUMULATION/NORMAL/BTC_NEUTRAL,24,0,0,24,0.75,0.2604319507090318,0.5050488287000533,0.1638901403051426,POSITIVE,0.9744350651547463,2026-07-23T16:47:56.422949+00:00
MOVER_TREND_PULLBACK@FIXED,ASIA/DISTRIBUTION/NORMAL/BTC_RISING,24,0,0,24,0.625,0.30793427857321015,0.49361608376716065,0.14362939055852875,POSITIVE,1.0,2026-07-22T03:41:42.386013+00:00
MOVER_TREND_PULLBACK@FIXED,OVERLAP/MARKUP/NORMAL/BTC_NEUTRAL,25,0,0,25,0.72,0.21754712986163083,0.5658244185091589,0.12291510768137123,POSITIVE,0.9641590969165389,2026-07-23T16:58:35.088154+00:00
MOVER_TREND_PULLBACK@FIXED,OVERLAP/MARKUP/EXPANDED/BTC_NEUTRAL,18,0,0,18,0.6666666666666666,0.2503908466490927,0.34084410438308393,0.08452566683908522,POSITIVE,0.9173796632813849,2026-07-23T14:41:14.039391+00:00
MOVER_TREND_PULLBACK@FIXED,NY/QUIET/COMPRESSED/BTC_NEUTRAL,38,0,0,38,0.6578947368421053,0.14531348515120024,0.25164634761911414,0.06550879710609625,POSITIVE,0.9774840245496559,2026-07-23T21:35:24.913116+00:00
MOVER_TREND_PULLBACK@FIXED,NY/MARKUP/NORMAL/BTC_NEUTRAL,15,0,0,15,0.7333333333333333,0.17737295106786757,0.39263527098439055,0.05958347412163567,POSITIVE,0.9448219555256706,2026-07-22T17:29:54.435262+00:00
MOVER_TREND_PULLBACK@FIXED,ASIA/ACCUMULATION/NORMAL/BTC_NEUTRAL,21,0,0,21,0.7142857142857143,0.13904678197444298,0.32830026040652194,0.046757116258244774,FLAT,0.9806215558253683,2026-07-23T03:42:30.373257+00:00
MOVER_TREND_PULLBACK@FIXED,NY/MARKUP/CASCADE/BTC_NEUTRAL,15,0,0,15,0.6666666666666666,0.1833718353523598,0.26705346583792416,0.030648130996688616,FLAT,0.8943162608786664,2026-07-22T18:52:23.254401+00:00
MOVER_TREND_PULLBACK@FIXED,LONDON/MARKDOWN/NORMAL/BTC_NEUTRAL,21,0,0,21,0.6666666666666666,0.09886820475108413,0.08519119123340779,-0.005083955637360998,FLAT,1.0,2026-07-20T10:58:36.472944+00:00
MOVER_TREND_PULLBACK@FIXED,NY/DISTRIBUTION/NORMAL/BTC_NEUTRAL,24,0,0,24,0.7083333333333334,0.049177809952136664,0.07811229025423998,-0.028583229122959186,FLAT,0.9156736780980931,2026-07-23T18:17:19.178180+00:00
MOVER_TREND_PULLBACK@FIXED,OVERLAP/MARKUP/CASCADE/BTC_NEUTRAL,20,0,0,20,0.55,0.050959890820479116,0.16520105599217055,-0.08775877148008437,NEGATIVE,0.9345748090787958,2026-07-22T16:43:14.637018+00:00
MOVER_TREND_PULLBACK@FIXED,OVERLAP/MARKDOWN/NORMAL/BTC_NEUTRAL,16,0,0,16,0.375,-0.03978900927629621,-0.20770267071634424,-0.12773852798600338,NEGATIVE,0.9443194061296405,2026-07-22T15:41:01.960860+00:00
MOVER_TREND_PULLBACK@FIXED,ASIA/MARKDOWN/NORMAL/BTC_FALLING,23,0,0,23,0.5217391304347826,0.014494403785019469,0.2879464130115112,-0.12783138122831844,NEGATIVE,1.0,2026-07-17T07:55:42.260794+00:00
MOVER_TREND_PULLBACK@FIXED,OFF_HOURS/QUIET/COMPRESSED/BTC_NEUTRAL,17,0,0,17,0.4117647058823529,-0.04718635451671029,-0.10937719131586512,-0.129543246574071,NEGATIVE,0.9760535543286545,2026-07-22T23:11:34.857412+00:00
MOVER_TREND_PULLBACK@FIXED,ASIA/DISTRIBUTION/NORMAL/BTC_NEUTRAL,21,0,0,21,0.42857142857142855,-0.17466785543448068,-0.28240661554745744,-0.1987996356088587,NEGATIVE,0.7100011753066473,2026-07-23T06:06:00.344610+00:00
MOVER_TREND_PULLBACK@FIXED,OVERLAP/VOLATILE_EXPANSION/CASCADE/BTC_NEUTRAL,26,0,0,26,0.4230769230769231,-0.23803503332288417,-0.38480901329727596,-0.36520918927626533,NEGATIVE,1.0,2026-07-22T15:35:48.408897+00:00
MOVER_TREND_PULLBACK@FIXED,LONDON/MARKUP/NORMAL/BTC_NEUTRAL,26,0,0,26,0.23076923076923078,-0.3379568167046373,-0.4473342814459684,-0.46596657833622945,NEGATIVE,1.0,2026-07-23T09:08:48.060169+00:00
MOVER_TREND_PULLBACK@FIXED,OVERLAP/DISTRIBUTION/NORMAL/BTC_NEUTRAL,16,0,0,16,0.4375,-0.39799814475092155,-0.4352609126068524,-0.4767598014252959,NEGATIVE,0.8765848846516165,2026-07-23T14:57:03.214730+00:00
MOVER_TREND_PULLBACK@FIXED,LONDON/QUIET/COMPRESSED/BTC_NEUTRAL,37,0,0,37,0.40540540540540543,-0.43222308477173815,-0.8224065172871136,-0.49035229678596404,NEGATIVE,0.9735972034432621,2026-07-23T12:39:37.230367+00:00
MOVER_TREND_PULLBACK@FIXED,ASIA/MARKDOWN/COMPRESSED/BTC_FALLING,17,0,0,17,0.23529411764705882,-0.4050577945781404,-0.4530011200349521,-0.4991974611735012,NEGATIVE,1.0,2026-07-17T06:02:35.604479+00:00
MOVER_TREND_PULLBACK@FIXED,LONDON/MARKUP/COMPRESSED/BTC_NEUTRAL,15,0,0,15,0.06666666666666667,-0.5672442649438096,-1.3215781513149762,-0.5739852434041892,NEGATIVE,0.7109999999999939,2026-07-23T11:36:42.677625+00:00
MOVER_TREND_PULLBACK@FIXED,LONDON/DISTRIBUTION/NORMAL/BTC_NEUTRAL,20,0,0,20,0.25,-0.5890854693603493,-0.8230009965763113,-0.6415521473081415,NEGATIVE,0.9616380119611586,2026-07-22T12:23:14.316454+00:00
MOVER_TREND_PULLBACK@FIXED,LONDON/DISTRIBUTION/EXPANDED/BTC_NEUTRAL,7,0,0,7,0.7142857142857143,0.27489722257347404,0.403664813721252,,INSUFFICIENT_DATA,1.0,2026-07-19T09:06:39.147166+00:00
MOVER_TREND_PULLBACK@FIXED,LONDON/RANGE/NORMAL/BTC_NEUTRAL,10,0,0,10,0.7,0.13363107789283676,0.31831245411839226,,INSUFFICIENT_DATA,0.905195249998752,2026-07-23T08:53:11.660783+00:00
MOVER_TREND_PULLBACK@FIXED,OVERLAP/RANGE/NORMAL/BTC_NEUTRAL,3,0,0,3,0.3333333333333333,-0.6571815833828939,-1.5131301374673856,,INSUFFICIENT_DATA,1.0,2026-07-20T15:19:43.298697+00:00
MOVER_TREND_PULLBACK@FIXED,NY/MARKDOWN/NORMAL/BTC_NEUTRAL,12,0,0,12,0.5,0.1293373752688122,0.38603463743359817,,INSUFFICIENT_DATA,0.9840103051219103,2026-07-23T22:06:38.923406+00:00
MOVER_TREND_PULLBACK@FIXED,NY/MARKDOWN/EXPANDED/BTC_NEUTRAL,4,0,0,4,0.5,-0.3784655546764923,-0.6272348761468108,,INSUFFICIENT_DATA,0.8260995452898026,2026-07-23T21:35:24.913452+00:00
MOVER_TREND_PULLBACK@FIXED,NY/ACCUMULATION/EXPANDED/BTC_NEUTRAL,3,0,0,3,0.3333333333333333,-0.6054915422967232,-0.8869389491281335,,INSUFFICIENT_DATA,1.0,2026-07-16T17:13:14.267012+00:00
MOVER_TREND_PULLBACK@FIXED,NY/RANGE/NORMAL/BTC_NEUTRAL,10,0,0,10,0.8,0.3021882159637286,0.8923170326500758,,INSUFFICIENT_DATA,1.0,2026-07-17T22:28:29.750204+00:00
MOVER_TREND_PULLBACK@FIXED,OFF_HOURS/MARKUP/NORMAL/BTC_NEUTRAL,3,0,0,3,0.3333333333333333,-0.058525210701641996,-0.24576849345123922,,INSUFFICIENT_DATA,1.0,2026-07-23T23:03:59.188112+00:00
MOVER_TREND_PULLBACK@FIXED,OFF_HOURS/RANGE/NORMAL/BTC_NEUTRAL,6,0,0,6,0.6666666666666666,0.4847098952984829,1.2574647942314756,,INSUFFICIENT_DATA,1.0,2026-07-21T00:33:30.027239+00:00
MOVER_TREND_PULLBACK@FIXED,ASIA/MARKUP/EXPANDED/BTC_NEUTRAL,5,0,0,5,1.0,0.677843253358751,1.4385740319603315,,INSUFFICIENT_DATA,0.9795720206492046,2026-07-23T07:34:39.757247+00:00
MOVER_TREND_PULLBACK@FIXED,ASIA/QUIET/NORMAL/BTC_NEUTRAL,6,0,0,6,0.6666666666666666,0.261318479828962,0.27951271751171786,,INSUFFICIENT_DATA,1.0,2026-07-22T04:12:26.987186+00:00
MOVER_TREND_PULLBACK@FIXED,ASIA/RANGE/NORMAL/BTC_NEUTRAL,12,0,0,12,0.5,-0.03767690008415769,-0.1560939527202285,,INSUFFICIENT_DATA,1.0,2026-07-21T04:05:38.414344+00:00
MOVER_TREND_PULLBACK@FIXED,ASIA/MARKUP/COMPRESSED/BTC_NEUTRAL,12,0,0,12,0.4166666666666667,-0.27428030114639435,-0.5756923018083304,,INSUFFICIENT_DATA,0.978878710225863,2026-07-23T07:55:46.801435+00:00
MOVER_TREND_PULLBACK@FIXED,ASIA/ACCUMULATION/EXPANDED/BTC_NEUTRAL,6,0,0,6,0.16666666666666666,-0.0851762098305378,-0.19523067301717578,,INSUFFICIENT_DATA,1.0,2026-07-15T06:59:44.875308+00:00
MOVER_TREND_PULLBACK@FIXED,ASIA/MARKDOWN/COMPRESSED/BTC_NEUTRAL,6,0,0,6,0.16666666666666666,-0.21501586778592582,-0.6178919841444062,,INSUFFICIENT_DATA,1.0,2026-07-21T04:05:38.414002+00:00
MOVER_TREND_PULLBACK@FIXED,ASIA/RANGE/EXPANDED/BTC_NEUTRAL,1,0,0,1,1.0,0.24419618946917462,0.5964326283099026,,INSUFFICIENT_DATA,1.0,2026-07-15T07:04:46.245313+00:00
MOVER_TREND_PULLBACK@FIXED,ASIA/MARKUP/EXPANDED/BTC_RISING,5,0,0,5,0.4,0.15228345040937205,0.023811092560645886,,INSUFFICIENT_DATA,1.0,2026-07-21T07:38:05.589129+00:00
MOVER_TREND_PULLBACK@FIXED,ASIA/ACCUMULATION/NORMAL/BTC_RISING,10,0,0,10,0.9,0.78336645396678,0.8923598975461443,,INSUFFICIENT_DATA,1.0,2026-07-21T05:17:15.726006+00:00
MOVER_TREND_PULLBACK@FIXED,ASIA/QUIET/COMPRESSED/BTC_RISING,10,0,0,10,0.9,0.9743304515205476,1.2036899583311889,,INSUFFICIENT_DATA,1.0,2026-07-22T01:18:14.248686+00:00
MOVER_TREND_PULLBACK@FIXED,ASIA/RANGE/EXPANDED/BTC_RISING,1,0,0,1,0.0,-1.0,-2.9999999999999933,,INSUFFICIENT_DATA,0.0,2026-07-15T07:35:36.451626+00:00
MOVER_TREND_PULLBACK@FIXED,ASIA/MARKDOWN/COMPRESSED/BTC_RISING,3,0,0,3,0.6666666666666666,0.296914411224207,0.4820595512533707,,INSUFFICIENT_DATA,1.0,2026-07-22T01:13:08.049214+00:00
MOVER_TREND_PULLBACK@FIXED,LONDON/RANGE/EXPANDED/BTC_NEUTRAL,1,0,0,1,1.0,0.2195636262778372,0.5546893693693749,,INSUFFICIENT_DATA,1.0,2026-07-15T08:21:38.405925+00:00
MOVER_TREND_PULLBACK@FIXED,LONDON/MARKDOWN/COMPRESSED/BTC_NEUTRAL,11,0,0,11,0.8181818181818182,0.14663403949811535,0.7444423905881756,,INSUFFICIENT_DATA,1.0,2026-07-18T10:09:11.666056+00:00
MOVER_TREND_PULLBACK@FIXED,LONDON/QUIET/NORMAL/BTC_NEUTRAL,12,0,0,12,0.0,-1.0897433473354472,-1.200735957557218,,INSUFFICIENT_DATA,0.0,2026-07-22T12:54:33.472678+00:00
MOVER_TREND_PULLBACK@FIXED,OVERLAP/ACCUMULATION/NORMAL/BTC_RISING,2,0,0,2,1.0,0.1966713801056062,0.6459970483138853,,INSUFFICIENT_DATA,1.0,2026-07-15T14:32:15.567172+00:00
MOVER_TREND_PULLBACK@FIXED,OVERLAP/RANGE/EXPANDED/BTC_RISING,2,0,0,2,0.0,-1.0,-2.543432615677732,,INSUFFICIENT_DATA,0.0,2026-07-21T15:26:11.076511+00:00
MOVER_TREND_PULLBACK@FIXED,OVERLAP/MARKUP/COMPRESSED/BTC_RISING,3,0,0,3,0.6666666666666666,0.3411512928450737,0.7949368004209268,,INSUFFICIENT_DATA,1.0,2026-07-21T14:28:09.707725+00:00
MOVER_TREND_PULLBACK@FIXED,OVERLAP/MARKDOWN/COMPRESSED/BTC_RISING,3,0,0,3,1.0,0.5870102656471641,1.7610307969414896,,INSUFFICIENT_DATA,1.0,2026-07-15T14:52:31.757256+00:00
MOVER_TREND_PULLBACK@FIXED,OVERLAP/VOLATILE_EXPANSION/CASCADE/BTC_RISING,14,0,0,14,0.9285714285714286,0.8237570798948923,1.4954964093700582,,INSUFFICIENT_DATA,1.0,2026-07-21T16:07:16.012006+00:00
MOVER_TREND_PULLBACK@FIXED,OVERLAP/MARKDOWN/CASCADE/BTC_RISING,3,0,0,3,1.0,0.7467059656190526,1.403267674454119,,INSUFFICIENT_DATA,1.0,2026-07-15T16:03:02.853414+00:00
MOVER_TREND_PULLBACK@FIXED,OVERLAP/DISTRIBUTION/EXPANDED/BTC_RISING,3,0,0,3,0.6666666666666666,-0.07307796526502756,-0.3094602253728075,,INSUFFICIENT_DATA,1.0,2026-07-21T16:48:22.182699+00:00
MOVER_TREND_PULLBACK@FIXED,OVERLAP/MARKDOWN/EXPANDED/BTC_RISING,4,0,0,4,1.0,1.0477087578315498,1.3340853538140578,,INSUFFICIENT_DATA,1.0,2026-07-21T13:14:17.963764+00:00
MOVER_TREND_PULLBACK@FIXED,OVERLAP/DISTRIBUTION/NORMAL/BTC_RISING,3,0,0,3,0.0,-1.0,-2.999494293075337,,INSUFFICIENT_DATA,0.0,2026-07-15T16:53:34.572602+00:00
MOVER_TREND_PULLBACK@FIXED,NY/DISTRIBUTION/NORMAL/BTC_RISING,1,0,0,1,0.0,-1.0,-3.0003369272237275,,INSUFFICIENT_DATA,0.0,2026-07-15T17:03:41.820414+00:00
MOVER_TREND_PULLBACK@FIXED,NY/MARKDOWN/EXPANDED/BTC_RISING,2,0,0,2,1.0,1.3296071698017844,1.7814127500000014,,INSUFFICIENT_DATA,1.0,2026-07-15T17:39:07.945159+00:00
MOVER_TREND_PULLBACK@FIXED,NY/QUIET/EXPANDED/BTC_NEUTRAL,1,0,0,1,1.0,1.3247257723659158,1.7771130000000028,,INSUFFICIENT_DATA,1.0,2026-07-15T17:18:49.913811+00:00
MOVER_TREND_PULLBACK@FIXED,NY/QUIET/EXPANDED/BTC_RISING,1,0,0,1,1.0,1.3259110126837168,1.7781659999999997,,INSUFFICIENT_DATA,1.0,2026-07-15T17:28:58.020289+00:00
MOVER_TREND_PULLBACK@FIXED,NY/MARKUP/COMPRESSED/BTC_NEUTRAL,10,0,0,10,0.6,0.3875989396005334,0.46151987625453705,,INSUFFICIENT_DATA,1.0,2026-07-22T22:45:31.618495+00:00
MOVER_TREND_PULLBACK@FIXED,OFF_HOURS/DISTRIBUTION/NORMAL/BTC_NEUTRAL,4,0,0,4,0.25,-0.07667760734546239,-0.19270762199815167,,INSUFFICIENT_DATA,1.0,2026-07-23T00:13:32.802391+00:00
MOVER_TREND_PULLBACK@FIXED,LONDON/RANGE/NORMAL/BTC_FALLING,1,0,0,1,0.0,-0.3284091484567674,-0.8677711026154542,,INSUFFICIENT_DATA,0.0,2026-07-16T09:22:46.807935+00:00
MOVER_TREND_PULLBACK@FIXED,LONDON/QUIET/COMPRESSED/BTC_FALLING,1,0,0,1,1.0,0.6236451213045513,1.529941410940625,,INSUFFICIENT_DATA,1.0,2026-07-16T09:37:55.388577+00:00
MOVER_TREND_PULLBACK@FIXED,LONDON/MARKUP/EXPANDED/BTC_NEUTRAL,11,0,0,11,0.36363636363636365,-0.25947449711139414,-0.8170915386053785,,INSUFFICIENT_DATA,0.8965200478433568,2026-07-23T10:59:41.888479+00:00
MOVER_TREND_PULLBACK@FIXED,LONDON/VOLATILE_EXPANSION/CASCADE/BTC_NEUTRAL,10,0,0,10,0.7,0.5278094447131421,0.8609371406475436,,INSUFFICIENT_DATA,1.0,2026-07-22T09:41:05.716183+00:00
MOVER_TREND_PULLBACK@FIXED,OVERLAP/MARKDOWN/CASCADE/BTC_NEUTRAL,8,0,0,8,0.5,-0.012191229338235493,0.22435559796155144,,INSUFFICIENT_DATA,1.0,2026-07-20T15:40:08.275275+00:00
MOVER_TREND_PULLBACK@FIXED,OVERLAP/MARKUP/COMPRESSED/BTC_NEUTRAL,1,0,0,1,1.0,0.23186470230890882,0.5559261730042255,,INSUFFICIENT_DATA,1.0,2026-07-16T14:56:42.730066+00:00
MOVER_TREND_PULLBACK@FIXED,OVERLAP/DISTRIBUTION/EXPANDED/BTC_NEUTRAL,12,0,0,12,0.3333333333333333,-0.5544152238416459,-0.5430422545988828,,INSUFFICIENT_DATA,0.9138029242934808,2026-07-23T16:32:02.684485+00:00
MOVER_TREND_PULLBACK@FIXED,OVERLAP/MARKDOWN/COMPRESSED/BTC_NEUTRAL,5,0,0,5,0.4,-0.2940214710710044,-0.11225237355489359,,INSUFFICIENT_DATA,1.0,2026-07-20T16:16:26.173479+00:00
MOVER_TREND_PULLBACK@FIXED,OVERLAP/RANGE/EXPANDED/BTC_NEUTRAL,6,0,0,6,0.6666666666666666,0.3776573900091742,1.084203285640861,,INSUFFICIENT_DATA,0.9836975570789285,2026-07-22T14:33:14.708344+00:00
MOVER_TREND_PULLBACK@FIXED,OVERLAP/MARKDOWN/EXPANDED/BTC_NEUTRAL,7,0,0,7,0.7142857142857143,-0.08398795256700109,0.18069886157172746,,INSUFFICIENT_DATA,0.96215966853214,2026-07-23T15:02:26.716509+00:00
MOVER_TREND_PULLBACK@FIXED,NY/MARKDOWN/COMPRESSED/BTC_NEUTRAL,6,0,0,6,0.8333333333333334,0.23580627040431826,0.9464419935362188,,INSUFFICIENT_DATA,1.0,2026-07-21T19:54:34.141847+00:00
MOVER_TREND_PULLBACK@FIXED,OFF_HOURS/QUIET/COMPRESSED/BTC_FALLING,2,0,0,2,0.0,-0.6430646339612209,-1.4279264025285028,,INSUFFICIENT_DATA,0.0,2026-07-17T00:16:49.524198+00:00
MOVER_TREND_PULLBACK@FIXED,OFF_HOURS/MARKDOWN/COMPRESSED/BTC_FALLING,4,0,0,4,0.0,-0.7606209158612459,-1.6889603792753132,,INSUFFICIENT_DATA,0.0,2026-07-17T00:57:47.324352+00:00
MOVER_TREND_PULLBACK@FIXED,ASIA/QUIET/NORMAL/BTC_FALLING,1,0,0,1,0.0,-0.012724959112220704,-0.028219889378024013,,INSUFFICIENT_DATA,0.0,2026-07-17T02:49:32.657568+00:00
MOVER_TREND_PULLBACK@FIXED,ASIA/RANGE/NORMAL/BTC_FALLING,1,0,0,1,1.0,0.9131760702247183,2.7395282106741536,,INSUFFICIENT_DATA,1.0,2026-07-17T05:06:43.217465+00:00
MOVER_TREND_PULLBACK@FIXED,ASIA/QUIET/COMPRESSED/BTC_FALLING,1,0,0,1,1.0,1.170329607344635,3.5109888220339065,,INSUFFICIENT_DATA,1.0,2026-07-17T05:16:52.007387+00:00
MOVER_TREND_PULLBACK@FIXED,ASIA/MARKUP/NORMAL/BTC_FALLING,1,0,0,1,1.0,0.13985122192580027,0.26526696015351553,,INSUFFICIENT_DATA,1.0,2026-07-17T05:21:55.414048+00:00
MOVER_TREND_PULLBACK@FIXED,ASIA/ACCUMULATION/NORMAL/BTC_FALLING,1,0,0,1,1.0,0.32745106826680204,0.621102542273399,,INSUFFICIENT_DATA,1.0,2026-07-17T05:57:30.411827+00:00
MOVER_TREND_PULLBACK@FIXED,LONDON/MARKDOWN/NORMAL/BTC_FALLING,10,0,0,10,0.7,0.4398867553015779,0.8543634902309805,,INSUFFICIENT_DATA,1.0,2026-07-17T12:33:57.190306+00:00
MOVER_TREND_PULLBACK@FIXED,LONDON/ACCUMULATION/NORMAL/BTC_FALLING,6,0,0,6,0.6666666666666666,0.2900468768555801,0.2221335978909796,,INSUFFICIENT_DATA,1.0,2026-07-17T10:03:44.542819+00:00
MOVER_TREND_PULLBACK@FIXED,LONDON/DISTRIBUTION/NORMAL/BTC_FALLING,5,0,0,5,0.4,0.011918134390002156,0.035754403170006464,,INSUFFICIENT_DATA,1.0,2026-07-17T12:38:59.897825+00:00
MOVER_TREND_PULLBACK@FIXED,LONDON/VOLATILE_EXPANSION/CASCADE/BTC_FALLING,5,0,0,5,0.8,0.6935475857311615,2.0099639126931192,,INSUFFICIENT_DATA,1.0,2026-07-17T10:54:58.307418+00:00
MOVER_TREND_PULLBACK@FIXED,LONDON/DISTRIBUTION/EXPANDED/BTC_FALLING,1,0,0,1,1.0,0.32745988134763065,0.6329372717708988,,INSUFFICIENT_DATA,1.0,2026-07-17T11:26:41.041059+00:00
MOVER_TREND_PULLBACK@FIXED,LONDON/MARKDOWN/COMPRESSED/BTC_FALLING,1,0,0,1,1.0,0.3674540682414711,0.7743362831858445,,INSUFFICIENT_DATA,1.0,2026-07-17T12:23:43.877449+00:00
MOVER_TREND_PULLBACK@FIXED,LONDON/MARKUP/CASCADE/BTC_FALLING,1,0,0,1,1.0,0.11889546116577078,0.2861230329041496,,INSUFFICIENT_DATA,1.0,2026-07-17T12:33:57.190040+00:00
MOVER_TREND_PULLBACK@FIXED,LONDON/MARKUP/NORMAL/BTC_FALLING,1,0,0,1,1.0,0.7212589894168042,1.4574490852174093,,INSUFFICIENT_DATA,1.0,2026-07-17T12:44:18.192177+00:00
MOVER_TREND_PULLBACK@FIXED,OVERLAP/MARKDOWN/NORMAL/BTC_FALLING,2,0,0,2,1.0,0.7323555160131556,1.1641883638088102,,INSUFFICIENT_DATA,1.0,2026-07-17T13:35:57.555079+00:00
MOVER_TREND_PULLBACK@FIXED,OVERLAP/DISTRIBUTION/NORMAL/BTC_FALLING,1,0,0,1,0.0,-1.0,-2.061308089500862,,INSUFFICIENT_DATA,0.0,2026-07-17T13:35:57.554743+00:00
MOVER_TREND_PULLBACK@FIXED,OVERLAP/MARKUP/EXPANDED/BTC_FALLING,1,0,0,1,0.0,-0.8336687173000638,-2.069950035688796,,INSUFFICIENT_DATA,0.0,2026-07-17T13:41:10.782056+00:00
MOVER_TREND_PULLBACK@FIXED,OVERLAP/RANGE/NORMAL/BTC_FALLING,1,0,0,1,1.0,0.10721742565318064,0.3216522769595417,,INSUFFICIENT_DATA,1.0,2026-07-17T14:15:48.797322+00:00
MOVER_TREND_PULLBACK@FIXED,OVERLAP/VOLATILE_EXPANSION/CASCADE/BTC_FALLING,2,0,0,2,0.0,-1.0,-2.410012078806801,,INSUFFICIENT_DATA,0.0,2026-07-17T14:36:31.847553+00:00
MOVER_TREND_PULLBACK@FIXED,OVERLAP/ACCUMULATION/NORMAL/BTC_FALLING,1,0,0,1,1.0,0.446601941747571,1.1328189131505437,,INSUFFICIENT_DATA,1.0,2026-07-17T15:17:22.470491+00:00
MOVER_TREND_PULLBACK@FIXED,OVERLAP/RANGE/EXPANDED/BTC_FALLING,1,0,0,1,0.0,-1.0,-2.9696999999999933,,INSUFFICIENT_DATA,0.0,2026-07-17T16:29:01.772096+00:00
MOVER_TREND_PULLBACK@FIXED,NY/MARKUP/EXPANDED/BTC_NEUTRAL,7,0,0,7,0.5714285714285714,-0.03448963555883056,0.013995167732585625,,INSUFFICIENT_DATA,0.9025448742901911,2026-07-23T22:22:20.655703+00:00
MOVER_TREND_PULLBACK@FIXED,OFF_HOURS/MARKDOWN/COMPRESSED/BTC_NEUTRAL,8,0,0,8,0.75,0.06359529071163536,0.03880799255047143,,INSUFFICIENT_DATA,1.0,2026-07-22T00:27:08.381980+00:00
MOVER_TREND_PULLBACK@FIXED,OFF_HOURS/DISTRIBUTION/EXPANDED/BTC_NEUTRAL,1,0,0,1,1.0,0.6554623562577582,1.1625384039547928,,INSUFFICIENT_DATA,1.0,2026-07-18T00:11:56.400022+00:00
MOVER_TREND_PULLBACK@FIXED,OFF_HOURS/MARKDOWN/NORMAL/BTC_NEUTRAL,2,0,0,2,0.5,-0.31758372781364896,-0.6416385797545557,,INSUFFICIENT_DATA,1.0,2026-07-21T00:53:52.535800+00:00
MOVER_TREND_PULLBACK@FIXED,LONDON/ACCUMULATION/EXPANDED/BTC_NEUTRAL,4,0,0,4,1.0,0.6024002441712416,1.366538509662037,,INSUFFICIENT_DATA,1.0,2026-07-18T10:04:06.931952+00:00
MOVER_TREND_PULLBACK@FIXED,LONDON/MARKDOWN/EXPANDED/BTC_NEUTRAL,12,0,0,12,0.8333333333333334,0.6189615100206022,0.6673014310371937,,INSUFFICIENT_DATA,0.9876452530743477,2026-07-23T12:29:00.870781+00:00
MOVER_TREND_PULLBACK@FIXED,LONDON/ACCUMULATION/NORMAL/BTC_NEUTRAL,10,0,0,10,0.3,-0.08771941392778877,-0.16829433237002672,,INSUFFICIENT_DATA,0.968925554556155,2026-07-22T11:36:20.365866+00:00
MOVER_TREND_PULLBACK@FIXED,LONDON/MARKDOWN/CASCADE/BTC_NEUTRAL,10,0,0,10,0.6,0.11365058253996756,-0.2515087383655906,,INSUFFICIENT_DATA,0.9450245582051181,2026-07-23T12:18:34.115858+00:00
MOVER_TREND_PULLBACK@FIXED,OVERLAP/QUIET/COMPRESSED/BTC_NEUTRAL,5,0,0,5,0.6,0.40435313780960447,0.6914357370712679,,INSUFFICIENT_DATA,1.0,2026-07-19T16:45:57.297758+00:00
MOVER_TREND_PULLBACK@FIXED,NY/MARKDOWN/NORMAL/BTC_RISING,9,0,0,9,0.4444444444444444,-0.1829670942981721,-0.14230247036591015,,INSUFFICIENT_DATA,1.0,2026-07-21T18:42:34.930776+00:00
MOVER_TREND_PULLBACK@FIXED,NY/ACCUMULATION/NORMAL/BTC_RISING,3,0,0,3,0.6666666666666666,0.43967785690375233,0.593624348439353,,INSUFFICIENT_DATA,1.0,2026-07-18T21:02:01.870001+00:00
MOVER_TREND_PULLBACK@FIXED,NY/MARKDOWN/COMPRESSED/BTC_RISING,8,0,0,8,0.875,0.3707476470984483,0.7391966130468568,,INSUFFICIENT_DATA,1.0,2026-07-20T19:11:09.720757+00:00
MOVER_TREND_PULLBACK@FIXED,OFF_HOURS/QUIET/COMPRESSED/BTC_RISING,14,0,0,14,0.6428571428571429,0.17162639257907214,0.3927204273176503,,INSUFFICIENT_DATA,1.0,2026-07-22T00:57:45.139102+00:00
MOVER_TREND_PULLBACK@FIXED,OFF_HOURS/MARKDOWN/COMPRESSED/BTC_RISING,5,0,0,5,0.2,-0.7083554461538466,-1.1778598903642397,,INSUFFICIENT_DATA,1.0,2026-07-19T00:56:49.631178+00:00
MOVER_TREND_PULLBACK@FIXED,OFF_HOURS/DISTRIBUTION/EXPANDED/BTC_RISING,1,0,0,1,1.0,0.7015819751937973,1.859927554459511,,INSUFFICIENT_DATA,1.0,2026-07-19T00:21:22.960493+00:00
MOVER_TREND_PULLBACK@FIXED,OFF_HOURS/DISTRIBUTION/NORMAL/BTC_RISING,3,0,0,3,1.0,0.2856828077722194,0.833215317322297,,INSUFFICIENT_DATA,1.0,2026-07-22T00:57:45.139289+00:00
MOVER_TREND_PULLBACK@FIXED,ASIA/ACCUMULATION/EXPANDED/BTC_RISING,2,0,0,2,1.0,1.3298189341146918,1.3989570987710516,,INSUFFICIENT_DATA,1.0,2026-07-19T01:27:17.320729+00:00
MOVER_TREND_PULLBACK@FIXED,ASIA/QUIET/NORMAL/BTC_RISING,7,0,0,7,1.0,1.1864982261347203,1.515821516647767,,INSUFFICIENT_DATA,1.0,2026-07-22T02:39:55.065526+00:00
MOVER_TREND_PULLBACK@FIXED,ASIA/VOLATILE_EXPANSION/CASCADE/BTC_RISING,2,0,0,2,1.0,0.783423346098941,2.3502700382968214,,INSUFFICIENT_DATA,1.0,2026-07-21T05:47:49.166199+00:00
MOVER_TREND_PULLBACK@FIXED,ASIA/MARKUP/COMPRESSED/BTC_RISING,2,0,0,2,1.0,0.41216818327443683,0.5933989239880206,,INSUFFICIENT_DATA,1.0,2026-07-21T07:07:12.833820+00:00
MOVER_TREND_PULLBACK@FIXED,OVERLAP/ACCUMULATION/EXPANDED/BTC_NEUTRAL,3,0,0,3,0.6666666666666666,-0.057395576956802814,0.08664675631320536,,INSUFFICIENT_DATA,1.0,2026-07-20T16:57:15.326756+00:00
MOVER_TREND_PULLBACK@FIXED,ASIA/VOLATILE_EXPANSION/CASCADE/BTC_NEUTRAL,4,0,0,4,0.0,-1.0,-1.373626852804928,,INSUFFICIENT_DATA,0.0,2026-07-22T05:13:42.324384+00:00
MOVER_TREND_PULLBACK@FIXED,NY/MARKUP/NORMAL/BTC_RISING,1,0,0,1,1.0,0.13643728148716688,0.40931184446150015,,INSUFFICIENT_DATA,1.0,2026-07-20T19:00:55.603624+00:00
MOVER_TREND_PULLBACK@FIXED,NY/MARKUP/COMPRESSED/BTC_RISING,2,0,0,2,1.0,0.8912487064170613,1.7728140998653639,,INSUFFICIENT_DATA,1.0,2026-07-20T19:31:48.237285+00:00
MOVER_TREND_PULLBACK@FIXED,OFF_HOURS/MARKUP/COMPRESSED/BTC_NEUTRAL,6,0,0,6,0.5,-0.05845723711427483,0.01842036652050438,,INSUFFICIENT_DATA,0.824047348943503,2026-07-23T00:03:10.119600+00:00
MOVER_TREND_PULLBACK@FIXED,OFF_HOURS/ACCUMULATION/NORMAL/BTC_NEUTRAL,1,0,0,1,0.0,-0.30234315948601714,-0.9070294784580524,,INSUFFICIENT_DATA,0.0,2026-07-21T00:08:03.478958+00:00
MOVER_TREND_PULLBACK@FIXED,OFF_HOURS/MARKUP/CASCADE/BTC_NEUTRAL,1,0,0,1,0.0,-1.0,-3.0000000000000018,,INSUFFICIENT_DATA,0.0,2026-07-21T00:08:03.479249+00:00
MOVER_TREND_PULLBACK@FIXED,ASIA/RANGE/NORMAL/BTC_RISING,6,0,0,6,0.0,-1.0,-2.706798267621068,,INSUFFICIENT_DATA,0.0,2026-07-21T05:47:49.166415+00:00
MOVER_TREND_PULLBACK@FIXED,ASIA/MARKUP/CASCADE/BTC_RISING,1,0,0,1,0.0,-1.0,-2.999999999999994,,INSUFFICIENT_DATA,0.0,2026-07-21T05:06:56.931098+00:00
MOVER_TREND_PULLBACK@FIXED,ASIA/MARKDOWN/NORMAL/BTC_RISING,2,0,0,2,1.0,1.3247843580689178,2.093102475069103,,INSUFFICIENT_DATA,1.0,2026-07-21T07:07:12.833988+00:00
MOVER_TREND_PULLBACK@FIXED,LONDON/QUIET/COMPRESSED/BTC_RISING,3,0,0,3,0.3333333333333333,-0.4661616161616124,-0.5336818367779051,,INSUFFICIENT_DATA,1.0,2026-07-21T10:48:56.553789+00:00
MOVER_TREND_PULLBACK@FIXED,LONDON/QUIET/NORMAL/BTC_RISING,8,0,0,8,0.0,-0.6752247470511114,-0.49038119405875585,,INSUFFICIENT_DATA,0.0,2026-07-21T12:53:29.922586+00:00
MOVER_TREND_PULLBACK@FIXED,LONDON/DISTRIBUTION/EXPANDED/BTC_RISING,4,0,0,4,0.75,0.5360827104549639,0.787148755847027,,INSUFFICIENT_DATA,1.0,2026-07-21T11:04:29.706512+00:00
MOVER_TREND_PULLBACK@FIXED,LONDON/MARKUP/COMPRESSED/BTC_RISING,3,0,0,3,0.3333333333333333,-0.37414989939734783,-0.5860427322722099,,INSUFFICIENT_DATA,1.0,2026-07-21T09:06:24.753653+00:00
MOVER_TREND_PULLBACK@FIXED,LONDON/QUIET/EXPANDED/BTC_RISING,6,0,0,6,0.0,-0.669873263065835,-0.6286132040816421,,INSUFFICIENT_DATA,0.0,2026-07-21T09:37:20.701040+00:00
MOVER_TREND_PULLBACK@FIXED,LONDON/MARKUP/NORMAL/BTC_RISING,13,0,0,13,0.5384615384615384,0.061709528695114334,0.056401101677377344,,INSUFFICIENT_DATA,1.0,2026-07-21T12:53:29.924750+00:00
MOVER_TREND_PULLBACK@FIXED,LONDON/MARKDOWN/CASCADE/BTC_RISING,2,0,0,2,1.0,1.3055328212849946,2.209149266441706,,INSUFFICIENT_DATA,1.0,2026-07-21T10:18:23.324445+00:00
MOVER_TREND_PULLBACK@FIXED,LONDON/VOLATILE_EXPANSION/CASCADE/BTC_RISING,11,0,0,11,1.0,1.1803734029447523,1.5158950348401026,,INSUFFICIENT_DATA,1.0,2026-07-21T12:58:43.396550+00:00
MOVER_TREND_PULLBACK@FIXED,LONDON/DISTRIBUTION/NORMAL/BTC_RISING,1,0,0,1,0.0,-1.0,-1.6208334678376524,,INSUFFICIENT_DATA,0.0,2026-07-21T09:57:46.077124+00:00
MOVER_TREND_PULLBACK@FIXED,LONDON/ACCUMULATION/NORMAL/BTC_RISING,1,0,0,1,1.0,0.31285173917671194,0.51918936826348,,INSUFFICIENT_DATA,1.0,2026-07-21T11:35:23.113174+00:00
MOVER_TREND_PULLBACK@FIXED,OVERLAP/QUIET/COMPRESSED/BTC_RISING,2,0,0,2,0.0,-1.0,-1.372568308037501,,INSUFFICIENT_DATA,0.0,2026-07-21T13:56:19.349848+00:00
MOVER_TREND_PULLBACK@FIXED,OVERLAP/MARKUP/NORMAL/BTC_RISING,10,0,0,10,0.8,0.2511215824625076,0.4076911458235216,,INSUFFICIENT_DATA,1.0,2026-07-21T14:59:46.440139+00:00
MOVER_TREND_PULLBACK@FIXED,OVERLAP/QUIET/NORMAL/BTC_RISING,2,0,0,2,0.0,-1.0,-1.1667460522909565,,INSUFFICIENT_DATA,0.0,2026-07-21T13:29:55.917444+00:00
MOVER_TREND_PULLBACK@FIXED,OVERLAP/MARKUP/EXPANDED/BTC_RISING,1,0,0,1,1.0,1.328018934434493,1.7800965000000089,,INSUFFICIENT_DATA,1.0,2026-07-21T13:45:48.471998+00:00
MOVER_TREND_PULLBACK@FIXED,OVERLAP/MARKDOWN/NORMAL/BTC_RISING,2,0,0,2,1.0,0.386590968239268,1.1382598089779516,,INSUFFICIENT_DATA,1.0,2026-07-21T15:15:50.236404+00:00
MOVER_TREND_PULLBACK@FIXED,OVERLAP/QUIET/EXPANDED/BTC_RISING,3,0,0,3,1.0,1.3006102623487852,1.755523583673466,,INSUFFICIENT_DATA,1.0,2026-07-21T14:22:49.151726+00:00
MOVER_TREND_PULLBACK@FIXED,OVERLAP/MARKUP/CASCADE/BTC_RISING,3,0,0,3,0.3333333333333333,-0.3382352941176478,-0.7074193541129166,,INSUFFICIENT_DATA,1.0,2026-07-21T15:20:58.930766+00:00
MOVER_TREND_PULLBACK@FIXED,OVERLAP/RANGE/NORMAL/BTC_RISING,5,0,0,5,1.0,0.2782804298765265,0.7896601289374303,,INSUFFICIENT_DATA,1.0,2026-07-21T16:53:31.900072+00:00
MOVER_TREND_PULLBACK@FIXED,NY/VOLATILE_EXPANSION/NORMAL/BTC_RISING,4,0,0,4,0.75,0.05660047284395957,0.1698014185318797,,INSUFFICIENT_DATA,1.0,2026-07-21T18:27:01.002585+00:00
MOVER_TREND_PULLBACK@FIXED,NY/QUIET/NORMAL/BTC_RISING,1,0,0,1,1.0,0.5063914833766568,0.6382068104956188,,INSUFFICIENT_DATA,1.0,2026-07-21T17:45:38.692244+00:00
MOVER_TREND_PULLBACK@FIXED,NY/VOLATILE_EXPANSION/COMPRESSED/BTC_NEUTRAL,2,0,0,2,0.5,-0.07320832539425372,-0.2196249761827612,,INSUFFICIENT_DATA,1.0,2026-07-21T19:59:39.608507+00:00
MOVER_TREND_PULLBACK@FIXED,NY/MARKUP/EXPANDED/BTC_RISING,1,0,0,1,0.0,-0.43380526087470545,-0.846479415159669,,INSUFFICIENT_DATA,0.0,2026-07-21T22:18:55.465073+00:00
MOVER_TREND_PULLBACK@FIXED,OFF_HOURS/QUIET/NORMAL/BTC_NEUTRAL,2,0,0,2,1.0,0.7137592658021561,0.9620991253644227,,INSUFFICIENT_DATA,1.0,2026-07-22T00:01:31.629338+00:00
MOVER_TREND_PULLBACK@FIXED,ASIA/DISTRIBUTION/EXPANDED/BTC_RISING,1,0,0,1,0.0,-1.0,-1.326489497799631,,INSUFFICIENT_DATA,0.0,2026-07-22T02:55:22.314439+00:00
MOVER_TREND_PULLBACK@FIXED,ASIA/QUIET/EXPANDED/BTC_RISING,1,0,0,1,0.0,-1.0,-1.5112619932694762,,INSUFFICIENT_DATA,0.0,2026-07-22T03:56:58.990983+00:00
MOVER_TREND_PULLBACK@FIXED,ASIA/DISTRIBUTION/EXPANDED/BTC_NEUTRAL,3,0,0,3,0.0,-1.0,-1.1161570433169343,,INSUFFICIENT_DATA,0.0,2026-07-22T05:44:20.734799+00:00
MOVER_TREND_PULLBACK@FIXED,ASIA/MARKUP/CASCADE/BTC_NEUTRAL,4,0,0,4,1.0,0.8049199509109838,1.3957444253128342,,INSUFFICIENT_DATA,0.9490054160946099,2026-07-23T07:55:46.801238+00:00
MOVER_TREND_PULLBACK@FIXED,OVERLAP/QUIET/NORMAL/BTC_NEUTRAL,3,0,0,3,0.0,-1.1242940967061117,-1.3972565106705854,,INSUFFICIENT_DATA,0.0,2026-07-22T14:17:37.034481+00:00
MOVER_TREND_PULLBACK@FIXED,OVERLAP/QUIET/EXPANDED/BTC_NEUTRAL,1,0,0,1,0.0,-1.0899075637830762,-1.8183802083872664,,INSUFFICIENT_DATA,0.0,2026-07-22T16:58:52.533709+00:00
MOVER_TREND_PULLBACK@FIXED,NY/DISTRIBUTION/EXPANDED/BTC_NEUTRAL,1,0,0,1,1.0,0.8483563929080524,1.605175282388279,,INSUFFICIENT_DATA,0.9145384500880768,2026-07-22T20:20:23.555842+00:00
MOVER_TREND_PULLBACK@FIXED,ASIA/MARKDOWN/EXPANDED/BTC_NEUTRAL,1,0,0,1,0.0,-0.5200495564805963,-1.4299801168137058,,INSUFFICIENT_DATA,0.0,2026-07-23T01:36:37.855294+00:00
MOVER_TREND_PULLBACK@FIXED,LONDON/MARKUP/CASCADE/BTC_NEUTRAL,4,0,0,4,0.5,-0.20909306864067556,-0.3340285558527343,,INSUFFICIENT_DATA,0.8717563120151905,2026-07-23T12:50:15.784165+00:00
MOVER_TREND_PULLBACK@TUNED,LONDON/ACCUMULATION/EXPANDED/BTC_NEUTRAL,2,0,0,2,0.5,-0.13066529998141427,-0.2759653120648099,,INSUFFICIENT_DATA,0.4015909090909328,2026-07-23T11:36:42.677237+00:00
MOVER_TREND_PULLBACK@TUNED,LONDON/MARKUP/COMPRESSED/BTC_NEUTRAL,2,0,0,2,0.5,-0.3782512426472593,-0.9413474784449621,,INSUFFICIENT_DATA,0.8398973509933738,2026-07-23T11:36:42.677553+00:00
MOVER_TREND_PULLBACK@TUNED,LONDON/MARKDOWN/NORMAL/BTC_NEUTRAL,2,0,0,2,0.0,-1.0568399616228845,-2.7889884109212324,,INSUFFICIENT_DATA,0.0,2026-07-23T11:36:42.678253+00:00
MOVER_TREND_PULLBACK@TUNED,LONDON/QUIET/COMPRESSED/BTC_NEUTRAL,9,0,0,9,0.0,-1.0383075501646104,-1.362819337123123,,INSUFFICIENT_DATA,0.0,2026-07-23T12:39:37.230216+00:00
MOVER_TREND_PULLBACK@TUNED,LONDON/RANGE/EXPANDED/BTC_NEUTRAL,1,0,0,1,1.0,1.2901481401964494,1.5256585211044111,,INSUFFICIENT_DATA,0.9104829545454545,2026-07-23T11:31:26.945936+00:00
MOVER_TREND_PULLBACK@TUNED,LONDON/MARKUP/EXPANDED/BTC_NEUTRAL,2,0,0,2,0.5,0.3667574094242164,1.592881313203184,,INSUFFICIENT_DATA,0.9672884202519624,2026-07-23T11:57:34.263462+00:00
MOVER_TREND_PULLBACK@TUNED,LONDON/ACCUMULATION/NORMAL/BTC_NEUTRAL,3,0,0,3,0.3333333333333333,-0.1948065960545943,-0.41143182681351703,,INSUFFICIENT_DATA,0.47573008849559073,2026-07-23T13:01:03.784157+00:00
MOVER_TREND_PULLBACK@TUNED,LONDON/RANGE/NORMAL/BTC_NEUTRAL,1,0,0,1,1.0,0.48759046910927084,1.4499343395744102,,INSUFFICIENT_DATA,0.9062461525515473,2026-07-23T12:07:55.357795+00:00
MOVER_TREND_PULLBACK@TUNED,LONDON/MARKDOWN/CASCADE/BTC_NEUTRAL,1,0,0,1,1.0,0.37365450519333804,0.5924373480697808,,INSUFFICIENT_DATA,0.7979627501364577,2026-07-23T12:18:34.122679+00:00
MOVER_TREND_PULLBACK@TUNED,LONDON/MARKUP/NORMAL/BTC_NEUTRAL,2,0,0,2,0.0,0.0,0.0,,INSUFFICIENT_DATA,0.0,2026-07-23T12:29:00.871594+00:00
MOVER_TREND_PULLBACK@TUNED,OVERLAP/MARKDOWN/NORMAL/BTC_NEUTRAL,1,0,0,1,0.0,-1.0568399616228845,-2.7889884109212324,,INSUFFICIENT_DATA,0.0,2026-07-23T13:06:29.553761+00:00
MOVER_TREND_PULLBACK@TUNED,OVERLAP/ACCUMULATION/NORMAL/BTC_NEUTRAL,9,0,0,9,0.6666666666666666,0.21546680193716106,0.3317385320315537,,INSUFFICIENT_DATA,0.8507346861193962,2026-07-23T16:47:56.422832+00:00
MOVER_TREND_PULLBACK@TUNED,OVERLAP/RANGE/NORMAL/BTC_NEUTRAL,1,0,0,1,1.0,0.5257391563369895,1.4237061065652972,,INSUFFICIENT_DATA,0.9046836004675717,2026-07-23T13:22:16.756153+00:00
MOVER_TREND_PULLBACK@TUNED,OVERLAP/VOLATILE_EXPANSION/CASCADE/BTC_NEUTRAL,1,0,0,1,0.0,0.0,0.0,,INSUFFICIENT_DATA,0.0,2026-07-23T14:57:03.215359+00:00
MOVER_TREND_PULLBACK@TUNED,OVERLAP/QUIET/COMPRESSED/BTC_NEUTRAL,3,0,0,3,0.3333333333333333,-0.055837284532277966,-0.11792842975903672,,INSUFFICIENT_DATA,0.6699582172701983,2026-07-23T16:16:19.096055+00:00
MOVER_TREND_PULLBACK@TUNED,OVERLAP/MARKDOWN/CASCADE/BTC_NEUTRAL,1,0,0,1,0.0,0.0,0.0,,INSUFFICIENT_DATA,0.0,2026-07-23T15:49:45.778276+00:00
MOVER_TREND_PULLBACK@TUNED,OVERLAP/MARKUP/NORMAL/BTC_NEUTRAL,2,0,0,2,1.0,1.047596618166798,1.6489894135844303,,INSUFFICIENT_DATA,0.9166198539761667,2026-07-23T16:58:35.087802+00:00
MOVER_TREND_PULLBACK@TUNED,OVERLAP/MARKDOWN/EXPANDED/BTC_NEUTRAL,1,0,0,1,1.0,11.27966139209295,2.9866864802155337,,INSUFFICIENT_DATA,0.952178835549515,2026-07-23T16:32:02.684826+00:00
MOVER_TREND_PULLBACK@TUNED,OVERLAP/MARKUP/EXPANDED/BTC_NEUTRAL,1,0,0,1,0.0,-0.17800110132157973,-0.27987012987011944,,INSUFFICIENT_DATA,0.0,2026-07-23T16:47:56.425105+00:00
MOVER_TREND_PULLBACK@TUNED,NY/QUIET/COMPRESSED/BTC_NEUTRAL,7,0,0,7,0.14285714285714285,-0.326386347194585,-0.5589125205722204,,INSUFFICIENT_DATA,-0.3777325581394911,2026-07-23T22:53:34.966244+00:00
MOVER_TREND_PULLBACK@TUNED,NY/ACCUMULATION/EXPANDED/BTC_NEUTRAL,1,0,0,1,0.0,0.0,0.0,,INSUFFICIENT_DATA,0.0,2026-07-23T17:51:12.021168+00:00
MOVER_TREND_PULLBACK@TUNED,NY/MARKDOWN/NORMAL/BTC_NEUTRAL,2,0,0,2,0.0,-0.5322777095001141,-1.2367924747686156,,INSUFFICIENT_DATA,0.0,2026-07-23T20:58:55.293502+00:00
MOVER_TREND_PULLBACK@TUNED,NY/MARKUP/EXPANDED/BTC_NEUTRAL,3,0,0,3,0.3333333333333333,0.13417127748069038,0.2432666708561894,,INSUFFICIENT_DATA,0.829506708505179,2026-07-23T21:04:04.603680+00:00
MOVER_TREND_PULLBACK@TUNED,NY/MARKDOWN/COMPRESSED/BTC_NEUTRAL,1,0,0,1,0.0,-0.3349049115085942,-0.670319027725027,,INSUFFICIENT_DATA,0.0,2026-07-23T20:32:56.935452+00:00
MOVER_TREND_PULLBACK@TUNED,NY/MARKUP/NORMAL/BTC_NEUTRAL,1,0,0,1,0.0,-1.1530038177185007,-1.1303676943275547,,INSUFFICIENT_DATA,0.0,2026-07-23T20:38:07.973853+00:00
MOVER_TREND_PULLBACK@TUNED,NY/MARKUP/COMPRESSED/BTC_NEUTRAL,5,0,0,5,0.0,-1.248858414232812,-1.1525038304213768,,INSUFFICIENT_DATA,0.0,2026-07-23T22:06:38.923629+00:00
MOVER_TREND_PULLBACK@TUNED,OFF_HOURS/QUIET/COMPRESSED/BTC_NEUTRAL,6,0,0,6,1.0,0.22146723977612803,0.26313246402498436,,INSUFFICIENT_DATA,0.6369203268641491,2026-07-24T00:58:46.753091+00:00
MOVER_TREND_PULLBACK@TUNED,OFF_HOURS/ACCUMULATION/NORMAL/BTC_NEUTRAL,1,0,0,1,0.0,0.0,0.0,,INSUFFICIENT_DATA,0.0,2026-07-24T00:06:41.469112+00:00
MOVER_TREND_PULLBACK@TUNED,OFF_HOURS/VOLATILE_EXPANSION/NORMAL/BTC_NEUTRAL,1,0,0,1,0.0,0.0,0.0,,INSUFFICIENT_DATA,0.0,2026-07-24T00:37:51.730266+00:00
MOVER_TREND_PULLBACK@TUNED,OFF_HOURS/VOLATILE_EXPANSION/COMPRESSED/BTC_NEUTRAL,1,0,0,1,0.0,0.0,0.0,,INSUFFICIENT_DATA,0.0,2026-07-24T00:48:17.140734+00:00
MOVER_TREND_PULLBACK@TUNED,ASIA/ACCUMULATION/NORMAL/BTC_NEUTRAL,6,0,0,6,0.16666666666666666,0.1918856494613064,0.22798560999282577,,INSUFFICIENT_DATA,0.901180150125104,2026-07-24T03:09:14.261143+00:00
MOVER_TREND_PULLBACK@TUNED,ASIA/MARKDOWN/NORMAL/BTC_NEUTRAL,1,0,0,1,0.0,0.0,0.0,,INSUFFICIENT_DATA,0.0,2026-07-24T03:24:42.773358+00:00
POST_DISPLACEMENT_CONTINUATION,ASIA/MARKDOWN/NORMAL/BTC_NEUTRAL,7,0,7,0,0.0,-1.0,-1.823119203023017,,INSUFFICIENT_DATA,0.0,2026-07-16T08:15:39.851108+00:00
POST_DISPLACEMENT_CONTINUATION,NY/MARKDOWN/NORMAL/BTC_NEUTRAL,2,0,2,0,1.0,0.03883212622865301,0.031065700982922495,,INSUFFICIENT_DATA,0.17157142857140295,2026-07-23T19:24:49.636701+00:00
POST_DISPLACEMENT_CONTINUATION,NY/MARKDOWN/NORMAL/BTC_NEUTRAL/ALTCOIN,2,0,2,0,1.0,0.03883212622865301,0.031065700982922495,,INSUFFICIENT_DATA,0.17157142857140295,2026-07-23T19:24:49.636710+00:00
POST_DISPLACEMENT_CONTINUATION@ATR,LONDON/MARKUP/NORMAL/BTC_NEUTRAL,1,0,0,1,0.0,0.0,0.0,,INSUFFICIENT_DATA,0.0,2026-07-20T12:56:35.735352+00:00
POST_DISPLACEMENT_CONTINUATION@ATR,OVERLAP/MARKDOWN/NORMAL/BTC_NEUTRAL,1,0,0,1,1.0,0.18832007271100865,0.912194269741435,,INSUFFICIENT_DATA,0.8587828947368414,2026-07-23T16:16:19.099351+00:00
POST_DISPLACEMENT_CONTINUATION@ATR,NY/MARKDOWN/NORMAL/BTC_NEUTRAL,1,0,0,1,1.0,0.006565245199060772,0.031065700982922495,,INSUFFICIENT_DATA,0.17157142857140295,2026-07-23T19:24:54.579571+00:00
POST_DISPLACEMENT_CONTINUATION@FIXED,LONDON/MARKUP/NORMAL/BTC_NEUTRAL,1,0,0,1,0.0,0.0,0.0,,INSUFFICIENT_DATA,0.0,2026-07-20T12:56:35.735228+00:00
POST_DISPLACEMENT_CONTINUATION@FIXED,OVERLAP/MARKDOWN/NORMAL/BTC_NEUTRAL,1,0,0,1,1.0,0.4457249197568771,0.912194269741435,,INSUFFICIENT_DATA,0.8587828947368414,2026-07-23T16:16:19.098639+00:00
POST_DISPLACEMENT_CONTINUATION@FIXED,NY/MARKDOWN/NORMAL/BTC_NEUTRAL,1,0,0,1,1.0,0.03883212622865301,0.031065700982922495,,INSUFFICIENT_DATA,0.17157142857140295,2026-07-23T19:24:54.579476+00:00
QUIET_COMPRESSION_BREAK,OVERLAP/QUIET/COMPRESSED/BTC_NEUTRAL,34,0,34,0,1.0,2.1710058968447212,1.7571359121568941,1.9506099238066184,STRONG,0.9876017936165359,2026-07-22T14:01:59.496439+00:00
QUIET_COMPRESSION_BREAK,OVERLAP/DISTRIBUTION/NORMAL/BTC_NEUTRAL,28,0,28,0,1.0,1.5182593307593297,1.2146074646074627,1.3350855880753867,STRONG,1.0,2026-07-15T13:26:18.866577+00:00
QUIET_COMPRESSION_BREAK,ASIA/RANGE/NORMAL/BTC_RISING,50,0,50,0,1.0,1.2522749137731644,1.0018199310185258,1.162925055879807,STRONG,1.0,2026-07-22T01:23:18.182183+00:00
QUIET_COMPRESSION_BREAK,ASIA/RANGE/NORMAL/BTC_RISING/ALTCOIN,50,0,50,0,1.0,1.2522749137731644,1.0018199310185258,1.162925055879807,STRONG,1.0,2026-07-22T01:23:18.182193+00:00
QUIET_COMPRESSION_BREAK,OVERLAP/QUIET/EXPANDED/BTC_NEUTRAL/ALTCOIN,50,0,50,0,0.84,1.3013650801370118,1.0408553568800634,1.0979097183476125,STRONG,1.0,2026-07-23T13:32:38.924791+00:00
QUIET_COMPRESSION_BREAK,ASIA/QUIET/NORMAL/BTC_NEUTRAL/MIDCAP,31,0,31,0,1.0,1.0922523325797007,1.166281872987493,0.9718216818392587,STRONG,1.0,2026-07-20T01:19:59.368555+00:00
QUIET_COMPRESSION_BREAK,OVERLAP/RANGE/EXPANDED/BTC_NEUTRAL/MAJOR,36,0,36,0,1.0,0.713287712764498,0.8366130053186304,0.6445112058632667,STRONG,1.0,2026-07-20T16:26:33.272542+00:00
QUIET_COMPRESSION_BREAK,OVERLAP/RANGE/EXPANDED/BTC_NEUTRAL/MIDCAP,50,0,50,0,1.0,0.5113845493173781,0.7824718947795815,0.47489724424736457,STRONG,1.0,2026-07-20T16:51:59.279216+00:00
QUIET_COMPRESSION_BREAK,OVERLAP/QUIET/NORMAL/BTC_NEUTRAL/MAJOR,41,0,41,0,1.0,0.4381360912175991,0.4627670614615379,0.4006007756173188,STRONG,0.8134924254542961,2026-07-23T13:37:54.431358+00:00
QUIET_COMPRESSION_BREAK,ASIA/VOLATILE_EXPANSION/CASCADE/BTC_NEUTRAL,50,0,50,0,1.0,0.417436633721678,0.5318726199289578,0.3876525156400237,STRONG,1.0,2026-07-22T06:20:04.809684+00:00
QUIET_COMPRESSION_BREAK,ASIA/VOLATILE_EXPANSION/CASCADE/BTC_NEUTRAL/ALTCOIN,50,0,50,0,1.0,0.417436633721678,0.5318726199289578,0.3876525156400237,STRONG,1.0,2026-07-22T06:20:04.809694+00:00
QUIET_COMPRESSION_BREAK,OVERLAP/DISTRIBUTION/EXPANDED/BTC_NEUTRAL,21,0,21,0,1.0,0.4332392241848745,0.3465913793478985,0.3662414541689087,STRONG,0.6979407894736853,2026-07-22T15:09:24.270141+00:00
QUIET_COMPRESSION_BREAK,OVERLAP/DISTRIBUTION/EXPANDED/BTC_NEUTRAL/MIDCAP,21,0,21,0,1.0,0.4332392241848745,0.3465913793478985,0.3662414541689087,STRONG,0.6979407894736853,2026-07-22T15:09:24.270150+00:00
QUIET_COMPRESSION_BREAK,NY/QUIET/NORMAL/BTC_NEUTRAL/MIDCAP,50,0,50,0,0.94,0.37689195867025377,0.5925450873930084,0.330140266634645,STRONG,0.9635877974786927,2026-07-23T21:19:35.236079+00:00
QUIET_COMPRESSION_BREAK,OVERLAP/RANGE/EXPANDED/BTC_NEUTRAL/ALTCOIN,50,0,50,0,0.82,0.30083861505997866,0.3262579930466182,0.25012899995748095,STRONG,1.0,2026-07-20T17:02:23.132541+00:00
QUIET_COMPRESSION_BREAK,OVERLAP/RANGE/EXPANDED/BTC_NEUTRAL,50,0,50,0,0.82,0.2663735764111055,0.4403828980252,0.22104232282774988,POSITIVE,1.0,2026-07-20T17:02:23.132530+00:00
QUIET_COMPRESSION_BREAK,LONDON/VOLATILE_EXPANSION/CASCADE/BTC_NEUTRAL,35,0,35,0,1.0,0.2334910318355878,0.21727257716944529,0.21039777234319834,POSITIVE,1.0,2026-07-19T10:53:48.730694+00:00
QUIET_COMPRESSION_BREAK,ASIA/QUIET/COMPRESSED/BTC_RISING,42,0,42,0,0.8809523809523809,0.25083681138122266,0.20066944910497625,0.209870048120479,POSITIVE,1.0,2026-07-22T01:23:18.181677+00:00
QUIET_COMPRESSION_BREAK,ASIA/QUIET/COMPRESSED/BTC_RISING/MIDCAP,42,0,42,0,0.8809523809523809,0.25083681138122266,0.20066944910497625,0.209870048120479,POSITIVE,1.0,2026-07-22T01:23:18.181696+00:00
QUIET_COMPRESSION_BREAK,OFF_HOURS/QUIET/NORMAL/BTC_RISING,38,0,38,0,1.0,0.16322799686601855,0.13058239749281692,0.14824155579396353,POSITIVE,1.0,2026-07-22T01:02:48.067059+00:00
QUIET_COMPRESSION_BREAK,OFF_HOURS/QUIET/NORMAL/BTC_RISING/MIDCAP,38,0,38,0,1.0,0.16322799686601855,0.13058239749281692,0.14824155579396353,POSITIVE,1.0,2026-07-22T01:02:48.067082+00:00
QUIET_COMPRESSION_BREAK,LONDON/DISTRIBUTION/EXPANDED/BTC_NEUTRAL,19,0,19,0,1.0,0.1759495124944794,0.17118371117545636,0.14635755539870712,POSITIVE,1.0,2026-07-19T10:58:52.348596+00:00
QUIET_COMPRESSION_BREAK,ASIA/QUIET/NORMAL/BTC_RISING/ALTCOIN,25,0,25,0,1.0,0.16722891156751643,0.2681564245810067,0.14495460685911707,POSITIVE,1.0,2026-07-22T01:13:03.924064+00:00
QUIET_COMPRESSION_BREAK,OVERLAP/QUIET/NORMAL/BTC_NEUTRAL,50,0,50,0,0.76,0.16540538628594867,0.2203811809016102,0.1015501644628101,POSITIVE,0.779115387295552,2026-07-23T13:37:54.431349+00:00
QUIET_COMPRESSION_BREAK,LONDON/QUIET/NORMAL/BTC_NEUTRAL/ALTCOIN,50,0,50,0,0.8,0.10098623412208743,0.1296568140489877,0.0793516329216952,POSITIVE,1.0,2026-07-22T11:46:40.028590+00:00
QUIET_COMPRESSION_BREAK,NY/QUIET/NORMAL/BTC_FALLING,48,0,48,0,1.0,0.0815477459243851,0.15642069065399888,0.07550484175585792,POSITIVE,1.0,2026-07-13T22:51:43.135733+00:00
QUIET_COMPRESSION_BREAK,ASIA/RANGE/NORMAL/BTC_RISING/MIDCAP,19,0,19,0,1.0,0.08098179057709892,0.12696155604083081,0.06736191952248878,POSITIVE,1.0,2026-07-21T07:07:07.292040+00:00
QUIET_COMPRESSION_BREAK,OVERLAP/QUIET/NORMAL/BTC_RISING,17,0,17,0,0.5882352941176471,0.09797499857288246,0.06586473060083084,0.03861349250364362,FLAT,1.0,2026-07-21T15:20:55.992705+00:00
QUIET_COMPRESSION_BREAK,OVERLAP/QUIET/NORMAL/BTC_RISING/ALTCOIN,17,0,17,0,0.5882352941176471,0.09797499857288246,0.06586473060083084,0.03861349250364362,FLAT,1.0,2026-07-21T15:20:55.992713+00:00
QUIET_COMPRESSION_BREAK,LONDON/QUIET/NORMAL/BTC_NEUTRAL,50,0,50,0,0.8,0.05650454259431869,0.09187024017095048,0.03651909103048118,FLAT,0.9602054679745279,2026-07-22T11:46:40.028579+00:00
QUIET_COMPRESSION_BREAK,LONDON/QUIET/COMPRESSED/BTC_NEUTRAL/ALTCOIN,50,0,50,0,0.8,0.051564414279602205,0.3092597924842553,0.02808948468176084,FLAT,0.7615479651772388,2026-07-23T12:39:32.610635+00:00
QUIET_COMPRESSION_BREAK,NY/VOLATILE_EXPANSION/CASCADE/BTC_NEUTRAL/ALTCOIN,33,0,33,0,0.21212121212121213,0.04639482416451932,0.06121132254635848,0.010090192299506015,FLAT,1.0,2026-07-20T17:28:07.303238+00:00
QUIET_COMPRESSION_BREAK,NY/QUIET/EXPANDED/BTC_NEUTRAL/ALTCOIN,44,0,44,0,0.4318181818181818,0.020671189428060597,0.02072642051243638,0.00969638487251433,FLAT,1.0,2026-07-19T18:12:31.890686+00:00
QUIET_COMPRESSION_BREAK,OVERLAP/VOLATILE_EXPANSION/CASCADE/BTC_NEUTRAL,50,0,50,0,1.0,0.009905759887230631,0.015831408012133317,0.00919898358075413,FLAT,0.09546688532593882,2026-07-23T13:58:52.233692+00:00
QUIET_COMPRESSION_BREAK,OVERLAP/VOLATILE_EXPANSION/CASCADE/BTC_NEUTRAL/MIDCAP,50,0,50,0,1.0,0.009905759887230631,0.015831408012133317,0.00919898358075413,FLAT,0.09546688532593882,2026-07-23T13:58:52.233702+00:00
QUIET_COMPRESSION_BREAK,OFF_HOURS/QUIET/COMPRESSED/BTC_FALLING,23,0,23,0,0.8260869565217391,0.011446608975751074,0.009157287180600899,0.008388510970816766,FLAT,1.0,2026-07-17T00:26:55.084486+00:00
QUIET_COMPRESSION_BREAK,NY/VOLATILE_EXPANSION/CASCADE/BTC_NEUTRAL,50,0,50,0,0.28,0.022561695289766613,0.023878058282483794,-0.002739308985435167,FLAT,1.0,2026-07-20T17:28:07.303231+00:00
QUIET_COMPRESSION_BREAK,OVERLAP/VOLATILE_EXPANSION/CASCADE/BTC_NEUTRAL/ALTCOIN,50,0,50,0,0.32,0.0507784304746107,-0.11313905689609668,-0.0258703270596721,FLAT,1.0,2026-07-23T13:37:54.431440+00:00
QUIET_COMPRESSION_BREAK,ASIA/VOLATILE_EXPANSION/CASCADE/BTC_NEUTRAL/MAJOR,31,0,31,0,0.0,-0.030576346846599527,-0.026054358862372763,-0.030576346846599527,FLAT,0.0,2026-07-20T01:19:59.368659+00:00
QUIET_COMPRESSION_BREAK,ASIA/QUIET/NORMAL/BTC_RISING/MAJOR,50,0,50,0,0.22,-0.016625389551030902,-0.07165736472543785,-0.033580888460507434,FLAT,1.0,2026-07-22T02:39:53.232454+00:00
QUIET_COMPRESSION_BREAK,NY/QUIET/COMPRESSED/BTC_NEUTRAL,50,0,50,0,0.66,-0.018579337454340674,0.11878630508089669,-0.03548577304677561,FLAT,1.0,2026-07-23T22:48:18.971987+00:00
QUIET_COMPRESSION_BREAK,NY/QUIET/COMPRESSED/BTC_NEUTRAL/MIDCAP,50,0,50,0,0.66,-0.018579337454340674,0.11878630508089669,-0.03548577304677561,FLAT,1.0,2026-07-23T22:48:18.971998+00:00
QUIET_COMPRESSION_BREAK,OFF_HOURS/QUIET/COMPRESSED/BTC_NEUTRAL,50,0,50,0,0.5,-0.029024977157343777,0.007040170352694932,-0.036411695058317275,FLAT,1.0,2026-07-23T00:18:37.924997+00:00
QUIET_COMPRESSION_BREAK,OFF_HOURS/QUIET/COMPRESSED/BTC_NEUTRAL/ALTCOIN,50,0,50,0,0.5,-0.029024977157343777,0.007040170352694932,-0.036411695058317275,FLAT,1.0,2026-07-23T00:18:37.925021+00:00
QUIET_COMPRESSION_BREAK,NY/QUIET/COMPRESSED/BTC_RISING/ALTCOIN,33,0,33,0,0.0,-0.041355510445790125,-0.07742551912163993,-0.041355510445790125,FLAT,0.0,2026-07-21T20:46:15.372316+00:00
QUIET_COMPRESSION_BREAK,ASIA/QUIET/COMPRESSED/BTC_NEUTRAL,50,0,50,0,0.22,0.008554504515634678,-0.0604601595316612,-0.042615265014119136,FLAT,1.0,2026-07-24T01:19:27.941266+00:00
QUIET_COMPRESSION_BREAK,NY/VOLATILE_EXPANSION/CASCADE/BTC_RISING,36,0,36,0,0.19444444444444445,-0.010438380067683967,-0.008350704054147855,-0.04300765534150458,FLAT,1.0,2026-07-20T17:22:57.897830+00:00
QUIET_COMPRESSION_BREAK,ASIA/QUIET/COMPRESSED/BTC_NEUTRAL/MIDCAP,44,0,44,0,0.25,0.010244826474171798,-0.06828568784812729,-0.04745367030793368,FLAT,1.0,2026-07-24T01:19:27.941277+00:00
QUIET_COMPRESSION_BREAK,NY/QUIET/EXPANDED/BTC_NEUTRAL,50,0,50,0,0.36,-0.04678655372959011,-0.0340720506425822,-0.05642978100910244,NEGATIVE,1.0,2026-07-22T19:49:08.260396+00:00
QUIET_COMPRESSION_BREAK,NY/QUIET/COMPRESSED/BTC_RISING,46,0,46,0,0.0,-0.05777418222933504,-0.09498403572501982,-0.05777418222933504,NEGATIVE,0.0,2026-07-21T20:46:15.372308+00:00
QUIET_COMPRESSION_BREAK,NY/QUIET/COMPRESSED/BTC_NEUTRAL/ALTCOIN,41,0,41,0,0.1951219512195122,-0.06003224589209139,-0.04802579671367367,-0.0607414337607339,NEGATIVE,1.0,2026-07-19T22:26:38.318209+00:00
QUIET_COMPRESSION_BREAK,NY/QUIET/NORMAL/BTC_NEUTRAL,50,0,50,0,0.44,-0.031623269418637336,0.11614685357670161,-0.07813945152519493,NEGATIVE,0.9087777180368011,2026-07-23T21:29:59.942499+00:00
QUIET_COMPRESSION_BREAK,NY/VOLATILE_EXPANSION/CASCADE/BTC_RISING/ALTCOIN,26,0,26,0,0.0,-0.0785031554438999,-0.06280252435512011,-0.0785031554438999,NEGATIVE,0.0,2026-07-20T17:22:57.897848+00:00
QUIET_COMPRESSION_BREAK,OFF_HOURS/QUIET/EXPANDED/BTC_RISING,44,0,44,0,0.0,-0.09226286824214915,-0.2055609650546353,-0.09226286824214915,NEGATIVE,0.0,2026-07-18T23:25:38.410285+00:00
QUIET_COMPRESSION_BREAK,ASIA/QUIET/NORMAL/BTC_NEUTRAL,50,0,50,0,0.32,-0.06531268395268817,-0.32564821515608655,-0.10612399618611829,NEGATIVE,0.7704900857449098,2026-07-24T03:45:32.997945+00:00
QUIET_COMPRESSION_BREAK,ASIA/QUIET/NORMAL/BTC_NEUTRAL/ALTCOIN,50,0,50,0,0.32,-0.06531268395268817,-0.32564821515608655,-0.10612399618611829,NEGATIVE,0.7704900857449098,2026-07-24T03:45:32.997952+00:00
QUIET_COMPRESSION_BREAK,ASIA/QUIET/EXPANDED/BTC_NEUTRAL,19,0,19,0,0.3684210526315789,0.025280169011451248,-0.05583951389381745,-0.11787502446314982,NEGATIVE,1.0,2026-07-20T07:46:20.597797+00:00
QUIET_COMPRESSION_BREAK,OVERLAP/QUIET/NORMAL/BTC_NEUTRAL/ALTCOIN,34,0,34,0,0.7941176470588235,-0.10238483681009489,-0.11809689649917336,-0.11840117509656135,NEGATIVE,0.825860225924411,2026-07-22T17:03:59.017001+00:00
QUIET_COMPRESSION_BREAK,OFF_HOURS/QUIET/NORMAL/BTC_NEUTRAL,50,0,50,0,0.86,-0.13643283594514502,-0.12587693287840623,-0.12344541937705586,NEGATIVE,-2.312156870881543,2026-07-24T00:22:17.895566+00:00
QUIET_COMPRESSION_BREAK,OFF_HOURS/QUIET/NORMAL/BTC_NEUTRAL/ALTCOIN,50,0,50,0,0.86,-0.13643283594514502,-0.12587693287840623,-0.12344541937705586,NEGATIVE,-2.312156870881543,2026-07-24T00:22:17.895578+00:00
QUIET_COMPRESSION_BREAK,LONDON/QUIET/COMPRESSED/BTC_NEUTRAL,50,0,50,0,0.5,-0.09449573209663814,0.18835916697354932,-0.13060893498685905,NEGATIVE,0.8322574760057773,2026-07-23T12:39:32.610627+00:00
QUIET_COMPRESSION_BREAK,ASIA/QUIET/NORMAL/BTC_FALLING,44,0,44,0,0.75,-0.12330584276790374,-0.09864467421432402,-0.13146881186759496,NEGATIVE,1.0,2026-07-17T02:19:04.288452+00:00
QUIET_COMPRESSION_BREAK,ASIA/VOLATILE_EXPANSION/CASCADE/BTC_NEUTRAL/MIDCAP,50,0,50,0,0.02,-0.13573322219158032,-0.36974358787569295,-0.13632782186348416,NEGATIVE,1.0,2026-07-21T06:22:59.747106+00:00
QUIET_COMPRESSION_BREAK,NY/QUIET/NORMAL/BTC_RISING/MIDCAP,19,0,19,0,0.6842105263157895,-0.11371790807685718,-0.051270306539507204,-0.13716701051685132,NEGATIVE,1.0,2026-07-21T22:18:51.242496+00:00
QUIET_COMPRESSION_BREAK,ASIA/QUIET/NORMAL/BTC_NEUTRAL/MAJOR,50,0,50,0,0.66,-0.1593629310346555,-0.1694015870414997,-0.1456165790343041,NEGATIVE,-2.8775673469389527,2026-07-23T05:03:39.332836+00:00
QUIET_COMPRESSION_BREAK,NY/QUIET/EXPANDED/BTC_RISING,50,0,50,0,0.0,-0.1714818709443059,-0.1631598561476997,-0.1714818709443059,NEGATIVE,0.0,2026-07-21T19:03:03.866395+00:00
QUIET_COMPRESSION_BREAK,LONDON/RANGE/NORMAL/BTC_NEUTRAL/MIDCAP,50,0,50,0,0.0,-0.1876133880045327,-0.23963534305095596,-0.1876133880045327,NEGATIVE,0.0,2026-07-20T12:56:33.734714+00:00
QUIET_COMPRESSION_BREAK,ASIA/QUIET/NORMAL/BTC_RISING,50,0,50,0,0.02,-0.1879194389635479,-0.15387031795131936,-0.1896907992034038,NEGATIVE,1.0,2026-07-22T02:39:53.232442+00:00
QUIET_COMPRESSION_BREAK,LONDON/QUIET/NORMAL/BTC_NEUTRAL/MIDCAP,50,0,50,0,0.02,-0.20141536777912683,-0.297041364781395,-0.20071628110738687,NEGATIVE,-0.2928333333332845,2026-07-22T11:36:16.127182+00:00
QUIET_COMPRESSION_BREAK,OVERLAP/QUIET/EXPANDED/BTC_NEUTRAL,50,0,50,0,0.52,-0.18415822827170034,-0.14755737924274848,-0.2047158300182158,NEGATIVE,0.7972340781629361,2026-07-23T13:32:38.924769+00:00
QUIET_COMPRESSION_BREAK,ASIA/QUIET/NORMAL/BTC_RISING/MIDCAP,50,0,50,0,0.0,-0.2194069299981345,-0.1800029152537834,-0.2194069299981345,NEGATIVE,0.0,2026-07-22T01:28:26.486343+00:00
QUIET_COMPRESSION_BREAK,NY/QUIET/NORMAL/BTC_RISING,50,0,50,0,0.22,-0.21960305295794394,-0.1677206630375591,-0.22553749088605324,NEGATIVE,1.0,2026-07-21T22:18:51.242452+00:00
QUIET_COMPRESSION_BREAK,OVERLAP/QUIET/EXPANDED/BTC_NEUTRAL/MIDCAP,50,0,50,0,0.24,-0.2037175440271043,-0.28145457474376917,-0.23401799761446365,NEGATIVE,0.7890531463580464,2026-07-22T15:04:12.904256+00:00
QUIET_COMPRESSION_BREAK,OVERLAP/VOLATILE_EXPANSION/CASCADE/BTC_NEUTRAL/MAJOR,37,0,37,0,0.0,-0.2388773869081791,-0.2839311664533514,-0.2388773869081791,NEGATIVE,0.0,2026-07-22T14:48:42.438725+00:00
QUIET_COMPRESSION_BREAK,LONDON/QUIET/NORMAL/BTC_NEUTRAL/MAJOR,50,0,50,0,0.02,-0.24955198099657291,-0.24694539288990314,-0.24703995558708108,NEGATIVE,-21.2407307692121,2026-07-22T11:36:16.128279+00:00
QUIET_COMPRESSION_BREAK,NY/QUIET/NORMAL/BTC_NEUTRAL/ALTCOIN,17,0,17,0,0.0,-0.24752826516914622,-0.1980226121353165,-0.24752826516914622,NEGATIVE,0.0,2026-07-23T21:14:23.661813+00:00
QUIET_COMPRESSION_BREAK,NY/QUIET/NORMAL/BTC_RISING/ALTCOIN,48,0,48,0,0.0,-0.263702100037476,-0.21096168002998214,-0.263702100037476,NEGATIVE,0.0,2026-07-21T19:03:03.866789+00:00
QUIET_COMPRESSION_BREAK,LONDON/RANGE/NORMAL/BTC_NEUTRAL/MAJOR,33,0,33,0,0.0,-0.3041773938494969,-0.2669413840412036,-0.3041773938494969,NEGATIVE,0.0,2026-07-20T12:56:33.740757+00:00
QUIET_COMPRESSION_BREAK,OVERLAP/QUIET/NORMAL/BTC_NEUTRAL/MIDCAP,31,0,31,0,0.3870967741935484,-0.2899854000808818,-0.20481040948766258,-0.3243757719096309,NEGATIVE,0.6424715126418009,2026-07-23T13:27:28.320469+00:00
QUIET_COMPRESSION_BREAK,ASIA/RANGE/EXPANDED/BTC_NEUTRAL,29,0,29,0,0.0,-0.34869429522323453,-0.6839475478980936,-0.34869429522323453,NEGATIVE,0.0,2026-07-20T07:46:20.599513+00:00
QUIET_COMPRESSION_BREAK,ASIA/RANGE/EXPANDED/BTC_NEUTRAL/ALTCOIN,29,0,29,0,0.0,-0.34869429522323453,-0.6839475478980936,-0.34869429522323453,NEGATIVE,0.0,2026-07-20T07:46:20.599521+00:00
QUIET_COMPRESSION_BREAK,LONDON/QUIET/COMPRESSED/BTC_NEUTRAL/MIDCAP,19,0,19,0,0.0,-0.44941700712501115,-0.35953360570000925,-0.44941700712501115,NEGATIVE,0.0,2026-07-23T12:28:56.033236+00:00
QUIET_COMPRESSION_BREAK,OVERLAP/RANGE/NORMAL/BTC_NEUTRAL,50,0,50,0,0.0,-0.4723202675088254,-0.37785621400705743,-0.4723202675088254,NEGATIVE,0.0,2026-07-20T13:16:51.149055+00:00
QUIET_COMPRESSION_BREAK,OVERLAP/RANGE/NORMAL/BTC_NEUTRAL/MIDCAP,50,0,50,0,0.0,-0.4723202675088254,-0.37785621400705743,-0.4723202675088254,NEGATIVE,0.0,2026-07-20T13:16:51.149063+00:00
QUIET_COMPRESSION_BREAK,NY/QUIET/NORMAL/BTC_NEUTRAL/MAJOR,33,0,33,0,0.12121212121212122,-0.5176075718316357,-0.44558411583853863,-0.5216619463116035,NEGATIVE,0.5421262543362805,2026-07-23T21:29:59.942519+00:00
QUIET_COMPRESSION_BREAK,OVERLAP/QUIET/EXPANDED/BTC_NEUTRAL/MAJOR,24,0,24,0,0.0,-0.63154313034386,-0.5409684698824196,-0.63154313034386,NEGATIVE,0.0,2026-07-20T15:09:28.095628+00:00
QUIET_COMPRESSION_BREAK,NY/RANGE/NORMAL/BTC_NEUTRAL,48,0,48,0,0.1875,-0.8621428287092163,-0.602743581634579,-0.8921985918948578,NEGATIVE,1.0,2026-07-23T21:14:23.658781+00:00
QUIET_COMPRESSION_BREAK,NY/ACCUMULATION/EXPANDED/BTC_NEUTRAL,44,0,44,0,0.045454545454545456,-0.9401934784161206,-0.7441056222494279,-0.9505813437273944,NEGATIVE,1.0,2026-07-19T18:17:36.258950+00:00
QUIET_COMPRESSION_BREAK,OFF_HOURS/RANGE/NORMAL/BTC_NEUTRAL,23,0,23,0,0.0,-1.0,-0.7999999999999935,-1.0,NEGATIVE,0.0,2026-07-16T23:15:12.884415+00:00
QUIET_COMPRESSION_BREAK,LONDON/RANGE/NORMAL/BTC_NEUTRAL,50,0,50,0,0.0,-1.0484013805688124,-0.9933203337002762,-1.0484013805688124,NEGATIVE,0.0,2026-07-22T11:41:29.627006+00:00
QUIET_COMPRESSION_BREAK,LONDON/RANGE/NORMAL/BTC_NEUTRAL/ALTCOIN,50,0,50,0,0.0,-1.0484013805688124,-0.9933203337002762,-1.0484013805688124,NEGATIVE,0.0,2026-07-22T11:41:29.627018+00:00
QUIET_COMPRESSION_BREAK,NY/RANGE/NORMAL/BTC_NEUTRAL/MIDCAP,37,0,37,0,0.0,-1.1875273117721352,-0.94988348795679,-1.1875273117721352,NEGATIVE,0.0,2026-07-22T22:55:55.141088+00:00
QUIET_COMPRESSION_BREAK,LONDON/QUIET/EXPANDED/BTC_FALLING,9,0,9,0,1.0,0.7781317281188427,1.0343246953187892,,INSUFFICIENT_DATA,1.0,2026-07-13T09:13:22.319741+00:00
QUIET_COMPRESSION_BREAK,LONDON/QUIET/EXPANDED/BTC_NEUTRAL,1,0,1,0,1.0,0.5816305887113329,0.4653044709690588,,INSUFFICIENT_DATA,1.0,2026-07-15T10:33:56.639370+00:00
QUIET_COMPRESSION_BREAK,OVERLAP/QUIET/EXPANDED/BTC_RISING,4,0,4,0,0.0,-0.34093952559136836,-0.5705185111168892,,INSUFFICIENT_DATA,0.0,2026-07-21T13:14:16.373929+00:00
QUIET_COMPRESSION_BREAK,ASIA/QUIET/EXPANDED/BTC_FALLING,7,0,7,0,0.0,-0.4222394920320825,-0.33779159362566125,,INSUFFICIENT_DATA,0.0,2026-07-17T02:13:59.242135+00:00
QUIET_COMPRESSION_BREAK,ASIA/VOLATILE_EXPANSION/CASCADE/BTC_FALLING,4,0,4,0,0.0,-0.7715214905910946,-0.6172171924728727,,INSUFFICIENT_DATA,0.0,2026-07-17T02:19:04.288296+00:00
QUIET_COMPRESSION_BREAK,ASIA/RANGE/NORMAL/BTC_FALLING,11,0,11,0,0.0,-0.286093564039179,-0.22887485123134185,,INSUFFICIENT_DATA,0.0,2026-07-17T04:21:03.758965+00:00
QUIET_COMPRESSION_BREAK,ASIA/QUIET/COMPRESSED/BTC_FALLING,7,0,7,0,1.0,0.9860164933668057,0.7888131946934415,,INSUFFICIENT_DATA,1.0,2026-07-17T06:39:42.719432+00:00
QUIET_COMPRESSION_BREAK,LONDON/QUIET/NORMAL/BTC_FALLING,2,0,2,0,1.0,0.2555579144788822,0.3632976245924552,,INSUFFICIENT_DATA,1.0,2026-07-17T12:13:11.724445+00:00
QUIET_COMPRESSION_BREAK,LONDON/QUIET/COMPRESSED/BTC_FALLING,3,0,3,0,0.0,-0.9010538323646008,-0.7208430658916823,,INSUFFICIENT_DATA,0.0,2026-07-17T12:49:22.407655+00:00
QUIET_COMPRESSION_BREAK,OVERLAP/VOLATILE_EXPANSION/CASCADE/BTC_FALLING,1,0,1,0,0.0,-1.0,-0.8000000000000084,,INSUFFICIENT_DATA,0.0,2026-07-17T15:01:53.592381+00:00
QUIET_COMPRESSION_BREAK,OVERLAP/QUIET/NORMAL/BTC_FALLING,14,0,14,0,0.0,-0.1995104051025129,-0.159608324082011,,INSUFFICIENT_DATA,0.0,2026-07-17T15:22:23.903733+00:00
QUIET_COMPRESSION_BREAK,OVERLAP/RANGE/NORMAL/BTC_NEUTRAL/ALTCOIN,2,0,2,0,0.0,-0.5642480251319245,-0.45803416687299975,,INSUFFICIENT_DATA,0.0,2026-07-19T15:59:02.495498+00:00
QUIET_COMPRESSION_BREAK,NY/ACCUMULATION/EXPANDED/BTC_NEUTRAL/ALTCOIN,2,0,2,0,1.0,0.3157434748453514,0.4296763105127507,,INSUFFICIENT_DATA,1.0,2026-07-19T18:17:36.258973+00:00
QUIET_COMPRESSION_BREAK,NY/VOLATILE_EXPANSION/CASCADE/BTC_NEUTRAL/MAJOR,7,0,7,0,1.0,0.13616484093201825,0.1121414409829841,,INSUFFICIENT_DATA,1.0,2026-07-19T19:18:29.508910+00:00
QUIET_COMPRESSION_BREAK,NY/VOLATILE_EXPANSION/CASCADE/BTC_NEUTRAL/MIDCAP,10,0,10,0,0.0,-0.13560983194649365,-0.16110608167865234,,INSUFFICIENT_DATA,0.0,2026-07-19T19:18:29.509027+00:00
QUIET_COMPRESSION_BREAK,OFF_HOURS/VOLATILE_EXPANSION/CASCADE/BTC_NEUTRAL,12,0,12,0,0.5833333333333334,-0.12328519870109671,-0.09862815896087668,,INSUFFICIENT_DATA,1.0,2026-07-19T23:27:48.566226+00:00
QUIET_COMPRESSION_BREAK,OFF_HOURS/VOLATILE_EXPANSION/CASCADE/BTC_NEUTRAL/MIDCAP,7,0,7,0,1.0,0.07977245766740206,0.06381796613392297,,INSUFFICIENT_DATA,1.0,2026-07-19T23:22:43.768838+00:00
QUIET_COMPRESSION_BREAK,OFF_HOURS/VOLATILE_EXPANSION/CASCADE/BTC_NEUTRAL/MAJOR,5,0,5,0,0.0,-0.40756591761699495,-0.3260527340935962,,INSUFFICIENT_DATA,0.0,2026-07-19T23:27:48.566235+00:00
QUIET_COMPRESSION_BREAK,OFF_HOURS/QUIET/EXPANDED/BTC_NEUTRAL,1,0,1,0,0.0,0.0,0.0,,INSUFFICIENT_DATA,0.0,2026-07-20T00:13:39.156612+00:00
QUIET_COMPRESSION_BREAK,OFF_HOURS/QUIET/EXPANDED/BTC_NEUTRAL/MIDCAP,1,0,1,0,0.0,0.0,0.0,,INSUFFICIENT_DATA,0.0,2026-07-20T00:13:39.156677+00:00
QUIET_COMPRESSION_BREAK,OFF_HOURS/RANGE/EXPANDED/BTC_NEUTRAL,4,0,4,0,0.0,0.0,0.0,,INSUFFICIENT_DATA,0.0,2026-07-20T00:13:39.157366+00:00
QUIET_COMPRESSION_BREAK,OFF_HOURS/RANGE/EXPANDED/BTC_NEUTRAL/MIDCAP,4,0,4,0,0.0,0.0,0.0,,INSUFFICIENT_DATA,0.0,2026-07-20T00:13:39.157375+00:00
QUIET_COMPRESSION_BREAK,ASIA/DISTRIBUTION/EXPANDED/BTC_NEUTRAL,9,0,9,0,1.0,0.609847538115469,0.8511825856415244,,INSUFFICIENT_DATA,1.0,2026-07-20T01:30:17.974767+00:00
QUIET_COMPRESSION_BREAK,ASIA/DISTRIBUTION/EXPANDED/BTC_NEUTRAL/MIDCAP,9,0,9,0,1.0,0.609847538115469,0.8511825856415244,,INSUFFICIENT_DATA,1.0,2026-07-20T01:30:17.974775+00:00
QUIET_COMPRESSION_BREAK,ASIA/QUIET/EXPANDED/BTC_NEUTRAL/ALTCOIN,2,0,2,0,0.0,-0.44616387495754656,-0.5490054900549128,,INSUFFICIENT_DATA,0.0,2026-07-20T03:01:52.079705+00:00
QUIET_COMPRESSION_BREAK,ASIA/QUIET/EXPANDED/BTC_NEUTRAL/MAJOR,7,0,7,0,1.0,0.8091140315959464,0.647291225276753,,INSUFFICIENT_DATA,1.0,2026-07-20T05:28:58.992205+00:00
QUIET_COMPRESSION_BREAK,ASIA/QUIET/EXPANDED/BTC_NEUTRAL/MIDCAP,6,0,6,0,0.0,-0.3152551997681366,-0.4290475852776428,,INSUFFICIENT_DATA,0.0,2026-07-20T07:46:20.597813+00:00
QUIET_COMPRESSION_BREAK,OVERLAP/ACCUMULATION/NORMAL/BTC_NEUTRAL,5,0,5,0,0.0,-0.3896632954887637,-0.7166123778501653,,INSUFFICIENT_DATA,0.0,2026-07-20T15:09:28.094037+00:00
QUIET_COMPRESSION_BREAK,OVERLAP/ACCUMULATION/NORMAL/BTC_NEUTRAL/ALTCOIN,5,0,5,0,0.0,-0.3896632954887637,-0.7166123778501653,,INSUFFICIENT_DATA,0.0,2026-07-20T15:09:28.094140+00:00
QUIET_COMPRESSION_BREAK,NY/QUIET/COMPRESSED/BTC_RISING/MIDCAP,2,0,2,0,0.0,0.0,0.0,,INSUFFICIENT_DATA,0.0,2026-07-20T19:16:18.000716+00:00
QUIET_COMPRESSION_BREAK,NY/RANGE/NORMAL/BTC_RISING,3,0,3,0,0.0,-0.044549382991046806,-0.11876484560570412,,INSUFFICIENT_DATA,0.0,2026-07-20T19:16:18.000648+00:00
QUIET_COMPRESSION_BREAK,NY/RANGE/NORMAL/BTC_RISING/MIDCAP,3,0,3,0,0.0,-0.044549382991046806,-0.11876484560570412,,INSUFFICIENT_DATA,0.0,2026-07-20T19:16:18.000657+00:00
QUIET_COMPRESSION_BREAK,OFF_HOURS/QUIET/COMPRESSED/BTC_NEUTRAL/MAJOR,10,0,10,0,0.5,-0.1672035961845968,-0.13376287694767763,,INSUFFICIENT_DATA,1.0,2026-07-20T23:42:29.164859+00:00
QUIET_COMPRESSION_BREAK,LONDON/QUIET/COMPRESSED/BTC_RISING,12,0,12,0,0.0,-0.14193950403862302,-0.14930592574358664,,INSUFFICIENT_DATA,0.0,2026-07-21T12:58:37.622144+00:00
QUIET_COMPRESSION_BREAK,LONDON/QUIET/COMPRESSED/BTC_RISING/MAJOR,6,0,6,0,0.0,-0.18855490613062617,-0.1508439249044994,,INSUFFICIENT_DATA,0.0,2026-07-21T12:06:37.345666+00:00
QUIET_COMPRESSION_BREAK,LONDON/QUIET/NORMAL/BTC_RISING,3,0,3,0,0.0,-0.18026491104318945,-0.17971558055946593,,INSUFFICIENT_DATA,0.0,2026-07-21T12:27:28.525493+00:00
QUIET_COMPRESSION_BREAK,LONDON/QUIET/NORMAL/BTC_RISING/ALTCOIN,3,0,3,0,0.0,-0.18026491104318945,-0.17971558055946593,,INSUFFICIENT_DATA,0.0,2026-07-21T12:27:28.525526+00:00
QUIET_COMPRESSION_BREAK,LONDON/QUIET/COMPRESSED/BTC_RISING/ALTCOIN,6,0,6,0,0.0,-0.09532410194661985,-0.1477679265826739,,INSUFFICIENT_DATA,0.0,2026-07-21T12:58:37.622168+00:00
QUIET_COMPRESSION_BREAK,OVERLAP/QUIET/EXPANDED/BTC_RISING/ALTCOIN,3,0,3,0,0.0,-0.20246193715580854,-0.22200022200021294,,INSUFFICIENT_DATA,0.0,2026-07-21T13:14:16.373939+00:00
QUIET_COMPRESSION_BREAK,OVERLAP/RANGE/NORMAL/BTC_RISING,12,0,12,0,1.0,1.727680239073606,1.3821441912588774,,INSUFFICIENT_DATA,1.0,2026-07-21T14:33:28.490684+00:00
QUIET_COMPRESSION_BREAK,OVERLAP/RANGE/NORMAL/BTC_RISING/ALTCOIN,12,0,12,0,1.0,1.727680239073606,1.3821441912588774,,INSUFFICIENT_DATA,1.0,2026-07-21T14:33:28.490691+00:00
QUIET_COMPRESSION_BREAK,OVERLAP/VOLATILE_EXPANSION/CASCADE/BTC_RISING,7,0,7,0,1.0,0.1622242462850451,0.17513198751484316,,INSUFFICIENT_DATA,1.0,2026-07-21T15:36:24.388856+00:00
QUIET_COMPRESSION_BREAK,OVERLAP/VOLATILE_EXPANSION/CASCADE/BTC_RISING/MIDCAP,7,0,7,0,1.0,0.1622242462850451,0.17513198751484316,,INSUFFICIENT_DATA,1.0,2026-07-21T15:36:24.388864+00:00
QUIET_COMPRESSION_BREAK,NY/QUIET/EXPANDED/BTC_RISING/MAJOR,12,0,12,0,0.0,-0.11216607152843198,-0.10345294655980493,,INSUFFICIENT_DATA,0.0,2026-07-21T19:03:03.866404+00:00
QUIET_COMPRESSION_BREAK,OFF_HOURS/QUIET/COMPRESSED/BTC_NEUTRAL/MIDCAP,5,0,5,0,1.0,0.1359136364227182,0.23509296858302936,,INSUFFICIENT_DATA,1.0,2026-07-21T23:15:29.634561+00:00
QUIET_COMPRESSION_BREAK,OVERLAP/QUIET/COMPRESSED/BTC_NEUTRAL/MIDCAP,5,0,5,0,1.0,0.262840096642358,0.21027207731388547,,INSUFFICIENT_DATA,0.5836479998162246,2026-07-22T14:01:59.496454+00:00
QUIET_COMPRESSION_BREAK,NY/QUIET/EXPANDED/BTC_NEUTRAL/MAJOR,7,0,7,0,0.0,-0.4525087202377331,-0.3620069761901851,,INSUFFICIENT_DATA,0.0,2026-07-22T19:49:08.260443+00:00
QUIET_COMPRESSION_BREAK,OFF_HOURS/QUIET/NORMAL/BTC_NEUTRAL/MAJOR,14,0,14,0,0.0,-0.9531114023912041,-0.7624891219129623,,INSUFFICIENT_DATA,0.0,2026-07-23T00:28:59.952967+00:00
QUIET_COMPRESSION_BREAK,NY/RANGE/EXPANDED/BTC_NEUTRAL,6,0,6,0,1.0,1.8945481184453925,1.5156384947563248,,INSUFFICIENT_DATA,0.9099444444444447,2026-07-23T18:17:15.909368+00:00
QUIET_COMPRESSION_BREAK,NY/RANGE/EXPANDED/BTC_NEUTRAL/MIDCAP,6,0,6,0,1.0,1.8945481184453925,1.5156384947563248,,INSUFFICIENT_DATA,0.9099444444444447,2026-07-23T18:17:15.909379+00:00
QUIET_COMPRESSION_BREAK,NY/RANGE/NORMAL/BTC_NEUTRAL/ALTCOIN,2,0,2,0,0.0,-0.3024425287356326,-0.24195402298850202,,INSUFFICIENT_DATA,0.0,2026-07-23T21:14:23.658790+00:00
QUIET_COMPRESSION_BREAK,NY/DISTRIBUTION/NORMAL/BTC_NEUTRAL,2,0,2,0,0.0,-0.7342468562055746,-0.5873974849644589,,INSUFFICIENT_DATA,0.0,2026-07-23T21:24:49.790624+00:00
QUIET_COMPRESSION_BREAK,NY/DISTRIBUTION/NORMAL/BTC_NEUTRAL/ALTCOIN,2,0,2,0,0.0,-0.7342468562055746,-0.5873974849644589,,INSUFFICIENT_DATA,0.0,2026-07-23T21:24:49.790630+00:00
QUIET_COMPRESSION_BREAK@ATR,OVERLAP/QUIET/NORMAL/BTC_NEUTRAL,27,0,0,27,0.7777777777777778,0.42232924114030224,0.2879629172363774,0.2791924823323224,STRONG,0.9172179850818527,2026-07-23T13:32:46.989902+00:00
QUIET_COMPRESSION_BREAK@ATR,ASIA/QUIET/NORMAL/BTC_NEUTRAL,50,0,0,50,0.58,0.09681298235708401,0.0383622759187854,0.034612773472700004,FLAT,0.9547617935480477,2026-07-24T03:40:25.338697+00:00
QUIET_COMPRESSION_BREAK@ATR,OVERLAP/QUIET/EXPANDED/BTC_NEUTRAL,25,0,0,25,0.44,0.1301703405598484,0.013253738710727814,-0.03252760925836817,FLAT,0.9792633629541171,2026-07-23T13:27:31.310784+00:00
QUIET_COMPRESSION_BREAK@ATR,LONDON/QUIET/NORMAL/BTC_NEUTRAL,50,0,0,50,0.46,0.015629319467255754,-0.0011336056313281163,-0.040980001356451246,FLAT,0.9372224558971574,2026-07-22T11:51:56.048633+00:00
QUIET_COMPRESSION_BREAK@ATR,ASIA/QUIET/COMPRESSED/BTC_NEUTRAL,37,0,0,37,0.40540540540540543,0.005121969048898359,0.00927024535978049,-0.05513449631871846,NEGATIVE,1.0,2026-07-24T01:14:20.871354+00:00
QUIET_COMPRESSION_BREAK@ATR,OFF_HOURS/QUIET/COMPRESSED/BTC_NEUTRAL,25,0,0,25,0.52,-0.037651614518306745,0.010854532519986556,-0.09981085623360178,NEGATIVE,1.0,2026-07-23T00:13:32.802007+00:00
QUIET_COMPRESSION_BREAK@ATR,NY/QUIET/NORMAL/BTC_NEUTRAL,38,0,0,38,0.47368421052631576,-0.048543940830338916,-0.04918857528375338,-0.11675114427774794,NEGATIVE,0.9392829538054654,2026-07-23T21:30:12.947740+00:00
QUIET_COMPRESSION_BREAK@ATR,OVERLAP/VOLATILE_EXPANSION/CASCADE/BTC_NEUTRAL,29,0,0,29,0.3793103448275862,-0.01879546039130247,-0.0032505676540433705,-0.11929389424656794,NEGATIVE,0.9833968920936805,2026-07-23T16:16:19.100429+00:00
QUIET_COMPRESSION_BREAK@ATR,NY/VOLATILE_EXPANSION/CASCADE/BTC_NEUTRAL,17,0,0,17,0.23529411764705882,-0.08737536718729214,-0.1282036790275019,-0.1515485024806748,NEGATIVE,1.0,2026-07-22T17:45:17.175198+00:00
QUIET_COMPRESSION_BREAK@ATR,ASIA/VOLATILE_EXPANSION/CASCADE/BTC_NEUTRAL,19,0,0,19,0.3684210526315789,-0.08606580610148129,-0.1402297184069022,-0.1523785538796289,NEGATIVE,1.0,2026-07-22T06:14:57.734245+00:00
QUIET_COMPRESSION_BREAK@ATR,ASIA/QUIET/NORMAL/BTC_RISING,36,0,0,36,0.3333333333333333,-0.13598700269048547,-0.07379937362012996,-0.165979121883953,NEGATIVE,1.0,2026-07-22T02:34:49.927289+00:00
QUIET_COMPRESSION_BREAK@ATR,OFF_HOURS/QUIET/NORMAL/BTC_NEUTRAL,17,0,0,17,0.4117647058823529,-0.1017592366255749,0.02852753278136805,-0.17005017480182433,NEGATIVE,0.9209565223920722,2026-07-24T00:17:08.068354+00:00
QUIET_COMPRESSION_BREAK@ATR,LONDON/QUIET/COMPRESSED/BTC_NEUTRAL,23,0,0,23,0.43478260869565216,-0.21233517944469812,-0.12968600982584397,-0.24719808626043965,NEGATIVE,0.8430676994818006,2026-07-23T12:34:23.628144+00:00
QUIET_COMPRESSION_BREAK@ATR,NY/QUIET/NORMAL/BTC_RISING,15,0,0,15,0.3333333333333333,-0.23333875191268494,-0.15668732816351316,-0.26135866490368687,NEGATIVE,1.0,2026-07-21T22:13:46.234193+00:00
QUIET_COMPRESSION_BREAK@ATR,NY/ACCUMULATION/EXPANDED/BTC_NEUTRAL,4,0,0,4,0.25,-0.6079941587124063,-0.32223439905795487,,INSUFFICIENT_DATA,1.0,2026-07-19T18:12:34.120487+00:00
QUIET_COMPRESSION_BREAK@ATR,ASIA/RANGE/NORMAL/BTC_NEUTRAL,4,0,0,4,0.75,-0.024697922644287558,-0.08053531920261675,,INSUFFICIENT_DATA,1.0,2026-07-21T04:15:50.753263+00:00
QUIET_COMPRESSION_BREAK@ATR,ASIA/RANGE/EXPANDED/BTC_NEUTRAL,5,0,0,5,0.4,0.0389834200521337,-0.046991237723724114,,INSUFFICIENT_DATA,1.0,2026-07-20T07:41:17.333815+00:00
QUIET_COMPRESSION_BREAK@ATR,ASIA/DISTRIBUTION/NORMAL/BTC_RISING,1,0,0,1,0.0,-0.576412590064471,-0.48407643312102233,,INSUFFICIENT_DATA,0.0,2026-07-15T07:19:59.222471+00:00
QUIET_COMPRESSION_BREAK@ATR,LONDON/RANGE/NORMAL/BTC_NEUTRAL,13,0,0,13,0.3076923076923077,-0.08364739181619216,-0.11547414980966253,,INSUFFICIENT_DATA,1.0,2026-07-22T11:36:20.369232+00:00
QUIET_COMPRESSION_BREAK@ATR,LONDON/RANGE/EXPANDED/BTC_NEUTRAL,1,0,0,1,0.0,-0.09095629171198524,-0.24676125848241298,,INSUFFICIENT_DATA,0.0,2026-07-15T08:26:42.194023+00:00
QUIET_COMPRESSION_BREAK@ATR,LONDON/QUIET/EXPANDED/BTC_NEUTRAL,5,0,0,5,0.2,-0.1681273046631552,-0.24812679069577953,,INSUFFICIENT_DATA,1.0,2026-07-20T10:09:38.517177+00:00
QUIET_COMPRESSION_BREAK@ATR,OVERLAP/QUIET/COMPRESSED/BTC_NEUTRAL,4,0,0,4,0.75,0.8214263695672086,0.48747781522073286,,INSUFFICIENT_DATA,0.8847386362115351,2026-07-22T14:02:04.354493+00:00
QUIET_COMPRESSION_BREAK@ATR,OVERLAP/QUIET/EXPANDED/BTC_RISING,3,0,0,3,0.0,-0.4620305494484192,-0.8845509369400762,,INSUFFICIENT_DATA,0.0,2026-07-21T13:14:17.963572+00:00
QUIET_COMPRESSION_BREAK@ATR,OVERLAP/VOLATILE_EXPANSION/CASCADE/BTC_RISING,6,0,0,6,0.6666666666666666,0.035788994226421025,-0.04018791934473311,,INSUFFICIENT_DATA,1.0,2026-07-21T15:31:19.376226+00:00
QUIET_COMPRESSION_BREAK@ATR,OVERLAP/RANGE/EXPANDED/BTC_NEUTRAL,9,0,0,9,0.7777777777777778,0.2744692068742898,0.46118469958293695,,INSUFFICIENT_DATA,1.0,2026-07-20T16:57:15.326575+00:00
QUIET_COMPRESSION_BREAK@ATR,OVERLAP/QUIET/NORMAL/BTC_RISING,7,0,0,7,0.42857142857142855,-0.039415278720690186,-0.13359778438751777,,INSUFFICIENT_DATA,1.0,2026-07-21T15:15:50.236706+00:00
QUIET_COMPRESSION_BREAK@ATR,NY/QUIET/EXPANDED/BTC_NEUTRAL,7,0,0,7,0.2857142857142857,-0.3149390959381935,-0.23224708010233414,,INSUFFICIENT_DATA,1.0,2026-07-22T19:44:00.432146+00:00
QUIET_COMPRESSION_BREAK@ATR,NY/RANGE/NORMAL/BTC_NEUTRAL,5,0,0,5,0.2,-0.31259769891761485,-0.40230560373682633,,INSUFFICIENT_DATA,1.0,2026-07-23T21:14:26.906176+00:00
QUIET_COMPRESSION_BREAK@ATR,NY/DISTRIBUTION/NORMAL/BTC_NEUTRAL,2,0,0,2,0.0,-0.7580028363555169,-0.57253967593433,,INSUFFICIENT_DATA,0.0,2026-07-23T21:24:53.752631+00:00
QUIET_COMPRESSION_BREAK@ATR,NY/QUIET/COMPRESSED/BTC_NEUTRAL,14,0,0,14,0.35714285714285715,-0.4055590157973436,-0.149922501824073,,INSUFFICIENT_DATA,1.0,2026-07-23T22:43:13.041837+00:00
QUIET_COMPRESSION_BREAK@ATR,LONDON/QUIET/NORMAL/BTC_FALLING,3,0,0,3,0.6666666666666666,0.09561965897741072,0.11138161469263418,,INSUFFICIENT_DATA,1.0,2026-07-17T12:13:15.182785+00:00
QUIET_COMPRESSION_BREAK@ATR,OFF_HOURS/RANGE/NORMAL/BTC_NEUTRAL,2,0,0,2,0.5,0.020307287362656523,0.8377737951301374,,INSUFFICIENT_DATA,1.0,2026-07-16T23:35:55.275394+00:00
QUIET_COMPRESSION_BREAK@ATR,OFF_HOURS/QUIET/COMPRESSED/BTC_FALLING,2,0,0,2,0.5,0.05378652305644373,0.09543332452489472,,INSUFFICIENT_DATA,1.0,2026-07-17T00:21:53.605772+00:00
QUIET_COMPRESSION_BREAK@ATR,OFF_HOURS/QUIET/NORMAL/BTC_FALLING,1,0,0,1,0.0,-1.0,-0.23582251583734934,,INSUFFICIENT_DATA,0.0,2026-07-17T00:11:46.628674+00:00
QUIET_COMPRESSION_BREAK@ATR,ASIA/QUIET/NORMAL/BTC_FALLING,6,0,0,6,0.5,-0.47127110627247987,-0.11458142180648852,,INSUFFICIENT_DATA,1.0,2026-07-17T06:34:38.737125+00:00
QUIET_COMPRESSION_BREAK@ATR,ASIA/QUIET/EXPANDED/BTC_FALLING,1,0,0,1,0.0,-1.0,-0.24781782214940018,,INSUFFICIENT_DATA,0.0,2026-07-17T02:08:56.188742+00:00
QUIET_COMPRESSION_BREAK@ATR,ASIA/VOLATILE_EXPANSION/CASCADE/BTC_FALLING,1,0,0,1,0.0,-0.06470743342817623,-0.062175521497179705,,INSUFFICIENT_DATA,0.0,2026-07-17T03:19:56.724457+00:00
QUIET_COMPRESSION_BREAK@ATR,ASIA/RANGE/NORMAL/BTC_FALLING,1,0,0,1,0.0,0.0,0.0,,INSUFFICIENT_DATA,0.0,2026-07-17T04:16:00.049868+00:00
QUIET_COMPRESSION_BREAK@ATR,ASIA/QUIET/COMPRESSED/BTC_FALLING,1,0,0,1,1.0,1.7147856517935574,0.8366200549778926,,INSUFFICIENT_DATA,1.0,2026-07-17T06:34:38.736999+00:00
QUIET_COMPRESSION_BREAK@ATR,LONDON/QUIET/COMPRESSED/BTC_FALLING,1,0,0,1,0.0,-1.0,-0.4533302809961003,,INSUFFICIENT_DATA,0.0,2026-07-17T12:49:33.214619+00:00
QUIET_COMPRESSION_BREAK@ATR,OVERLAP/VOLATILE_EXPANSION/CASCADE/BTC_FALLING,1,0,0,1,0.0,-1.0,-0.6866002214839455,,INSUFFICIENT_DATA,0.0,2026-07-17T15:01:57.060314+00:00
QUIET_COMPRESSION_BREAK@ATR,OVERLAP/QUIET/NORMAL/BTC_FALLING,2,0,0,2,0.0,-1.0,-0.13697970296555576,,INSUFFICIENT_DATA,0.0,2026-07-17T15:17:22.470740+00:00
QUIET_COMPRESSION_BREAK@ATR,NY/VOLATILE_EXPANSION/CASCADE/BTC_RISING,7,0,0,7,0.42857142857142855,-0.0031860869400239006,0.015826908743763902,,INSUFFICIENT_DATA,1.0,2026-07-20T17:17:53.802450+00:00
QUIET_COMPRESSION_BREAK@ATR,NY/QUIET/EXPANDED/BTC_RISING,6,0,0,6,0.5,0.12435082411416608,0.0480582511432557,,INSUFFICIENT_DATA,1.0,2026-07-21T18:57:57.646231+00:00
QUIET_COMPRESSION_BREAK@ATR,NY/QUIET/COMPRESSED/BTC_RISING,3,0,0,3,0.0,-0.013173396574104696,-0.026184081787795323,,INSUFFICIENT_DATA,0.0,2026-07-21T20:41:09.700820+00:00
QUIET_COMPRESSION_BREAK@ATR,OFF_HOURS/QUIET/EXPANDED/BTC_RISING,1,0,0,1,0.0,-0.0963058267559546,-0.20556096505463506,,INSUFFICIENT_DATA,0.0,2026-07-18T23:25:39.701411+00:00
QUIET_COMPRESSION_BREAK@ATR,OFF_HOURS/QUIET/NORMAL/BTC_RISING,2,0,0,2,0.5,0.05350534865950067,-0.06949248661184894,,INSUFFICIENT_DATA,1.0,2026-07-22T00:57:45.138565+00:00
QUIET_COMPRESSION_BREAK@ATR,ASIA/QUIET/COMPRESSED/BTC_RISING,7,0,0,7,0.5714285714285714,-0.0018028171764360485,-0.015026095510500211,,INSUFFICIENT_DATA,1.0,2026-07-22T02:29:44.563442+00:00
QUIET_COMPRESSION_BREAK@ATR,ASIA/QUIET/EXPANDED/BTC_RISING,2,0,0,2,0.5,-0.4725202146986141,-0.24286811157600635,,INSUFFICIENT_DATA,1.0,2026-07-19T03:43:57.288311+00:00
QUIET_COMPRESSION_BREAK@ATR,ASIA/QUIET/EXPANDED/BTC_NEUTRAL,6,0,0,6,0.3333333333333333,0.12368511372147566,-0.18734072531512602,,INSUFFICIENT_DATA,1.0,2026-07-20T07:41:17.333012+00:00
QUIET_COMPRESSION_BREAK@ATR,LONDON/VOLATILE_EXPANSION/CASCADE/BTC_NEUTRAL,4,0,0,4,0.25,-0.7629589111043746,-0.11625532921283083,,INSUFFICIENT_DATA,1.0,2026-07-23T12:44:52.446016+00:00
QUIET_COMPRESSION_BREAK@ATR,LONDON/DISTRIBUTION/EXPANDED/BTC_NEUTRAL,1,0,0,1,1.0,0.1778545657807642,0.1660341555977068,,INSUFFICIENT_DATA,1.0,2026-07-19T10:53:50.839646+00:00
QUIET_COMPRESSION_BREAK@ATR,OVERLAP/RANGE/NORMAL/BTC_NEUTRAL,3,0,0,3,0.3333333333333333,-0.25645173939264093,-0.11584083304413735,,INSUFFICIENT_DATA,1.0,2026-07-20T13:11:48.808970+00:00
QUIET_COMPRESSION_BREAK@ATR,OFF_HOURS/QUIET/EXPANDED/BTC_NEUTRAL,2,0,0,2,0.0,-0.23838028542066225,-0.4713028906577323,,INSUFFICIENT_DATA,0.0,2026-07-20T00:13:42.624194+00:00
QUIET_COMPRESSION_BREAK@ATR,OFF_HOURS/VOLATILE_EXPANSION/CASCADE/BTC_NEUTRAL,3,0,0,3,0.3333333333333333,-0.160893700650012,-0.0974606959805183,,INSUFFICIENT_DATA,1.0,2026-07-19T23:27:50.132654+00:00
QUIET_COMPRESSION_BREAK@ATR,ASIA/DISTRIBUTION/EXPANDED/BTC_NEUTRAL,1,0,0,1,1.0,0.5683234226113533,0.8511825856415245,,INSUFFICIENT_DATA,1.0,2026-07-20T01:30:22.627014+00:00
QUIET_COMPRESSION_BREAK@ATR,ASIA/ACCUMULATION/NORMAL/BTC_NEUTRAL,1,0,0,1,1.0,0.04685518067692727,0.10304725452672694,,INSUFFICIENT_DATA,1.0,2026-07-20T07:41:17.333961+00:00
QUIET_COMPRESSION_BREAK@ATR,OVERLAP/ACCUMULATION/NORMAL/BTC_NEUTRAL,2,0,0,2,0.5,-0.1127090540846489,-0.27162034491024745,,INSUFFICIENT_DATA,1.0,2026-07-20T15:04:23.685651+00:00
QUIET_COMPRESSION_BREAK@ATR,NY/RANGE/NORMAL/BTC_RISING,1,0,0,1,0.0,-0.04896919837422389,-0.11876484560570412,,INSUFFICIENT_DATA,0.0,2026-07-20T19:16:19.589594+00:00
QUIET_COMPRESSION_BREAK@ATR,LONDON/QUIET/NORMAL/BTC_RISING,8,0,0,8,0.5,0.03610642112871566,0.0831198646363565,,INSUFFICIENT_DATA,1.0,2026-07-21T12:22:12.534655+00:00
QUIET_COMPRESSION_BREAK@ATR,LONDON/QUIET/COMPRESSED/BTC_RISING,3,0,0,3,0.0,-0.2701185638193494,-0.15644697749956057,,INSUFFICIENT_DATA,0.0,2026-07-21T12:53:29.922127+00:00
QUIET_COMPRESSION_BREAK@ATR,LONDON/QUIET/EXPANDED/BTC_RISING,1,0,0,1,0.0,-0.1981939575617124,-0.16916895749629582,,INSUFFICIENT_DATA,0.0,2026-07-21T12:01:28.398093+00:00
QUIET_COMPRESSION_BREAK@ATR,LONDON/RANGE/NORMAL/BTC_RISING,1,0,0,1,1.0,1.3124834254019357,1.7219011675905047,,INSUFFICIENT_DATA,1.0,2026-07-21T12:06:38.982638+00:00
QUIET_COMPRESSION_BREAK@ATR,NY/RANGE/EXPANDED/BTC_RISING,1,0,0,1,0.0,-0.45538996113878555,-1.379070575964782,,INSUFFICIENT_DATA,0.0,2026-07-21T17:24:41.155818+00:00
QUIET_COMPRESSION_BREAK@ATR,ASIA/RANGE/NORMAL/BTC_RISING,2,0,0,2,0.5,0.8834787985592764,0.5437293033987659,,INSUFFICIENT_DATA,1.0,2026-07-22T03:56:58.990901+00:00
QUIET_COMPRESSION_BREAK@ATR,OVERLAP/DISTRIBUTION/EXPANDED/BTC_NEUTRAL,1,0,0,1,1.0,0.6230927152317891,0.30738679676780367,,INSUFFICIENT_DATA,0.6720500000000026,2026-07-22T15:04:16.574404+00:00
QUIET_COMPRESSION_BREAK@ATR,NY/RANGE/EXPANDED/BTC_NEUTRAL,1,0,0,1,1.0,3.1791367521367055,1.6390191239975271,,INSUFFICIENT_DATA,0.9161551724137927,2026-07-23T18:12:08.869332+00:00
QUIET_COMPRESSION_BREAK@FIXED,OVERLAP/QUIET/NORMAL/BTC_NEUTRAL,27,0,0,27,0.7777777777777778,0.32248125590827464,0.28479350216620486,0.20893670228976455,POSITIVE,0.9172179850818527,2026-07-23T13:32:46.989817+00:00
QUIET_COMPRESSION_BREAK@FIXED,ASIA/QUIET/NORMAL/BTC_NEUTRAL,50,0,0,50,0.58,0.06852300808002376,0.03727755728360656,0.02383914670365339,FLAT,0.9547617935480477,2026-07-24T03:40:25.338641+00:00
QUIET_COMPRESSION_BREAK@FIXED,ASIA/QUIET/COMPRESSED/BTC_NEUTRAL,37,0,0,37,0.40540540540540543,0.04109757309466142,0.005432918149691349,-0.016328346865782592,FLAT,1.0,2026-07-24T01:14:20.871273+00:00
QUIET_COMPRESSION_BREAK@FIXED,OVERLAP/QUIET/EXPANDED/BTC_NEUTRAL,25,0,0,25,0.44,0.09573629322484724,0.006280989130121623,-0.027050539306283816,FLAT,0.9792633629541171,2026-07-23T13:27:31.310705+00:00
QUIET_COMPRESSION_BREAK@FIXED,LONDON/QUIET/NORMAL/BTC_NEUTRAL,50,0,0,50,0.46,0.014532362290470785,0.001371805742087334,-0.02825134714041505,FLAT,0.9372224558971574,2026-07-22T11:51:56.048558+00:00
QUIET_COMPRESSION_BREAK@FIXED,OVERLAP/VOLATILE_EXPANSION/CASCADE/BTC_NEUTRAL,29,0,0,29,0.41379310344827586,0.04113407185864534,-0.008126708755289447,-0.052960934608044935,NEGATIVE,0.9834988189476606,2026-07-23T16:16:19.100226+00:00
QUIET_COMPRESSION_BREAK@FIXED,OFF_HOURS/QUIET/COMPRESSED/BTC_NEUTRAL,25,0,0,25,0.52,-0.06810040094597278,-0.0027745838495817268,-0.11582327381632286,NEGATIVE,1.0,2026-07-23T00:13:32.801931+00:00
QUIET_COMPRESSION_BREAK@FIXED,ASIA/QUIET/NORMAL/BTC_RISING,36,0,0,36,0.3333333333333333,-0.09299332016970062,-0.07749155636174161,-0.11995051911116997,NEGATIVE,1.0,2026-07-22T02:34:49.927152+00:00
QUIET_COMPRESSION_BREAK@FIXED,NY/QUIET/NORMAL/BTC_NEUTRAL,38,0,0,38,0.47368421052631576,-0.0854313703696809,-0.06520845965543104,-0.13571752168662726,NEGATIVE,0.9392829538054654,2026-07-23T21:30:12.947597+00:00
QUIET_COMPRESSION_BREAK@FIXED,OFF_HOURS/QUIET/NORMAL/BTC_NEUTRAL,17,0,0,17,0.4117647058823529,-0.06910146616496622,0.015524833956599779,-0.13652578989500933,NEGATIVE,0.9209565223920722,2026-07-24T00:17:08.068272+00:00
QUIET_COMPRESSION_BREAK@FIXED,NY/VOLATILE_EXPANSION/CASCADE/BTC_NEUTRAL,17,0,0,17,0.23529411764705882,-0.08314853967048762,-0.1282036790275019,-0.14098801962847038,NEGATIVE,1.0,2026-07-22T17:45:17.175125+00:00
QUIET_COMPRESSION_BREAK@FIXED,NY/QUIET/NORMAL/BTC_RISING,15,0,0,15,0.3333333333333333,-0.13166225062341702,-0.15557272832694383,-0.15720121110607593,NEGATIVE,1.0,2026-07-21T22:13:46.234097+00:00
QUIET_COMPRESSION_BREAK@FIXED,ASIA/VOLATILE_EXPANSION/CASCADE/BTC_NEUTRAL,19,0,0,19,0.3684210526315789,-0.09973354555656255,-0.14300050363258837,-0.1580016551234672,NEGATIVE,1.0,2026-07-22T06:14:57.734133+00:00
QUIET_COMPRESSION_BREAK@FIXED,LONDON/QUIET/COMPRESSED/BTC_NEUTRAL,23,0,0,23,0.43478260869565216,-0.16507854103281722,-0.12616013555005842,-0.1994339935703995,NEGATIVE,0.8430676994818006,2026-07-23T12:34:23.628016+00:00
QUIET_COMPRESSION_BREAK@FIXED,NY/ACCUMULATION/EXPANDED/BTC_NEUTRAL,4,0,0,4,0.25,-0.6868513050309302,-0.5140647378974523,,INSUFFICIENT_DATA,1.0,2026-07-19T18:12:34.120428+00:00
QUIET_COMPRESSION_BREAK@FIXED,ASIA/RANGE/NORMAL/BTC_NEUTRAL,4,0,0,4,0.75,-0.038069195214430855,-0.08053531920261675,,INSUFFICIENT_DATA,1.0,2026-07-21T04:15:50.753159+00:00
QUIET_COMPRESSION_BREAK@FIXED,ASIA/RANGE/EXPANDED/BTC_NEUTRAL,5,0,0,5,0.4,0.04639247778475908,-0.046991237723724114,,INSUFFICIENT_DATA,1.0,2026-07-20T07:41:17.333774+00:00
QUIET_COMPRESSION_BREAK@FIXED,ASIA/DISTRIBUTION/NORMAL/BTC_RISING,1,0,0,1,0.0,-0.5990988292347599,-0.48407643312102233,,INSUFFICIENT_DATA,0.0,2026-07-15T07:19:59.221864+00:00
QUIET_COMPRESSION_BREAK@FIXED,LONDON/RANGE/NORMAL/BTC_NEUTRAL,13,0,0,13,0.3076923076923077,-0.0851558381574889,-0.08500620634904917,,INSUFFICIENT_DATA,1.0,2026-07-22T11:36:20.369193+00:00
QUIET_COMPRESSION_BREAK@FIXED,LONDON/RANGE/EXPANDED/BTC_NEUTRAL,1,0,0,1,0.0,-0.09797642232504765,-0.24676125848241298,,INSUFFICIENT_DATA,0.0,2026-07-15T08:26:42.193962+00:00
QUIET_COMPRESSION_BREAK@FIXED,LONDON/QUIET/EXPANDED/BTC_NEUTRAL,5,0,0,5,0.2,-0.18495100771249887,-0.24812679069577953,,INSUFFICIENT_DATA,1.0,2026-07-20T10:09:38.517130+00:00
QUIET_COMPRESSION_BREAK@FIXED,OVERLAP/QUIET/COMPRESSED/BTC_NEUTRAL,4,0,0,4,0.75,0.6683404791113915,0.48747781522073286,,INSUFFICIENT_DATA,0.8847386362115351,2026-07-22T14:02:04.354430+00:00
QUIET_COMPRESSION_BREAK@FIXED,OVERLAP/QUIET/EXPANDED/BTC_RISING,3,0,0,3,0.0,-0.38812246786632326,-0.7368512936409585,,INSUFFICIENT_DATA,0.0,2026-07-21T13:14:17.963464+00:00
QUIET_COMPRESSION_BREAK@FIXED,OVERLAP/VOLATILE_EXPANSION/CASCADE/BTC_RISING,6,0,0,6,0.6666666666666666,-0.013374744521132196,-0.04018791934473311,,INSUFFICIENT_DATA,1.0,2026-07-21T15:31:19.376141+00:00
QUIET_COMPRESSION_BREAK@FIXED,OVERLAP/RANGE/EXPANDED/BTC_NEUTRAL,9,0,0,9,0.7777777777777778,0.3644404290557184,0.49478170562189416,,INSUFFICIENT_DATA,1.0,2026-07-20T16:57:15.326531+00:00
QUIET_COMPRESSION_BREAK@FIXED,OVERLAP/QUIET/NORMAL/BTC_RISING,7,0,0,7,0.5714285714285714,0.10445773590995551,-0.0662254852015582,,INSUFFICIENT_DATA,1.0,2026-07-21T15:15:50.236665+00:00
QUIET_COMPRESSION_BREAK@FIXED,NY/QUIET/EXPANDED/BTC_NEUTRAL,7,0,0,7,0.2857142857142857,-0.21278477369643434,-0.23224708010233414,,INSUFFICIENT_DATA,1.0,2026-07-22T19:44:00.431705+00:00
QUIET_COMPRESSION_BREAK@FIXED,NY/RANGE/NORMAL/BTC_NEUTRAL,5,0,0,5,0.2,-0.3336765938341693,-0.40230560373682633,,INSUFFICIENT_DATA,1.0,2026-07-23T21:14:26.906112+00:00
QUIET_COMPRESSION_BREAK@FIXED,NY/DISTRIBUTION/NORMAL/BTC_NEUTRAL,2,0,0,2,0.0,-0.4886305652450891,-0.538612080839427,,INSUFFICIENT_DATA,0.0,2026-07-23T21:24:53.752513+00:00
QUIET_COMPRESSION_BREAK@FIXED,NY/QUIET/COMPRESSED/BTC_NEUTRAL,14,0,0,14,0.35714285714285715,-0.20516742029456034,-0.17309943938359276,,INSUFFICIENT_DATA,1.0,2026-07-23T22:43:13.041769+00:00
QUIET_COMPRESSION_BREAK@FIXED,LONDON/QUIET/NORMAL/BTC_FALLING,3,0,0,3,0.6666666666666666,0.08756538585033814,0.11138161469263418,,INSUFFICIENT_DATA,1.0,2026-07-17T12:13:15.182738+00:00
QUIET_COMPRESSION_BREAK@FIXED,OFF_HOURS/RANGE/NORMAL/BTC_NEUTRAL,2,0,0,2,0.5,0.03214422402312078,0.8630014858841084,,INSUFFICIENT_DATA,1.0,2026-07-16T23:35:55.275337+00:00
QUIET_COMPRESSION_BREAK@FIXED,OFF_HOURS/QUIET/COMPRESSED/BTC_FALLING,2,0,0,2,0.5,0.050225542382771916,0.09543332452489472,,INSUFFICIENT_DATA,1.0,2026-07-17T00:21:53.605724+00:00
QUIET_COMPRESSION_BREAK@FIXED,OFF_HOURS/QUIET/NORMAL/BTC_FALLING,1,0,0,1,1.0,0.010460772115029868,0.013901116723043942,,INSUFFICIENT_DATA,1.0,2026-07-17T00:11:46.628619+00:00
QUIET_COMPRESSION_BREAK@FIXED,ASIA/QUIET/NORMAL/BTC_FALLING,6,0,0,6,0.5,-0.25739219174379496,-0.20403118751365004,,INSUFFICIENT_DATA,1.0,2026-07-17T06:34:38.737077+00:00
QUIET_COMPRESSION_BREAK@FIXED,ASIA/QUIET/EXPANDED/BTC_FALLING,1,0,0,1,0.0,-0.30522671776959187,-0.24418137421567007,,INSUFFICIENT_DATA,0.0,2026-07-17T02:08:56.188587+00:00
QUIET_COMPRESSION_BREAK@FIXED,ASIA/VOLATILE_EXPANSION/CASCADE/BTC_FALLING,1,0,0,1,0.0,-0.06479579604874555,-0.062175521497179705,,INSUFFICIENT_DATA,0.0,2026-07-17T03:19:56.724377+00:00
QUIET_COMPRESSION_BREAK@FIXED,ASIA/RANGE/NORMAL/BTC_FALLING,1,0,0,1,0.0,0.0,0.0,,INSUFFICIENT_DATA,0.0,2026-07-17T04:16:00.049786+00:00
QUIET_COMPRESSION_BREAK@FIXED,ASIA/QUIET/COMPRESSED/BTC_FALLING,1,0,0,1,1.0,1.0457750687223697,0.8366200549778926,,INSUFFICIENT_DATA,1.0,2026-07-17T06:34:38.736930+00:00
QUIET_COMPRESSION_BREAK@FIXED,LONDON/QUIET/COMPRESSED/BTC_FALLING,1,0,0,1,0.0,-0.9010538323646007,-0.7208430658916823,,INSUFFICIENT_DATA,0.0,2026-07-17T12:49:33.214471+00:00
QUIET_COMPRESSION_BREAK@FIXED,OVERLAP/VOLATILE_EXPANSION/CASCADE/BTC_FALLING,1,0,0,1,0.0,-1.0,-0.8000000000000084,,INSUFFICIENT_DATA,0.0,2026-07-17T15:01:57.060171+00:00
QUIET_COMPRESSION_BREAK@FIXED,OVERLAP/QUIET/NORMAL/BTC_FALLING,2,0,0,2,0.0,-0.20695972348736674,-0.16556777878989407,,INSUFFICIENT_DATA,0.0,2026-07-17T15:17:22.470680+00:00
QUIET_COMPRESSION_BREAK@FIXED,NY/VOLATILE_EXPANSION/CASCADE/BTC_RISING,7,0,0,7,0.42857142857142855,0.047471381215739294,0.021547596626785657,,INSUFFICIENT_DATA,1.0,2026-07-20T17:17:53.802380+00:00
QUIET_COMPRESSION_BREAK@FIXED,NY/QUIET/EXPANDED/BTC_RISING,6,0,0,6,0.5,0.05118627634578835,0.0480582511432557,,INSUFFICIENT_DATA,1.0,2026-07-21T18:57:57.646178+00:00
QUIET_COMPRESSION_BREAK@FIXED,NY/QUIET/COMPRESSED/BTC_RISING,3,0,0,3,0.0,-0.015425084976998517,-0.026184081787795323,,INSUFFICIENT_DATA,0.0,2026-07-21T20:41:09.700706+00:00
QUIET_COMPRESSION_BREAK@FIXED,OFF_HOURS/QUIET/EXPANDED/BTC_RISING,1,0,0,1,0.0,-0.09226286824214919,-0.20556096505463506,,INSUFFICIENT_DATA,0.0,2026-07-18T23:25:39.701319+00:00
QUIET_COMPRESSION_BREAK@FIXED,OFF_HOURS/QUIET/NORMAL/BTC_RISING,2,0,0,2,0.5,0.005470145091956327,-0.06949248661184894,,INSUFFICIENT_DATA,1.0,2026-07-22T00:57:45.138316+00:00
QUIET_COMPRESSION_BREAK@FIXED,ASIA/QUIET/COMPRESSED/BTC_RISING,7,0,0,7,0.5714285714285714,0.010018416015615336,-0.015026095510500211,,INSUFFICIENT_DATA,1.0,2026-07-22T02:29:44.563391+00:00
QUIET_COMPRESSION_BREAK@FIXED,ASIA/QUIET/EXPANDED/BTC_RISING,2,0,0,2,0.5,-0.30228461679890434,-0.22541870052194618,,INSUFFICIENT_DATA,1.0,2026-07-19T03:43:57.288200+00:00
QUIET_COMPRESSION_BREAK@FIXED,ASIA/QUIET/EXPANDED/BTC_NEUTRAL,6,0,0,6,0.3333333333333333,-0.06366607777383085,-0.18734072531512602,,INSUFFICIENT_DATA,1.0,2026-07-20T07:41:17.332966+00:00
QUIET_COMPRESSION_BREAK@FIXED,LONDON/VOLATILE_EXPANSION/CASCADE/BTC_NEUTRAL,4,0,0,4,0.5,-0.07547290953624285,-0.07342595575162505,,INSUFFICIENT_DATA,0.508225995207851,2026-07-23T12:44:52.445939+00:00
QUIET_COMPRESSION_BREAK@FIXED,LONDON/DISTRIBUTION/EXPANDED/BTC_NEUTRAL,1,0,0,1,1.0,0.17065659188160878,0.1660341555977068,,INSUFFICIENT_DATA,1.0,2026-07-19T10:53:50.839542+00:00
QUIET_COMPRESSION_BREAK@FIXED,OVERLAP/RANGE/NORMAL/BTC_NEUTRAL,3,0,0,3,0.3333333333333333,-0.22333164784167345,-0.11584083304413735,,INSUFFICIENT_DATA,1.0,2026-07-20T13:11:48.808913+00:00
QUIET_COMPRESSION_BREAK@FIXED,OFF_HOURS/QUIET/EXPANDED/BTC_NEUTRAL,2,0,0,2,0.0,-0.24915485013800942,-0.4713028906577323,,INSUFFICIENT_DATA,0.0,2026-07-20T00:13:42.624137+00:00
QUIET_COMPRESSION_BREAK@FIXED,OFF_HOURS/VOLATILE_EXPANSION/CASCADE/BTC_NEUTRAL,3,0,0,3,0.3333333333333333,-0.12182586997564833,-0.0974606959805183,,INSUFFICIENT_DATA,1.0,2026-07-19T23:27:50.132561+00:00
QUIET_COMPRESSION_BREAK@FIXED,ASIA/DISTRIBUTION/EXPANDED/BTC_NEUTRAL,1,0,0,1,1.0,0.609847538115469,0.8511825856415245,,INSUFFICIENT_DATA,1.0,2026-07-20T01:30:22.626826+00:00
QUIET_COMPRESSION_BREAK@FIXED,ASIA/ACCUMULATION/NORMAL/BTC_NEUTRAL,1,0,0,1,1.0,0.04357054111064527,0.10304725452672694,,INSUFFICIENT_DATA,1.0,2026-07-20T07:41:17.333865+00:00
QUIET_COMPRESSION_BREAK@FIXED,OVERLAP/ACCUMULATION/NORMAL/BTC_NEUTRAL,2,0,0,2,0.5,-0.1406419676497233,-0.27162034491024745,,INSUFFICIENT_DATA,1.0,2026-07-20T15:04:23.685595+00:00
QUIET_COMPRESSION_BREAK@FIXED,NY/RANGE/NORMAL/BTC_RISING,1,0,0,1,0.0,-0.044549382991046806,-0.11876484560570412,,INSUFFICIENT_DATA,0.0,2026-07-20T19:16:19.589531+00:00
QUIET_COMPRESSION_BREAK@FIXED,LONDON/QUIET/NORMAL/BTC_RISING,8,0,0,8,0.5,0.04594411365060205,0.0831198646363565,,INSUFFICIENT_DATA,1.0,2026-07-21T12:22:12.534553+00:00
QUIET_COMPRESSION_BREAK@FIXED,LONDON/QUIET/COMPRESSED/BTC_RISING,3,0,0,3,0.0,-0.16251857174534753,-0.15644697749956057,,INSUFFICIENT_DATA,0.0,2026-07-21T12:53:29.921968+00:00
QUIET_COMPRESSION_BREAK@FIXED,LONDON/QUIET/EXPANDED/BTC_RISING,1,0,0,1,0.0,-0.21146119687036855,-0.16916895749629582,,INSUFFICIENT_DATA,0.0,2026-07-21T12:01:28.398040+00:00
QUIET_COMPRESSION_BREAK@FIXED,LONDON/RANGE/NORMAL/BTC_RISING,1,0,0,1,1.0,1.6588270047946765,1.7219011675905047,,INSUFFICIENT_DATA,1.0,2026-07-21T12:06:38.982574+00:00
QUIET_COMPRESSION_BREAK@FIXED,NY/RANGE/EXPANDED/BTC_RISING,1,0,0,1,0.0,-0.49453312332991434,-1.379070575964782,,INSUFFICIENT_DATA,0.0,2026-07-21T17:24:41.155765+00:00
QUIET_COMPRESSION_BREAK@FIXED,ASIA/RANGE/NORMAL/BTC_RISING,2,0,0,2,0.5,0.69189402535875,0.5437293033987659,,INSUFFICIENT_DATA,1.0,2026-07-22T03:56:58.990768+00:00
QUIET_COMPRESSION_BREAK@FIXED,OVERLAP/DISTRIBUTION/EXPANDED/BTC_NEUTRAL,1,0,0,1,1.0,0.38423349595975576,0.30738679676780367,,INSUFFICIENT_DATA,0.6720500000000026,2026-07-22T15:04:16.574345+00:00
QUIET_COMPRESSION_BREAK@FIXED,NY/RANGE/EXPANDED/BTC_NEUTRAL,1,0,0,1,1.0,2.0487739049968945,1.6390191239975271,,INSUFFICIENT_DATA,0.9161551724137927,2026-07-23T18:12:08.869260+00:00
RANGE_FADE,LONDON/VOLATILE_EXPANSION/CASCADE/BTC_NEUTRAL,24,0,24,0,1.0,4.761586897277881,10.700771396772389,4.104580395331775,STRONG,1.0,2026-07-20T14:18:23.556026+00:00
RANGE_FADE,LONDON/VOLATILE_EXPANSION/CASCADE/BTC_NEUTRAL/ALTCOIN,24,0,24,0,1.0,4.761586897277881,10.700771396772389,4.104580395331775,STRONG,1.0,2026-07-20T14:18:23.556039+00:00
RANGE_FADE,LONDON/DISTRIBUTION/NORMAL/BTC_RISING,25,0,25,0,0.0,-1.0,-0.822278060408157,-1.0,NEGATIVE,0.0,2026-07-21T13:40:15.064712+00:00
RANGE_FADE,LONDON/DISTRIBUTION/NORMAL/BTC_RISING/MIDCAP,25,0,25,0,0.0,-1.0,-0.822278060408157,-1.0,NEGATIVE,0.0,2026-07-21T13:40:15.064724+00:00
RANGE_FADE,OVERLAP/DISTRIBUTION/EXPANDED/BTC_RISING,21,0,21,0,0.0,-1.0,-0.8217903370262324,-1.0,NEGATIVE,0.0,2026-07-21T19:39:07.233681+00:00
RANGE_FADE,OVERLAP/DISTRIBUTION/EXPANDED/BTC_RISING/MIDCAP,21,0,21,0,0.0,-1.0,-0.8217903370262324,-1.0,NEGATIVE,0.0,2026-07-21T19:39:07.233711+00:00
RANGE_FADE,OVERLAP/VOLATILE_EXPANSION/CASCADE/BTC_RISING,23,0,23,0,0.0,-1.0,-0.8215229650399273,-1.0,NEGATIVE,0.0,2026-07-21T19:08:15.389970+00:00
RANGE_FADE,OVERLAP/VOLATILE_EXPANSION/CASCADE/BTC_RISING/MIDCAP,23,0,23,0,0.0,-1.0,-0.8215229650399273,-1.0,NEGATIVE,0.0,2026-07-21T19:08:15.389984+00:00
RANGE_FADE,NY/DISTRIBUTION/NORMAL/BTC_RISING,26,0,26,0,0.0,-1.0,-0.8225533676609025,-1.0,NEGATIVE,0.0,2026-07-21T20:15:09.864800+00:00
RANGE_FADE,NY/DISTRIBUTION/NORMAL/BTC_RISING/MIDCAP,26,0,26,0,0.0,-1.0,-0.8225533676609025,-1.0,NEGATIVE,0.0,2026-07-21T20:15:09.864809+00:00
RANGE_FADE,ASIA/DISTRIBUTION/EXPANDED/BTC_NEUTRAL,18,0,18,0,0.0,-1.0,-0.8236909659863823,-1.0,NEGATIVE,0.0,2026-07-22T08:33:28.228861+00:00
RANGE_FADE,ASIA/DISTRIBUTION/EXPANDED/BTC_NEUTRAL/MIDCAP,18,0,18,0,0.0,-1.0,-0.8236909659863823,-1.0,NEGATIVE,0.0,2026-07-22T08:33:28.228898+00:00
RANGE_FADE,ASIA/DISTRIBUTION/NORMAL/BTC_NEUTRAL,31,0,31,0,0.0,-1.0058681569551122,-0.8273343720868865,-1.0058681569551122,NEGATIVE,0.0,2026-07-23T06:05:56.610757+00:00
RANGE_FADE,ASIA/DISTRIBUTION/NORMAL/BTC_NEUTRAL/MIDCAP,31,0,31,0,0.0,-1.0058681569551122,-0.8273343720868865,-1.0058681569551122,NEGATIVE,0.0,2026-07-23T06:05:56.610845+00:00
RANGE_FADE,ASIA/QUIET/COMPRESSED/BTC_NEUTRAL,50,0,50,0,0.0,-1.1819128656084799,-0.9745705959183583,-1.1819128656084799,NEGATIVE,0.0,2026-07-23T05:29:30.889692+00:00
RANGE_FADE,ASIA/QUIET/COMPRESSED/BTC_NEUTRAL/MIDCAP,50,0,50,0,0.0,-1.1819128656084799,-0.9745705959183583,-1.1819128656084799,NEGATIVE,0.0,2026-07-23T05:29:30.889701+00:00
RANGE_FADE,OFF_HOURS/DISTRIBUTION/NORMAL/BTC_NEUTRAL,41,0,41,0,0.0,-1.1832507297218604,-0.9685506285714236,-1.1832507297218604,NEGATIVE,0.0,2026-07-23T03:26:56.823908+00:00
RANGE_FADE,OFF_HOURS/DISTRIBUTION/NORMAL/BTC_NEUTRAL/MIDCAP,41,0,41,0,0.0,-1.1832507297218604,-0.9685506285714236,-1.1832507297218604,NEGATIVE,0.0,2026-07-23T03:26:56.823918+00:00
RANGE_FADE,OVERLAP/QUIET/NORMAL/BTC_NEUTRAL,28,0,28,0,0.0,-1.189976365911032,-0.9431033926378121,-1.189976365911032,NEGATIVE,0.0,2026-07-23T19:35:24.267164+00:00
RANGE_FADE,OVERLAP/QUIET/NORMAL/BTC_NEUTRAL/MIDCAP,28,0,28,0,0.0,-1.189976365911032,-0.9431033926378121,-1.189976365911032,NEGATIVE,0.0,2026-07-23T19:35:24.267178+00:00
RANGE_FADE,OVERLAP/VOLATILE_EXPANSION/CASCADE/BTC_NEUTRAL,50,0,50,0,0.0,-1.1900634119507523,-0.9421274733899772,-1.1900634119507523,NEGATIVE,0.0,2026-07-23T19:30:05.735375+00:00
RANGE_FADE,OVERLAP/VOLATILE_EXPANSION/CASCADE/BTC_NEUTRAL/MIDCAP,50,0,50,0,0.0,-1.1900634119507523,-0.9421274733899772,-1.1900634119507523,NEGATIVE,0.0,2026-07-23T19:30:05.735393+00:00
RANGE_FADE,NY/QUIET/COMPRESSED/BTC_NEUTRAL,50,0,50,0,0.0,-1.192979891562818,-0.9315175018543966,-1.192979891562818,NEGATIVE,0.0,2026-07-24T02:01:22.354123+00:00
RANGE_FADE,NY/QUIET/COMPRESSED/BTC_NEUTRAL/MIDCAP,50,0,50,0,0.0,-1.192979891562818,-0.9315175018543966,-1.192979891562818,NEGATIVE,0.0,2026-07-24T02:01:22.354134+00:00
RANGE_FADE,OVERLAP/DISTRIBUTION/NORMAL/BTC_NEUTRAL,48,0,48,0,0.0,-1.197686390729633,-0.9132240472623084,-1.197686390729633,NEGATIVE,0.0,2026-07-23T19:51:01.360367+00:00
RANGE_FADE,OVERLAP/DISTRIBUTION/NORMAL/BTC_NEUTRAL/MIDCAP,48,0,48,0,0.0,-1.197686390729633,-0.9132240472623084,-1.197686390729633,NEGATIVE,0.0,2026-07-23T19:51:01.360374+00:00
RANGE_FADE,OFF_HOURS/QUIET/COMPRESSED/BTC_NEUTRAL,50,0,50,0,0.0,-1.1984702078833342,-0.9103248746805259,-1.1984702078833342,NEGATIVE,0.0,2026-07-24T03:50:44.654198+00:00
RANGE_FADE,OFF_HOURS/QUIET/COMPRESSED/BTC_NEUTRAL/MIDCAP,50,0,50,0,0.0,-1.1984702078833342,-0.9103248746805259,-1.1984702078833342,NEGATIVE,0.0,2026-07-24T03:50:44.654208+00:00
RANGE_FADE,NY/DISTRIBUTION/NORMAL/BTC_NEUTRAL,50,0,50,0,0.0,-1.2076521075707844,-0.874691471394534,-1.2076521075707844,NEGATIVE,0.0,2026-07-24T01:19:27.933351+00:00
RANGE_FADE,NY/DISTRIBUTION/NORMAL/BTC_NEUTRAL/MIDCAP,50,0,50,0,0.0,-1.2076521075707844,-0.874691471394534,-1.2076521075707844,NEGATIVE,0.0,2026-07-24T01:19:27.933361+00:00
RANGE_FADE,NY/QUIET/EXPANDED/BTC_NEUTRAL,50,0,50,0,0.0,-1.2123138409317016,-0.8565016068197575,-1.2123138409317016,NEGATIVE,0.0,2026-07-23T20:58:51.203504+00:00
RANGE_FADE,NY/QUIET/EXPANDED/BTC_NEUTRAL/MIDCAP,50,0,50,0,0.0,-1.2123138409317016,-0.8565016068197575,-1.2123138409317016,NEGATIVE,0.0,2026-07-23T20:58:51.203516+00:00
RANGE_FADE,NY/QUIET/NORMAL/BTC_NEUTRAL,50,0,50,0,0.0,-1.2124293321294881,-0.8561183134540581,-1.2124293321294881,NEGATIVE,0.0,2026-07-24T00:16:59.061303+00:00
RANGE_FADE,NY/QUIET/NORMAL/BTC_NEUTRAL/MIDCAP,50,0,50,0,0.0,-1.2124293321294881,-0.8561183134540581,-1.2124293321294881,NEGATIVE,0.0,2026-07-24T00:16:59.061317+00:00
RANGE_FADE,OVERLAP/DISTRIBUTION/EXPANDED/BTC_NEUTRAL,50,0,50,0,0.0,-1.2124780080380886,-0.8559556612878009,-1.2124780080380886,NEGATIVE,0.0,2026-07-23T19:56:14.390765+00:00
RANGE_FADE,OVERLAP/DISTRIBUTION/EXPANDED/BTC_NEUTRAL/MIDCAP,50,0,50,0,0.0,-1.2124780080380886,-0.8559556612878009,-1.2124780080380886,NEGATIVE,0.0,2026-07-23T19:56:14.390776+00:00
RANGE_FADE,OVERLAP/QUIET/EXPANDED/BTC_NEUTRAL,50,0,50,0,0.0,-1.2126899843194827,-0.8552527210562362,-1.2126899843194827,NEGATIVE,0.0,2026-07-23T20:01:24.714696+00:00
RANGE_FADE,OVERLAP/QUIET/EXPANDED/BTC_NEUTRAL/MIDCAP,50,0,50,0,0.0,-1.2126899843194827,-0.8552527210562362,-1.2126899843194827,NEGATIVE,0.0,2026-07-23T20:01:24.714707+00:00
RANGE_FADE,LONDON/DISTRIBUTION/NORMAL/BTC_NEUTRAL,50,0,50,0,0.0,-1.2127175891454682,-0.8551607872231327,-1.2127175891454682,NEGATIVE,0.0,2026-07-23T15:44:16.213800+00:00
RANGE_FADE,LONDON/DISTRIBUTION/NORMAL/BTC_NEUTRAL/MIDCAP,50,0,50,0,0.0,-1.2127175891454682,-0.8551607872231327,-1.2127175891454682,NEGATIVE,0.0,2026-07-23T15:44:16.213812+00:00
RANGE_FADE,LONDON/DISTRIBUTION/EXPANDED/BTC_NEUTRAL,6,0,6,0,1.0,4.7628361948283136,10.703056204785748,,INSUFFICIENT_DATA,1.0,2026-07-20T14:43:52.192081+00:00
RANGE_FADE,LONDON/DISTRIBUTION/EXPANDED/BTC_NEUTRAL/ALTCOIN,6,0,6,0,1.0,4.7628361948283136,10.703056204785748,,INSUFFICIENT_DATA,1.0,2026-07-20T14:43:52.192088+00:00
RANGE_FADE,OVERLAP/DISTRIBUTION/NORMAL/BTC_RISING,10,0,10,0,0.0,-1.0,-0.8218492408163229,,INSUFFICIENT_DATA,0.0,2026-07-21T19:59:37.560785+00:00
RANGE_FADE,OVERLAP/DISTRIBUTION/NORMAL/BTC_RISING/MIDCAP,10,0,10,0,0.0,-1.0,-0.8218492408163229,,INSUFFICIENT_DATA,0.0,2026-07-21T19:59:37.560801+00:00
RANGE_FADE@ATR,NY/QUIET/COMPRESSED/BTC_NEUTRAL,20,0,0,20,0.0,-1.1456427233621513,-1.0639157289633887,-1.1456427233621513,NEGATIVE,0.0,2026-07-24T02:01:29.199066+00:00
RANGE_FADE@ATR,OFF_HOURS/QUIET/COMPRESSED/BTC_NEUTRAL,15,0,0,15,0.0,-1.1666306877935588,-1.0515897675836543,-1.1666306877935588,NEGATIVE,0.0,2026-07-24T03:50:49.310672+00:00
RANGE_FADE@ATR,LONDON/VOLATILE_EXPANSION/CASCADE/BTC_NEUTRAL,2,0,0,2,1.0,3.8405566105155575,10.766015358931543,,INSUFFICIENT_DATA,1.0,2026-07-20T14:18:25.971646+00:00
RANGE_FADE@ATR,LONDON/DISTRIBUTION/EXPANDED/BTC_NEUTRAL,1,0,0,1,1.0,3.8180972151324273,10.703056204785748,,INSUFFICIENT_DATA,1.0,2026-07-20T14:43:53.639816+00:00
RANGE_FADE@ATR,LONDON/DISTRIBUTION/NORMAL/BTC_RISING,2,0,0,2,0.0,-1.0,-0.939608496459807,,INSUFFICIENT_DATA,0.0,2026-07-21T13:40:28.263134+00:00
RANGE_FADE@ATR,OVERLAP/DISTRIBUTION/EXPANDED/BTC_RISING,3,0,0,3,0.0,-1.0,-0.9396084964598069,,INSUFFICIENT_DATA,0.0,2026-07-21T19:34:01.935945+00:00
RANGE_FADE@ATR,OVERLAP/VOLATILE_EXPANSION/CASCADE/BTC_RISING,2,0,0,2,0.0,-1.0,-0.939608496459807,,INSUFFICIENT_DATA,0.0,2026-07-21T18:57:57.644960+00:00
RANGE_FADE@ATR,OVERLAP/DISTRIBUTION/NORMAL/BTC_RISING,1,0,0,1,0.0,-1.0,-0.939608496459807,,INSUFFICIENT_DATA,0.0,2026-07-21T19:59:39.608086+00:00
RANGE_FADE@ATR,NY/DISTRIBUTION/NORMAL/BTC_RISING,1,0,0,1,0.0,-1.0,-0.939608496459807,,INSUFFICIENT_DATA,0.0,2026-07-21T20:15:17.696849+00:00
RANGE_FADE@ATR,NY/QUIET/NORMAL/BTC_NEUTRAL,13,0,0,13,0.0,-1.1461702861782013,-1.0062133977620649,,INSUFFICIENT_DATA,0.0,2026-07-24T00:17:08.064331+00:00
RANGE_FADE@ATR,ASIA/DISTRIBUTION/NORMAL/BTC_NEUTRAL,2,0,0,2,0.0,-1.0798204787234043,-1.014608496459807,,INSUFFICIENT_DATA,0.0,2026-07-23T06:06:00.342588+00:00
RANGE_FADE@ATR,ASIA/DISTRIBUTION/EXPANDED/BTC_NEUTRAL,1,0,0,1,0.0,-1.0,-0.939608496459807,,INSUFFICIENT_DATA,0.0,2026-07-22T08:28:25.826382+00:00
RANGE_FADE@ATR,LONDON/DISTRIBUTION/NORMAL/BTC_NEUTRAL,3,0,0,3,0.0,-1.1727467018469653,-1.0183233798170206,,INSUFFICIENT_DATA,0.0,2026-07-23T15:44:23.462061+00:00
RANGE_FADE@ATR,OFF_HOURS/DISTRIBUTION/NORMAL/BTC_NEUTRAL,1,0,0,1,0.0,-1.1596409574468087,-1.0896084964598072,,INSUFFICIENT_DATA,0.0,2026-07-23T03:21:50.907649+00:00
RANGE_FADE@ATR,ASIA/QUIET/COMPRESSED/BTC_NEUTRAL,3,0,0,3,0.0,-1.1596409574468087,-1.0896084964598072,,INSUFFICIENT_DATA,0.0,2026-07-23T05:24:25.477465+00:00
RANGE_FADE@ATR,OVERLAP/DISTRIBUTION/NORMAL/BTC_NEUTRAL,3,0,0,3,0.0,-1.1683781203802466,-1.0420850853646162,,INSUFFICIENT_DATA,0.0,2026-07-23T19:51:07.758651+00:00
RANGE_FADE@ATR,OVERLAP/QUIET/NORMAL/BTC_NEUTRAL,4,0,0,4,0.0,-1.1629173935468478,-1.0717872172991105,,INSUFFICIENT_DATA,0.0,2026-07-23T19:30:09.960351+00:00
RANGE_FADE@ATR,OVERLAP/DISTRIBUTION/EXPANDED/BTC_NEUTRAL,4,0,0,4,0.0,-1.1694702657469263,-1.0361446589777172,,INSUFFICIENT_DATA,0.0,2026-07-23T19:56:18.951296+00:00
RANGE_FADE@ATR,OVERLAP/VOLATILE_EXPANSION/CASCADE/BTC_NEUTRAL,9,0,0,9,0.0,-1.1669219265580066,-1.0500056538804814,,INSUFFICIENT_DATA,0.0,2026-07-23T18:58:55.662311+00:00
RANGE_FADE@ATR,OVERLAP/QUIET/EXPANDED/BTC_NEUTRAL,2,0,0,2,0.0,-1.1727467018469653,-1.0183233798170206,,INSUFFICIENT_DATA,0.0,2026-07-23T19:19:42.098330+00:00
RANGE_FADE@ATR,NY/QUIET/EXPANDED/BTC_NEUTRAL,4,0,0,4,0.0,-1.1727467018469653,-1.0183233798170206,,INSUFFICIENT_DATA,0.0,2026-07-23T20:58:55.292716+00:00
RANGE_FADE@ATR,NY/DISTRIBUTION/NORMAL/BTC_NEUTRAL,4,0,0,4,0.0,-1.166193829646887,-1.0539659381384139,,INSUFFICIENT_DATA,0.0,2026-07-24T01:14:20.833229+00:00
RANGE_FADE@FIXED,NY/QUIET/COMPRESSED/BTC_NEUTRAL,20,0,0,20,0.0,-1.1685920922639532,-0.9403873834420695,-1.1685920922639532,NEGATIVE,0.0,2026-07-24T02:01:29.198701+00:00
RANGE_FADE@FIXED,OFF_HOURS/QUIET/COMPRESSED/BTC_NEUTRAL,15,0,0,15,0.0,-1.198170858803302,-0.91140546680567,-1.198170858803302,NEGATIVE,0.0,2026-07-24T03:50:49.310438+00:00
RANGE_FADE@FIXED,LONDON/VOLATILE_EXPANSION/CASCADE/BTC_NEUTRAL,2,0,0,2,1.0,4.806616199266539,10.766015358931543,,INSUFFICIENT_DATA,1.0,2026-07-20T14:18:25.970550+00:00
RANGE_FADE@FIXED,LONDON/DISTRIBUTION/EXPANDED/BTC_NEUTRAL,1,0,0,1,1.0,4.7628361948283136,10.703056204785748,,INSUFFICIENT_DATA,1.0,2026-07-20T14:43:53.633256+00:00
RANGE_FADE@FIXED,LONDON/DISTRIBUTION/NORMAL/BTC_RISING,2,0,0,2,0.0,-1.0,-0.8224264979591785,,INSUFFICIENT_DATA,0.0,2026-07-21T13:40:28.262845+00:00
RANGE_FADE@FIXED,OVERLAP/DISTRIBUTION/EXPANDED/BTC_RISING,3,0,0,3,0.0,-1.0,-0.8219866829931881,,INSUFFICIENT_DATA,0.0,2026-07-21T19:34:01.935682+00:00
RANGE_FADE@FIXED,OVERLAP/VOLATILE_EXPANSION/CASCADE/BTC_RISING,2,0,0,2,0.0,-1.0,-0.8222203346938723,,INSUFFICIENT_DATA,0.0,2026-07-21T18:57:57.644673+00:00
RANGE_FADE@FIXED,OVERLAP/DISTRIBUTION/NORMAL/BTC_RISING,1,0,0,1,0.0,-1.0,-0.8218492408163228,,INSUFFICIENT_DATA,0.0,2026-07-21T19:59:39.607647+00:00
RANGE_FADE@FIXED,NY/DISTRIBUTION/NORMAL/BTC_RISING,1,0,0,1,0.0,-1.0,-0.8224264979591704,,INSUFFICIENT_DATA,0.0,2026-07-21T20:15:17.695515+00:00
RANGE_FADE@FIXED,NY/QUIET/NORMAL/BTC_NEUTRAL,13,0,0,13,0.0,-1.179735199045024,-0.851185961649771,,INSUFFICIENT_DATA,0.0,2026-07-24T00:17:08.063452+00:00
RANGE_FADE@FIXED,ASIA/DISTRIBUTION/NORMAL/BTC_NEUTRAL,2,0,0,2,0.0,-1.0909564328042398,-0.8984985469387643,,INSUFFICIENT_DATA,0.0,2026-07-23T06:06:00.342405+00:00
RANGE_FADE@FIXED,ASIA/DISTRIBUTION/EXPANDED/BTC_NEUTRAL,1,0,0,1,0.0,-1.0,-0.8236634775510076,,INSUFFICIENT_DATA,0.0,2026-07-22T08:28:25.826214+00:00
RANGE_FADE@FIXED,LONDON/DISTRIBUTION/NORMAL/BTC_NEUTRAL,3,0,0,3,0.0,-1.2126266171750952,-0.855462518777926,,INSUFFICIENT_DATA,0.0,2026-07-23T15:44:23.461275+00:00
RANGE_FADE@FIXED,OFF_HOURS/DISTRIBUTION/NORMAL/BTC_NEUTRAL,1,0,0,1,0.0,-1.1832507297218593,-0.9685506285714236,,INSUFFICIENT_DATA,0.0,2026-07-23T03:21:50.907412+00:00
RANGE_FADE@FIXED,ASIA/QUIET/COMPRESSED/BTC_NEUTRAL,3,0,0,3,0.0,-1.1821808771968527,-0.9733611047618963,,INSUFFICIENT_DATA,0.0,2026-07-23T05:24:25.477209+00:00
RANGE_FADE@FIXED,OVERLAP/DISTRIBUTION/NORMAL/BTC_NEUTRAL,3,0,0,3,0.0,-1.2026222709821053,-0.89426574016521,,INSUFFICIENT_DATA,0.0,2026-07-23T19:51:07.758284+00:00
RANGE_FADE@FIXED,OVERLAP/QUIET/NORMAL/BTC_NEUTRAL,4,0,0,4,0.0,-1.1901275773169822,-0.9424402801257907,,INSUFFICIENT_DATA,0.0,2026-07-23T19:30:09.958790+00:00
RANGE_FADE@FIXED,OVERLAP/DISTRIBUTION/EXPANDED/BTC_NEUTRAL,4,0,0,4,0.0,-1.2054778139631892,-0.8829892443564484,,INSUFFICIENT_DATA,0.0,2026-07-23T19:56:18.950939+00:00
RANGE_FADE@FIXED,OVERLAP/VOLATILE_EXPANSION/CASCADE/BTC_NEUTRAL,9,0,0,9,0.0,-1.1999389779761402,-0.904270684236758,,INSUFFICIENT_DATA,0.0,2026-07-23T18:58:55.662026+00:00
RANGE_FADE@FIXED,OVERLAP/QUIET/EXPANDED/BTC_NEUTRAL,2,0,0,2,0.0,-1.212726285176208,-0.8551324998898726,,INSUFFICIENT_DATA,0.0,2026-07-23T19:19:42.098109+00:00
RANGE_FADE@FIXED,NY/QUIET/EXPANDED/BTC_NEUTRAL,4,0,0,4,0.0,-1.2123374955387218,-0.8564231094699571,,INSUFFICIENT_DATA,0.0,2026-07-23T20:58:55.292490+00:00
RANGE_FADE@FIXED,NY/DISTRIBUTION/NORMAL/BTC_NEUTRAL,4,0,0,4,0.0,-1.197340483335311,-0.9146661192130116,,INSUFFICIENT_DATA,0.0,2026-07-24T01:14:20.832925+00:00
SHADOW_CASCADE_REVERSAL,NY/VOLATILE_EXPANSION/CASCADE/BTC_NEUTRAL,15,0,0,15,0.6,0.1183922228665861,0.3751188335028724,-0.03350838137906409,FLAT,0.9772730537747378,2026-07-23T21:19:35.234228+00:00
SHADOW_CASCADE_REVERSAL,OVERLAP/VOLATILE_EXPANSION/CASCADE/BTC_NEUTRAL,17,0,0,17,0.6470588235294118,-0.016677661034310676,1.0415008485039607,-0.12848575124517064,NEGATIVE,0.9891717079893857,2026-07-23T15:49:40.178372+00:00
SHADOW_CASCADE_REVERSAL,ASIA/VOLATILE_EXPANSION/CASCADE/BTC_NEUTRAL,16,0,0,16,0.25,-0.2842604358404974,-0.8344793103226142,-0.39109473610773715,NEGATIVE,0.9862087144651831,2026-07-24T03:19:31.008996+00:00
SHADOW_CASCADE_REVERSAL,ASIA/MARKUP/NORMAL/BTC_NEUTRAL,15,0,0,15,0.06666666666666667,-0.8338332423786098,-22.94938285058998,-0.8722401346944957,NEGATIVE,1.0,2026-07-16T08:57:23.930587+00:00
SHADOW_CASCADE_REVERSAL,OFF_HOURS/MARKDOWN/EXPANDED/BTC_NEUTRAL,1,0,0,1,1.0,0.6557542180810936,1.8674698795180897,,INSUFFICIENT_DATA,1.0,2026-07-13T00:35:38.161985+00:00
SHADOW_CASCADE_REVERSAL,OFF_HOURS/RANGE/NORMAL/BTC_NEUTRAL,3,0,0,3,0.3333333333333333,-0.5111355622100601,-1.0819132250541663,,INSUFFICIENT_DATA,1.0,2026-07-24T01:35:17.973796+00:00
SHADOW_CASCADE_REVERSAL,OFF_HOURS/VOLATILE_EXPANSION/CASCADE/BTC_NEUTRAL,2,0,0,2,1.0,0.7893057276702807,3.060669251342341,,INSUFFICIENT_DATA,1.0,2026-07-21T01:04:03.993410+00:00
SHADOW_CASCADE_REVERSAL,LONDON/VOLATILE_EXPANSION/CASCADE/BTC_NEUTRAL,6,0,0,6,0.6666666666666666,0.22915300684280357,0.9157793368769198,,INSUFFICIENT_DATA,1.0,2026-07-23T11:47:04.875753+00:00
SHADOW_CASCADE_REVERSAL,OVERLAP/VOLATILE_EXPANSION/CASCADE/BTC_FALLING,1,0,0,1,1.0,0.6662100292007663,1.586080938190912,,INSUFFICIENT_DATA,1.0,2026-07-13T15:48:15.503611+00:00
SHADOW_CASCADE_REVERSAL,OVERLAP/RANGE/NORMAL/BTC_FALLING,1,0,0,1,0.0,-1.0,-2.408951385432219,,INSUFFICIENT_DATA,0.0,2026-07-13T16:33:33.414158+00:00
SHADOW_CASCADE_REVERSAL,NY/RANGE/EXPANDED/BTC_FALLING,1,0,0,1,1.0,0.1422377928618342,0.4956841295615735,,INSUFFICIENT_DATA,1.0,2026-07-13T23:01:48.825634+00:00
SHADOW_CASCADE_REVERSAL,NY/MARKDOWN/NORMAL/BTC_FALLING,1,0,0,1,1.0,0.7051738297290033,0.7902422264215855,,INSUFFICIENT_DATA,1.0,2026-07-13T23:47:04.707862+00:00
SHADOW_CASCADE_REVERSAL,ASIA/MARKDOWN/NORMAL/BTC_NEUTRAL,3,0,0,3,0.6666666666666666,0.1084977575866446,0.0026897138769285123,,INSUFFICIENT_DATA,0.9158666757696723,2026-07-24T02:17:05.687215+00:00
SHADOW_CASCADE_REVERSAL,ASIA/MARKDOWN/EXPANDED/BTC_NEUTRAL,1,0,0,1,0.0,-0.17882232724485939,-0.6549646319098774,,INSUFFICIENT_DATA,0.0,2026-07-14T06:34:59.581858+00:00
SHADOW_CASCADE_REVERSAL,LONDON/MARKUP/CASCADE/BTC_NEUTRAL,10,0,0,10,1.0,0.657600033303324,15.733581355559256,,INSUFFICIENT_DATA,0.999047533256403,2026-07-23T12:50:00.709617+00:00
SHADOW_CASCADE_REVERSAL,LONDON/MARKDOWN/CASCADE/BTC_NEUTRAL,4,0,0,4,1.0,0.5330435224650955,3.1784878170530186,,INSUFFICIENT_DATA,0.9769478159386705,2026-07-23T10:17:48.056789+00:00
SHADOW_CASCADE_REVERSAL,OVERLAP/MARKUP/CASCADE/BTC_NEUTRAL,7,0,0,7,0.42857142857142855,0.02997846813566729,3.90754238878039,,INSUFFICIENT_DATA,1.0,2026-07-22T15:35:42.949526+00:00
SHADOW_CASCADE_REVERSAL,NY/QUIET/COMPRESSED/BTC_NEUTRAL,1,0,0,1,0.0,-0.04524579010035607,-0.1800691844761368,,INSUFFICIENT_DATA,0.0,2026-07-14T18:19:23.753152+00:00
SHADOW_CASCADE_REVERSAL,NY/MARKDOWN/CASCADE/BTC_NEUTRAL,2,0,0,2,1.0,0.11513235205302041,0.4535551034172819,,INSUFFICIENT_DATA,1.0,2026-07-21T20:04:44.536561+00:00
SHADOW_CASCADE_REVERSAL,ASIA/MARKUP/EXPANDED/BTC_NEUTRAL,2,0,0,2,0.0,-1.0,-15.611604022322792,,INSUFFICIENT_DATA,0.0,2026-07-16T08:25:47.869342+00:00
SHADOW_CASCADE_REVERSAL,ASIA/MARKDOWN/NORMAL/BTC_RISING,1,0,0,1,1.0,0.969230769230764,1.8651561204752556,,INSUFFICIENT_DATA,1.0,2026-07-15T08:31:45.411390+00:00
SHADOW_CASCADE_REVERSAL,OVERLAP/MARKUP/CASCADE/BTC_RISING,9,0,0,9,0.3333333333333333,-0.46935556751485347,-13.590970960308988,,INSUFFICIENT_DATA,1.0,2026-07-21T15:51:46.827416+00:00
SHADOW_CASCADE_REVERSAL,OVERLAP/MARKUP/NORMAL/BTC_RISING,1,0,0,1,1.0,0.4846454494695729,1.250000000000005,,INSUFFICIENT_DATA,1.0,2026-07-15T15:32:54.615366+00:00
SHADOW_CASCADE_REVERSAL,OVERLAP/MARKDOWN/CASCADE/BTC_RISING,2,0,0,2,0.0,-1.0,-3.3491340368180342,,INSUFFICIENT_DATA,0.0,2026-07-21T15:51:46.827640+00:00
SHADOW_CASCADE_REVERSAL,OVERLAP/MARKDOWN/EXPANDED/BTC_RISING,1,0,0,1,0.0,-0.11224175146469385,-0.30959752321981404,,INSUFFICIENT_DATA,0.0,2026-07-15T16:33:21.871650+00:00
SHADOW_CASCADE_REVERSAL,OVERLAP/MARKUP/EXPANDED/BTC_RISING,1,0,0,1,0.0,-0.23440770196735156,-0.6369426751592362,,INSUFFICIENT_DATA,0.0,2026-07-15T17:34:00.557703+00:00
SHADOW_CASCADE_REVERSAL,NY/MARKUP/CASCADE/BTC_NEUTRAL,5,0,0,5,0.4,-0.15313086029297354,-0.818443706364425,,INSUFFICIENT_DATA,0.9774405569688159,2026-07-23T20:06:45.679834+00:00
SHADOW_CASCADE_REVERSAL,NY/MARKUP/EXPANDED/BTC_NEUTRAL,2,0,0,2,0.5,0.2577852603532577,-2.685861005474593,,INSUFFICIENT_DATA,1.0,2026-07-15T20:46:32.903769+00:00
SHADOW_CASCADE_REVERSAL,NY/MARKDOWN/EXPANDED/BTC_NEUTRAL,4,0,0,4,0.25,-0.19688323857319856,-6.639720468773359,,INSUFFICIENT_DATA,0.8531249999999997,2026-07-22T22:19:20.846128+00:00
SHADOW_CASCADE_REVERSAL,NY/VOLATILE_EXPANSION/EXPANDED/BTC_NEUTRAL,1,0,0,1,0.0,-0.5469107551487417,-15.618363012579653,,INSUFFICIENT_DATA,0.0,2026-07-15T21:22:02.162938+00:00
SHADOW_CASCADE_REVERSAL,NY/MARKUP/NORMAL/BTC_NEUTRAL,6,0,0,6,0.16666666666666666,-0.17999142246049762,-8.349830317414021,,INSUFFICIENT_DATA,1.0,2026-07-16T18:03:51.106110+00:00
SHADOW_CASCADE_REVERSAL,NY/RANGE/NORMAL/BTC_NEUTRAL,2,0,0,2,1.0,0.41662332187606876,1.1496904397698164,,INSUFFICIENT_DATA,1.0,2026-07-19T22:06:14.130993+00:00
SHADOW_CASCADE_REVERSAL,OFF_HOURS/MARKDOWN/NORMAL/BTC_NEUTRAL,2,0,0,2,0.0,-0.6158466819221969,-17.586995588956064,,INSUFFICIENT_DATA,0.0,2026-07-16T00:49:45.662632+00:00
SHADOW_CASCADE_REVERSAL,OFF_HOURS/MARKUP/NORMAL/BTC_NEUTRAL,1,0,0,1,0.0,-1.0,-1.2913103157005603,,INSUFFICIENT_DATA,0.0,2026-07-16T01:04:52.455103+00:00
SHADOW_CASCADE_REVERSAL,OFF_HOURS/VOLATILE_EXPANSION/NORMAL/BTC_NEUTRAL,2,0,0,2,0.0,-0.5363272311212817,-15.316124816206507,,INSUFFICIENT_DATA,0.0,2026-07-16T01:50:41.550987+00:00
SHADOW_CASCADE_REVERSAL,ASIA/VOLATILE_EXPANSION/NORMAL/BTC_NEUTRAL,1,0,0,1,0.0,-1.0,-28.557425257310904,,INSUFFICIENT_DATA,0.0,2026-07-16T02:20:59.608238+00:00
SHADOW_CASCADE_REVERSAL,ASIA/RANGE/NORMAL/BTC_NEUTRAL,4,0,0,4,0.75,0.13580535852941283,-0.5506373528504785,,INSUFFICIENT_DATA,0.9519532869819424,2026-07-24T02:06:37.530078+00:00
SHADOW_CASCADE_REVERSAL,ASIA/MARKUP/COMPRESSED/BTC_NEUTRAL,1,0,0,1,0.0,-1.0,-28.557425257310904,,INSUFFICIENT_DATA,0.0,2026-07-16T05:58:32.976215+00:00
SHADOW_CASCADE_REVERSAL,LONDON/VOLATILE_EXPANSION/NORMAL/BTC_NEUTRAL,1,0,0,1,0.0,-1.0,-28.557425257310904,,INSUFFICIENT_DATA,0.0,2026-07-16T09:22:45.223859+00:00
SHADOW_CASCADE_REVERSAL,LONDON/MARKDOWN/EXPANDED/BTC_NEUTRAL,2,0,0,2,0.0,-1.0270908544135857,-2.4677897432698126,,INSUFFICIENT_DATA,0.0,2026-07-23T10:07:24.084465+00:00
SHADOW_CASCADE_REVERSAL,LONDON/VOLATILE_EXPANSION/CASCADE/BTC_FALLING,3,0,0,3,0.0,-0.6966717095310138,-10.158375875936171,,INSUFFICIENT_DATA,0.0,2026-07-17T10:34:34.050155+00:00
SHADOW_CASCADE_REVERSAL,OVERLAP/MARKDOWN/CASCADE/BTC_NEUTRAL,4,0,0,4,0.25,-0.42644403778038886,-0.7367171820504347,,INSUFFICIENT_DATA,1.0,2026-07-23T15:49:40.178201+00:00
SHADOW_CASCADE_REVERSAL,ASIA/VOLATILE_EXPANSION/CASCADE/BTC_FALLING,4,0,0,4,0.75,0.5129963321309068,0.24600965624742344,,INSUFFICIENT_DATA,1.0,2026-07-17T08:05:55.175008+00:00
SHADOW_CASCADE_REVERSAL,ASIA/MARKUP/CASCADE/BTC_FALLING,1,0,0,1,0.0,-1.0,-0.2218250630782184,,INSUFFICIENT_DATA,0.0,2026-07-17T03:35:02.137895+00:00
SHADOW_CASCADE_REVERSAL,OVERLAP/RANGE/EXPANDED/BTC_FALLING,1,0,0,1,1.0,0.6772587147261098,2.4285714285714284,,INSUFFICIENT_DATA,1.0,2026-07-17T15:17:20.859277+00:00
SHADOW_CASCADE_REVERSAL,NY/RANGE/EXPANDED/BTC_NEUTRAL,2,0,0,2,0.5,-0.35221274868047125,-0.38519924379067905,,INSUFFICIENT_DATA,1.0,2026-07-20T23:16:56.794060+00:00
SHADOW_CASCADE_REVERSAL,ASIA/MARKUP/CASCADE/BTC_NEUTRAL,5,0,0,5,0.4,0.03988385214788906,0.16114767597841,,INSUFFICIENT_DATA,1.0,2026-07-24T02:32:50.018918+00:00
SHADOW_CASCADE_REVERSAL,OVERLAP/RANGE/EXPANDED/BTC_NEUTRAL,2,0,0,2,0.5,0.4280575539568332,1.4119601328903657,,INSUFFICIENT_DATA,1.0,2026-07-19T15:46:48.230813+00:00
SHADOW_CASCADE_REVERSAL,OVERLAP/RANGE/NORMAL/BTC_NEUTRAL,1,0,0,1,1.0,0.3964692901802121,2.61371350984385,,INSUFFICIENT_DATA,1.0,2026-07-18T16:06:43.453372+00:00
SHADOW_CASCADE_REVERSAL,NY/MARKUP/EXPANDED/BTC_RISING,1,0,0,1,0.0,-1.0,-3.576669112252382,,INSUFFICIENT_DATA,0.0,2026-07-18T22:04:25.746712+00:00
SHADOW_CASCADE_REVERSAL,ASIA/RANGE/NORMAL/BTC_RISING,2,0,0,2,1.0,0.3450912194257938,0.6322319667695049,,INSUFFICIENT_DATA,1.0,2026-07-22T02:19:29.288575+00:00
SHADOW_CASCADE_REVERSAL,ASIA/QUIET/NORMAL/BTC_RISING,1,0,0,1,1.0,0.6987522281639825,0.6982543640897761,,INSUFFICIENT_DATA,1.0,2026-07-19T02:17:52.748432+00:00
SHADOW_CASCADE_REVERSAL,ASIA/VOLATILE_EXPANSION/CASCADE/BTC_RISING,2,0,0,2,1.0,0.47691080359608545,1.02967770934682,,INSUFFICIENT_DATA,1.0,2026-07-19T02:33:05.642634+00:00
SHADOW_CASCADE_REVERSAL,OVERLAP/MARKDOWN/EXPANDED/BTC_NEUTRAL,2,0,0,2,0.5,0.23463417991602925,0.11428894641229537,,INSUFFICIENT_DATA,1.0,2026-07-20T16:06:00.049546+00:00
SHADOW_CASCADE_REVERSAL,OVERLAP/MARKUP/EXPANDED/BTC_NEUTRAL,1,0,0,1,0.0,-0.09076175040518834,-0.32840722495895713,,INSUFFICIENT_DATA,0.0,2026-07-20T14:48:57.866046+00:00
SHADOW_CASCADE_REVERSAL,NY/VOLATILE_EXPANSION/CASCADE/BTC_RISING,1,0,0,1,1.0,0.0404552824645614,0.7705479452054778,,INSUFFICIENT_DATA,1.0,2026-07-20T20:18:00.376375+00:00
SHADOW_CASCADE_REVERSAL,ASIA/MARKUP/CASCADE/BTC_RISING,1,0,0,1,0.0,-1.0,-8.887582613116415,,INSUFFICIENT_DATA,0.0,2026-07-21T06:03:13.586803+00:00
SHADOW_CASCADE_REVERSAL,OVERLAP/VOLATILE_EXPANSION/CASCADE/BTC_RISING,1,0,0,1,0.0,-1.0,-3.4188895345567802,,INSUFFICIENT_DATA,0.0,2026-07-21T15:51:46.827533+00:00
SHADOW_CASCADE_REVERSAL,OVERLAP/MARKDOWN/NORMAL/BTC_NEUTRAL,1,0,0,1,0.0,-1.0524199562231111,-3.011505632732051,,INSUFFICIENT_DATA,0.0,2026-07-22T16:17:15.621212+00:00
SHADOW_CASCADE_REVERSAL,OFF_HOURS/MARKDOWN/CASCADE/BTC_NEUTRAL,1,0,0,1,1.0,0.7617746700188562,2.239591999291967,,INSUFFICIENT_DATA,0.9372277777777777,2026-07-23T00:18:37.917752+00:00
SHADOW_CASCADE_REVERSAL,ASIA/RANGE/EXPANDED/BTC_NEUTRAL,1,0,0,1,0.0,-0.31060271253721417,-0.5275959723096291,,INSUFFICIENT_DATA,0.0,2026-07-24T02:48:26.108863+00:00
SHADOW_FUNDING_FADE,ASIA/MARKUP/EXPANDED/BTC_NEUTRAL,16,0,0,16,1.0,0.7499999999999992,4.1778379823635925,0.6047899362954594,STRONG,1.0,2026-07-21T13:34:59.538181+00:00
SHADOW_FUNDING_FADE,LONDON/VOLATILE_EXPANSION/CASCADE/BTC_NEUTRAL,16,0,0,16,0.75,0.3370580303949088,2.853882942750638,0.1594812644964544,POSITIVE,0.9840475674269118,2026-07-23T17:40:36.991404+00:00
SHADOW_FUNDING_FADE,LONDON/RANGE/NORMAL/BTC_NEUTRAL,50,0,0,50,0.6,0.08812935073749151,-0.24920875310696672,-0.01255434895079477,FLAT,0.9753701612795336,2026-07-23T19:40:38.535116+00:00
SHADOW_FUNDING_FADE,LONDON/MARKUP/EXPANDED/BTC_NEUTRAL,26,0,0,26,0.5384615384615384,-0.06165702742339865,-1.9240766699381726,-0.19899361845012725,NEGATIVE,0.9967223145395442,2026-07-23T16:10:53.279231+00:00
SHADOW_FUNDING_FADE,LONDON/RANGE/EXPANDED/BTC_NEUTRAL,25,0,0,25,0.48,-0.07827454339647537,-1.1499391739601719,-0.2080445691695704,NEGATIVE,0.9751542068471838,2026-07-23T19:09:16.563505+00:00
SHADOW_FUNDING_FADE,LONDON/MARKDOWN/NORMAL/BTC_FALLING,17,0,0,17,0.5294117647058824,-0.07352941176470638,-1.4985377024010642,-0.23836650545749669,NEGATIVE,1.0,2026-07-17T17:40:24.842393+00:00
SHADOW_FUNDING_FADE,LONDON/QUIET/COMPRESSED/BTC_NEUTRAL,37,0,0,37,0.4864864864864865,-0.178491538149217,-0.9343189055438025,-0.2789332562070582,NEGATIVE,0.9747988242502728,2026-07-23T19:40:38.533015+00:00
SHADOW_FUNDING_FADE,NY/MARKUP/EXPANDED/BTC_NEUTRAL,16,0,0,16,0.5,-0.13523656749555926,-0.12378986511999712,-0.29573803962752465,NEGATIVE,0.9662993707452313,2026-07-23T02:23:19.657962+00:00
SHADOW_FUNDING_FADE,NY/MARKUP/NORMAL/BTC_NEUTRAL,32,0,0,32,0.4375,-0.2079126392237078,-1.7432357628289297,-0.3247994944528839,NEGATIVE,1.0,2026-07-23T00:39:24.358676+00:00
SHADOW_FUNDING_FADE,OVERLAP/RANGE/NORMAL/BTC_NEUTRAL,50,0,0,50,0.32,-0.26577377538770547,-2.3872545828114884,-0.33903251140988344,NEGATIVE,0.9624460557961605,2026-07-23T23:09:08.887761+00:00
SHADOW_FUNDING_FADE,NY/VOLATILE_EXPANSION/NORMAL/BTC_NEUTRAL,17,0,0,17,0.47058823529411764,-0.2023698857797003,-1.1321808087554492,-0.3475758176267857,NEGATIVE,0.9848881900446853,2026-07-23T03:21:46.976712+00:00
SHADOW_FUNDING_FADE,ASIA/VOLATILE_EXPANSION/NORMAL/BTC_NEUTRAL,15,0,0,15,0.4666666666666667,-0.18529910003461403,-1.4183935142658215,-0.3483091970759532,NEGATIVE,0.9927103998235165,2026-07-23T14:35:51.056770+00:00
SHADOW_FUNDING_FADE,NY/RANGE/NORMAL/BTC_NEUTRAL,50,0,0,50,0.38,-0.340584937958752,-2.5117007412923265,-0.4298316099499621,NEGATIVE,0.9852463693990359,2026-07-23T02:50:44.807332+00:00
SHADOW_FUNDING_FADE,ASIA/MARKUP/NORMAL/BTC_NEUTRAL,18,0,0,18,0.3888888888888889,-0.32099773649973523,-2.441969753859929,-0.4592899047682374,NEGATIVE,0.993587706027301,2026-07-23T14:09:27.700098+00:00
SHADOW_FUNDING_FADE,NY/QUIET/COMPRESSED/BTC_NEUTRAL,50,0,0,50,0.36,-0.37670360844190953,-2.451124399372432,-0.4646478840549149,NEGATIVE,0.9865064404017709,2026-07-23T03:52:45.008360+00:00
SHADOW_FUNDING_FADE,ASIA/MARKDOWN/NORMAL/BTC_NEUTRAL,24,0,0,24,0.375,-0.3462216829704155,-3.3857085557498725,-0.46877818221817946,NEGATIVE,1.0,2026-07-23T14:41:05.892147+00:00
SHADOW_FUNDING_FADE,OVERLAP/VOLATILE_EXPANSION/NORMAL/BTC_NEUTRAL,16,0,0,16,0.375,-0.3571196628074574,-2.041139784757667,-0.4969400375574687,NEGATIVE,0.9879192403294716,2026-07-23T22:37:52.730738+00:00
SHADOW_FUNDING_FADE,OVERLAP/QUIET/COMPRESSED/BTC_FALLING,23,0,0,23,0.391304347826087,-0.43427996984166933,-1.2433575250642608,-0.5099338004091529,NEGATIVE,1.0,2026-07-17T22:02:35.199903+00:00
SHADOW_FUNDING_FADE,OFF_HOURS/QUIET/COMPRESSED/BTC_NEUTRAL,15,0,0,15,0.3333333333333333,-0.416666666666667,-2.256258189871651,-0.5528459114564827,NEGATIVE,1.0,2026-07-18T07:53:50.070465+00:00
SHADOW_FUNDING_FADE,LONDON/VOLATILE_EXPANSION/NORMAL/BTC_NEUTRAL,22,0,0,22,0.2727272727272727,-0.49830284924408785,-5.389231874104399,-0.602483885989891,NEGATIVE,0.981728865808681,2026-07-23T19:40:38.533460+00:00
SHADOW_FUNDING_FADE,LONDON/MARKUP/NORMAL/BTC_NEUTRAL,25,0,0,25,0.28,-0.5188484355375956,-5.140326179731756,-0.6209185497654924,NEGATIVE,0.993666246638108,2026-07-22T19:38:47.512341+00:00
SHADOW_FUNDING_FADE,OVERLAP/MARKDOWN/NORMAL/BTC_NEUTRAL,37,0,0,37,0.24324324324324326,-0.5780441813322799,-2.830616656531009,-0.6587712583268109,NEGATIVE,0.9875937083681434,2026-07-23T22:06:35.652843+00:00
SHADOW_FUNDING_FADE,ASIA/RANGE/NORMAL/BTC_NEUTRAL,38,0,0,38,0.23684210526315788,-0.5908003029111565,-3.267192188554907,-0.6685995827184518,NEGATIVE,0.9795916150366163,2026-07-23T14:41:05.892430+00:00
SHADOW_FUNDING_FADE,OVERLAP/MARKUP/NORMAL/BTC_NEUTRAL,19,0,0,19,0.21052631578947367,-0.6240967640336716,-2.819139982041076,-0.6987410597744299,NEGATIVE,0.9762114949553679,2026-07-23T22:06:35.650721+00:00
SHADOW_FUNDING_FADE,OVERLAP/RANGE/NORMAL/BTC_FALLING,15,0,0,15,0.2,-0.6500000000000002,-4.064792115243258,-0.747144345172922,NEGATIVE,1.0,2026-07-17T21:36:51.310487+00:00
SHADOW_FUNDING_FADE,OVERLAP/QUIET/COMPRESSED/BTC_NEUTRAL,27,0,0,27,0.18518518518518517,-0.7026548763380156,-4.8559858953346975,-0.7668364226843838,NEGATIVE,0.9600123051831446,2026-07-23T22:37:52.731810+00:00
SHADOW_FUNDING_FADE,NY/MARKDOWN/NORMAL/BTC_NEUTRAL,24,0,0,24,0.125,-0.7829560945825936,-3.4459540449904122,-0.8430110240041716,NEGATIVE,0.9834424703000518,2026-07-23T03:52:45.007296+00:00
SHADOW_FUNDING_FADE,LONDON/QUIET/COMPRESSED/BTC_FALLING,15,0,0,15,0.06666666666666667,-0.8301431127012528,-4.255123136626891,-0.8712431712466063,NEGATIVE,1.0,2026-07-17T19:53:49.171863+00:00
SHADOW_FUNDING_FADE,LONDON/MARKDOWN/NORMAL/BTC_NEUTRAL,24,0,0,24,0.08333333333333333,-0.8274683362369099,-5.169108967114217,-0.8721560027720209,NEGATIVE,0.9891065442106766,2026-07-23T16:37:22.144750+00:00
SHADOW_FUNDING_FADE,NY/QUIET/COMPRESSED/BTC_FALLING,25,0,0,25,0.08,-0.86,-4.01529540432411,-0.9033350497316811,NEGATIVE,1.0,2026-07-14T05:54:41.525155+00:00
SHADOW_FUNDING_FADE,NY/VOLATILE_EXPANSION/COMPRESSED/BTC_NEUTRAL,16,0,0,16,0.0625,-0.9016496040234221,-6.447213543839205,-0.9401853110421736,NEGATIVE,1.0,2026-07-23T03:52:45.008549+00:00
SHADOW_FUNDING_FADE,NY/MARKDOWN/COMPRESSED/BTC_NEUTRAL,19,0,0,19,0.0,-1.0,-5.036523697250572,-1.0,NEGATIVE,0.0,2026-07-22T02:39:53.225908+00:00
SHADOW_FUNDING_FADE,ASIA/MARKDOWN/NORMAL/BTC_FALLING,17,0,0,17,0.0,-1.0,-5.420820941612952,-1.0,NEGATIVE,0.0,2026-07-17T14:56:47.512067+00:00
SHADOW_FUNDING_FADE,NY/VOLATILE_EXPANSION/CASCADE/BTC_NEUTRAL,14,0,0,14,0.0,-1.0,-8.852331361605481,,INSUFFICIENT_DATA,0.0,2026-07-22T03:00:30.400973+00:00
SHADOW_FUNDING_FADE,NY/VOLATILE_EXPANSION/EXPANDED/BTC_NEUTRAL,8,0,0,8,0.125,-0.7638118390930072,-9.565032911685098,,INSUFFICIENT_DATA,0.9413976470588236,2026-07-23T00:39:24.359213+00:00
SHADOW_FUNDING_FADE,NY/MARKDOWN/EXPANDED/BTC_NEUTRAL,11,0,0,11,0.0,-1.0,-4.960378875526197,,INSUFFICIENT_DATA,0.0,2026-07-17T05:16:50.309405+00:00
SHADOW_FUNDING_FADE,NY/RANGE/EXPANDED/BTC_NEUTRAL,9,0,0,9,0.1111111111111111,-0.8174999545325375,-6.0113037877177256,,INSUFFICIENT_DATA,0.9413976470588236,2026-07-23T00:18:37.912962+00:00
SHADOW_FUNDING_FADE,NY/MARKUP/COMPRESSED/BTC_NEUTRAL,12,0,0,12,0.0,-1.0036858125649015,-6.796814734717455,,INSUFFICIENT_DATA,0.0,2026-07-23T01:52:08.560754+00:00
SHADOW_FUNDING_FADE,NY/MARKUP/CASCADE/BTC_NEUTRAL,12,0,0,12,0.4166666666666667,-0.2742455224985206,-0.5087761228470934,,INSUFFICIENT_DATA,0.9867955612489053,2026-07-23T00:39:24.358967+00:00
SHADOW_FUNDING_FADE,OFF_HOURS/VOLATILE_EXPANSION/COMPRESSED/BTC_NEUTRAL,3,0,0,3,0.0,-1.0,-5.3428547759046765,,INSUFFICIENT_DATA,0.0,2026-07-17T06:14:13.853981+00:00
SHADOW_FUNDING_FADE,OFF_HOURS/MARKDOWN/COMPRESSED/BTC_NEUTRAL,2,0,0,2,0.0,-1.0,-4.972997299729969,,INSUFFICIENT_DATA,0.0,2026-07-13T06:51:41.434309+00:00
SHADOW_FUNDING_FADE,OFF_HOURS/RANGE/NORMAL/BTC_NEUTRAL,7,0,0,7,0.0,-1.0,-5.2637747840153555,,INSUFFICIENT_DATA,0.0,2026-07-18T06:24:20.198161+00:00
SHADOW_FUNDING_FADE,LONDON/MARKDOWN/COMPRESSED/BTC_FALLING,5,0,0,5,0.2,-0.6499999999999998,-3.783971511543774,,INSUFFICIENT_DATA,1.0,2026-07-17T17:35:08.074994+00:00
SHADOW_FUNDING_FADE,LONDON/RANGE/NORMAL/BTC_FALLING,12,0,0,12,0.3333333333333333,-0.27295766249254766,-1.0245705183254266,,INSUFFICIENT_DATA,1.0,2026-07-17T18:52:30.685068+00:00
SHADOW_FUNDING_FADE,LONDON/MARKUP/CASCADE/BTC_FALLING,6,0,0,6,0.3333333333333333,-0.4166666666666674,-2.326588240564992,,INSUFFICIENT_DATA,1.0,2026-07-17T19:07:43.674488+00:00
SHADOW_FUNDING_FADE,LONDON/VOLATILE_EXPANSION/CASCADE/BTC_FALLING,5,0,0,5,0.0,-1.0,-3.1671937910761687,,INSUFFICIENT_DATA,0.0,2026-07-17T19:07:43.674304+00:00
SHADOW_FUNDING_FADE,LONDON/VOLATILE_EXPANSION/NORMAL/BTC_FALLING,3,0,0,3,0.3333333333333333,-0.4166666666666676,-0.9715803380196992,,INSUFFICIENT_DATA,1.0,2026-07-17T19:33:23.720165+00:00
SHADOW_FUNDING_FADE,LONDON/QUIET/NORMAL/BTC_FALLING,3,0,0,3,0.3333333333333333,-0.41666666666666946,-2.562691512816821,,INSUFFICIENT_DATA,1.0,2026-07-17T19:22:57.703174+00:00
SHADOW_FUNDING_FADE,LONDON/VOLATILE_EXPANSION/COMPRESSED/BTC_FALLING,2,0,0,2,1.0,0.7500000000000008,4.7385720372512,,INSUFFICIENT_DATA,1.0,2026-07-13T16:33:33.408317+00:00
SHADOW_FUNDING_FADE,LONDON/MARKUP/EXPANDED/BTC_FALLING,3,0,0,3,0.3333333333333333,-0.4166666666666674,-3.339343864498183,,INSUFFICIENT_DATA,1.0,2026-07-17T18:06:08.373505+00:00
SHADOW_FUNDING_FADE,LONDON/MARKDOWN/EXPANDED/BTC_NEUTRAL,11,0,0,11,0.2727272727272727,-0.4677873461526891,-2.4219530277902765,,INSUFFICIENT_DATA,1.0,2026-07-22T17:24:41.115110+00:00
SHADOW_FUNDING_FADE,LONDON/VOLATILE_EXPANSION/COMPRESSED/BTC_NEUTRAL,9,0,0,9,0.1111111111111111,-0.8202404348439927,-6.529870181843071,,INSUFFICIENT_DATA,1.0,2026-07-22T19:38:47.496353+00:00
SHADOW_FUNDING_FADE,LONDON/MARKDOWN/COMPRESSED/BTC_NEUTRAL,14,0,0,14,0.14285714285714285,-0.7562935196950449,-4.989567695568558,,INSUFFICIENT_DATA,1.0,2026-07-23T17:40:36.989799+00:00
SHADOW_FUNDING_FADE,LONDON/MARKUP/COMPRESSED/BTC_NEUTRAL,4,0,0,4,0.5,-0.26192196531791867,-3.9330624669768044,,INSUFFICIENT_DATA,1.0,2026-07-20T18:50:30.639035+00:00
SHADOW_FUNDING_FADE,OVERLAP/MARKUP/EXPANDED/BTC_FALLING,4,0,0,4,1.0,0.7499999999999979,3.901713419816985,,INSUFFICIENT_DATA,1.0,2026-07-13T23:57:10.175762+00:00
SHADOW_FUNDING_FADE,OVERLAP/VOLATILE_EXPANSION/EXPANDED/BTC_FALLING,1,0,0,1,1.0,0.7499999999999994,6.139124566139609,,INSUFFICIENT_DATA,1.0,2026-07-13T20:55:51.757116+00:00
SHADOW_FUNDING_FADE,OVERLAP/VOLATILE_EXPANSION/NORMAL/BTC_FALLING,8,0,0,8,0.5,-0.12500000000000028,0.266302780132766,,INSUFFICIENT_DATA,1.0,2026-07-17T21:05:57.434761+00:00
SHADOW_FUNDING_FADE,OVERLAP/RANGE/EXPANDED/BTC_FALLING,2,0,0,2,0.0,-1.0,-2.979979621745936,,INSUFFICIENT_DATA,0.0,2026-07-17T23:40:23.542959+00:00
SHADOW_FUNDING_FADE,NY/RANGE/NORMAL/BTC_FALLING,12,0,0,12,0.6666666666666666,0.1666666666666656,1.6254421359145692,,INSUFFICIENT_DATA,1.0,2026-07-14T05:04:23.681591+00:00
SHADOW_FUNDING_FADE,NY/VOLATILE_EXPANSION/NORMAL/BTC_FALLING,2,0,0,2,0.5,-0.12500000000000028,-0.7232212428776341,,INSUFFICIENT_DATA,1.0,2026-07-14T03:23:38.108388+00:00
SHADOW_FUNDING_FADE,NY/MARKUP/EXPANDED/BTC_FALLING,2,0,0,2,1.0,0.7499999999999984,4.64751713525786,,INSUFFICIENT_DATA,1.0,2026-07-14T03:53:53.442398+00:00
SHADOW_FUNDING_FADE,NY/MARKDOWN/NORMAL/BTC_FALLING,3,0,0,3,0.6666666666666666,0.1666666666666663,1.5642273601281136,,INSUFFICIENT_DATA,1.0,2026-07-14T05:54:41.525530+00:00
SHADOW_FUNDING_FADE,NY/MARKUP/NORMAL/BTC_FALLING,2,0,0,2,1.0,0.7499999999999984,4.64751713525786,,INSUFFICIENT_DATA,1.0,2026-07-14T05:29:30.788691+00:00
SHADOW_FUNDING_FADE,NY/MARKDOWN/EXPANDED/BTC_FALLING,1,0,0,1,1.0,0.7499999999999994,6.139124566139609,,INSUFFICIENT_DATA,1.0,2026-07-14T04:54:19.882782+00:00
SHADOW_FUNDING_FADE,NY/MARKUP/COMPRESSED/BTC_FALLING,1,0,0,1,1.0,0.7499999999999973,3.15590970437611,,INSUFFICIENT_DATA,1.0,2026-07-14T05:59:43.230930+00:00
SHADOW_FUNDING_FADE,OFF_HOURS/MARKUP/COMPRESSED/BTC_FALLING,2,0,0,2,0.5,-0.12500000000000133,-2.214828673759383,,INSUFFICIENT_DATA,1.0,2026-07-14T07:00:34.129148+00:00
SHADOW_FUNDING_FADE,OFF_HOURS/MARKDOWN/NORMAL/BTC_NEUTRAL,4,0,0,4,0.75,0.3125000000000008,1.0471539970222032,,INSUFFICIENT_DATA,1.0,2026-07-15T06:44:30.249755+00:00
SHADOW_FUNDING_FADE,OFF_HOURS/MARKUP/COMPRESSED/BTC_NEUTRAL,1,0,0,1,1.0,0.7499999999999973,3.15590970437611,,INSUFFICIENT_DATA,1.0,2026-07-14T06:29:56.746128+00:00
SHADOW_FUNDING_FADE,OFF_HOURS/MARKUP/NORMAL/BTC_FALLING,5,0,0,5,0.4,-0.30000000000000104,-3.288976349386482,,INSUFFICIENT_DATA,1.0,2026-07-14T07:59:30.590120+00:00
SHADOW_FUNDING_FADE,OFF_HOURS/RANGE/NORMAL/BTC_FALLING,7,0,0,7,0.14285714285714285,-0.7500000000000002,-2.830377939291633,,INSUFFICIENT_DATA,1.0,2026-07-17T07:55:39.524562+00:00
SHADOW_FUNDING_FADE,OFF_HOURS/MARKDOWN/COMPRESSED/BTC_FALLING,3,0,0,3,0.6666666666666666,0.16666666666666577,1.9979321544763924,,INSUFFICIENT_DATA,1.0,2026-07-17T07:50:23.295991+00:00
SHADOW_FUNDING_FADE,ASIA/VOLATILE_EXPANSION/EXPANDED/BTC_NEUTRAL,7,0,0,7,0.42857142857142855,-0.25000000000000006,-2.771144853443158,,INSUFFICIENT_DATA,1.0,2026-07-19T12:43:25.876596+00:00
SHADOW_FUNDING_FADE,ASIA/MARKUP/CASCADE/BTC_NEUTRAL,10,0,0,10,1.0,0.7499999999999986,3.4685299089270423,,INSUFFICIENT_DATA,1.0,2026-07-21T13:03:48.119244+00:00
SHADOW_FUNDING_FADE,ASIA/VOLATILE_EXPANSION/CASCADE/BTC_NEUTRAL,10,0,0,10,0.5,-0.1262576426566884,-1.5285428704290376,,INSUFFICIENT_DATA,1.0,2026-07-23T14:41:05.891889+00:00
SHADOW_FUNDING_FADE,ASIA/RANGE/EXPANDED/BTC_NEUTRAL,11,0,0,11,0.7272727272727273,0.26117989574152295,2.046038201985672,,INSUFFICIENT_DATA,0.9794792169951537,2026-07-23T14:41:05.891411+00:00
SHADOW_FUNDING_FADE,ASIA/MARKDOWN/CASCADE/BTC_NEUTRAL,5,0,0,5,0.6,0.05,0.4566648477021382,,INSUFFICIENT_DATA,1.0,2026-07-21T13:29:53.500076+00:00
SHADOW_FUNDING_FADE,ASIA/MARKDOWN/EXPANDED/BTC_NEUTRAL,3,0,0,3,0.6666666666666666,0.1666666666666665,2.2775175696773715,,INSUFFICIENT_DATA,1.0,2026-07-19T12:12:47.613845+00:00
SHADOW_FUNDING_FADE,ASIA/QUIET/COMPRESSED/BTC_NEUTRAL,10,0,0,10,0.1,-0.825,-3.9739043186981817,,INSUFFICIENT_DATA,1.0,2026-07-20T14:54:08.930411+00:00
SHADOW_FUNDING_FADE,LONDON/MARKUP/CASCADE/BTC_NEUTRAL,12,0,0,12,0.8333333333333334,0.4546706862745091,2.9379784415609094,,INSUFFICIENT_DATA,0.9968243857431676,2026-07-23T16:37:22.145313+00:00
SHADOW_FUNDING_FADE,LONDON/MARKDOWN/CASCADE/BTC_NEUTRAL,2,0,0,2,0.5,-0.12500000000000133,-1.3793488471832036,,INSUFFICIENT_DATA,1.0,2026-07-16T18:24:22.878255+00:00
SHADOW_FUNDING_FADE,OVERLAP/VOLATILE_EXPANSION/CASCADE/BTC_NEUTRAL,13,0,0,13,0.46153846153846156,-0.20583131221719425,-4.322755433012129,,INSUFFICIENT_DATA,0.9721137294697438,2026-07-22T22:40:09.213009+00:00
SHADOW_FUNDING_FADE,OVERLAP/RANGE/EXPANDED/BTC_NEUTRAL,13,0,0,13,0.6153846153846154,0.18253153417866322,-0.25301996794523274,,INSUFFICIENT_DATA,0.9784458914598847,2026-07-22T23:42:27.544482+00:00
SHADOW_FUNDING_FADE,OVERLAP/VOLATILE_EXPANSION/EXPANDED/BTC_NEUTRAL,11,0,0,11,0.45454545454545453,-0.2229294506959177,-5.7775675505851725,,INSUFFICIENT_DATA,0.9783017459918892,2026-07-22T22:08:58.024966+00:00
SHADOW_FUNDING_FADE,OVERLAP/MARKUP/EXPANDED/BTC_NEUTRAL,9,0,0,9,0.6666666666666666,0.2692513899203448,1.580651535558969,,INSUFFICIENT_DATA,0.995735170912302,2026-07-23T22:37:52.731294+00:00
SHADOW_FUNDING_FADE,OVERLAP/MARKUP/CASCADE/BTC_NEUTRAL,12,0,0,12,0.6666666666666666,0.1560753623188408,1.9872657570724683,,INSUFFICIENT_DATA,1.0,2026-07-22T23:16:39.555607+00:00
SHADOW_FUNDING_FADE,OFF_HOURS/MARKUP/CASCADE/BTC_NEUTRAL,2,0,0,2,1.0,0.7499999999999994,6.139124566139609,,INSUFFICIENT_DATA,1.0,2026-07-15T06:34:15.896557+00:00
SHADOW_FUNDING_FADE,ASIA/MARKUP/COMPRESSED/BTC_NEUTRAL,5,0,0,5,0.0,-1.0030531506849314,-3.8014472022305297,,INSUFFICIENT_DATA,0.0,2026-07-23T14:09:27.700816+00:00
SHADOW_FUNDING_FADE,ASIA/MARKDOWN/COMPRESSED/BTC_NEUTRAL,4,0,0,4,0.0,-1.0,-2.3954462803383603,,INSUFFICIENT_DATA,0.0,2026-07-15T12:45:44.122663+00:00
SHADOW_FUNDING_FADE,ASIA/MARKDOWN/EXPANDED/BTC_RISING,8,0,0,8,0.5,-0.061688311688311515,-0.48336097069269107,,INSUFFICIENT_DATA,1.0,2026-07-21T12:27:28.508745+00:00
SHADOW_FUNDING_FADE,ASIA/MARKUP/EXPANDED/BTC_RISING,7,0,0,7,0.5714285714285714,0.011131725417439469,1.7516796746299323,,INSUFFICIENT_DATA,1.0,2026-07-19T09:42:12.401139+00:00
SHADOW_FUNDING_FADE,ASIA/MARKUP/CASCADE/BTC_RISING,9,0,0,9,0.6666666666666666,0.16666666666666646,2.080852627499951,,INSUFFICIENT_DATA,1.0,2026-07-21T14:22:41.931410+00:00
SHADOW_FUNDING_FADE,LONDON/VOLATILE_EXPANSION/EXPANDED/BTC_NEUTRAL,9,0,0,9,0.6666666666666666,0.15692376364125102,1.348520604442631,,INSUFFICIENT_DATA,0.9860388800986661,2026-07-23T19:35:24.262066+00:00
SHADOW_FUNDING_FADE,OVERLAP/RANGE/NORMAL/BTC_RISING,11,0,0,11,0.5454545454545454,0.08809201050580294,-2.274313582766823,,INSUFFICIENT_DATA,1.0,2026-07-21T23:41:00.082334+00:00
SHADOW_FUNDING_FADE,OVERLAP/MARKUP/NORMAL/BTC_RISING,6,0,0,6,0.3333333333333333,-0.31329605467536487,-2.784254724759666,,INSUFFICIENT_DATA,1.0,2026-07-21T23:41:00.082560+00:00
SHADOW_FUNDING_FADE,OVERLAP/MARKDOWN/COMPRESSED/BTC_RISING,6,0,0,6,0.0,-1.0,-2.6408545051269714,,INSUFFICIENT_DATA,0.0,2026-07-21T22:39:23.753144+00:00
SHADOW_FUNDING_FADE,OVERLAP/QUIET/COMPRESSED/BTC_RISING,5,0,0,5,0.4,-0.3,1.3016732684014367,,INSUFFICIENT_DATA,1.0,2026-07-21T23:41:00.081929+00:00
SHADOW_FUNDING_FADE,OVERLAP/MARKDOWN/CASCADE/BTC_RISING,1,0,0,1,0.0,-1.0,-5.140318713862641,,INSUFFICIENT_DATA,0.0,2026-07-15T23:54:04.808032+00:00
SHADOW_FUNDING_FADE,LONDON/MARKDOWN/CASCADE/BTC_FALLING,4,0,0,4,0.25,-0.5625000000000004,-2.4249118653419433,,INSUFFICIENT_DATA,1.0,2026-07-17T17:35:08.054368+00:00
SHADOW_FUNDING_FADE,LONDON/QUIET/NORMAL/BTC_NEUTRAL,3,0,0,3,0.0,-1.0,-1.5770205575894132,,INSUFFICIENT_DATA,0.0,2026-07-16T19:55:57.246356+00:00
SHADOW_FUNDING_FADE,OVERLAP/MARKDOWN/COMPRESSED/BTC_NEUTRAL,1,0,0,1,0.0,-1.0,-3.6274709598532766,,INSUFFICIENT_DATA,0.0,2026-07-16T20:52:27.370966+00:00
SHADOW_FUNDING_FADE,OVERLAP/MARKUP/COMPRESSED/BTC_NEUTRAL,10,0,0,10,0.6,0.028470110061918196,0.9322858784435706,,INSUFFICIENT_DATA,0.9657158960950948,2026-07-23T21:09:12.090851+00:00
SHADOW_FUNDING_FADE,NY/MARKDOWN/CASCADE/BTC_NEUTRAL,6,0,0,6,0.0,-1.0,-1.5770205575894136,,INSUFFICIENT_DATA,0.0,2026-07-17T03:45:09.614600+00:00
SHADOW_FUNDING_FADE,OFF_HOURS/MARKUP/NORMAL/BTC_NEUTRAL,1,0,0,1,0.0,-1.0,-1.5770205575894134,,INSUFFICIENT_DATA,0.0,2026-07-17T06:14:13.854685+00:00
SHADOW_FUNDING_FADE,OFF_HOURS/MARKDOWN/NORMAL/BTC_FALLING,1,0,0,1,0.0,-1.0,-6.5565924862407226,,INSUFFICIENT_DATA,0.0,2026-07-17T07:50:23.296468+00:00
SHADOW_FUNDING_FADE,ASIA/RANGE/NORMAL/BTC_FALLING,3,0,0,3,0.3333333333333333,-0.4166666666666674,-1.0171377224912035,,INSUFFICIENT_DATA,1.0,2026-07-17T10:44:44.874838+00:00
SHADOW_FUNDING_FADE,ASIA/MARKDOWN/COMPRESSED/BTC_FALLING,2,0,0,2,0.5,-0.1250000000000011,-0.5803571428571479,,INSUFFICIENT_DATA,1.0,2026-07-17T08:57:20.259718+00:00
SHADOW_FUNDING_FADE,ASIA/VOLATILE_EXPANSION/NORMAL/BTC_FALLING,7,0,0,7,0.0,-1.0,-4.280938513821631,,INSUFFICIENT_DATA,0.0,2026-07-17T14:41:34.175468+00:00
SHADOW_FUNDING_FADE,ASIA/RANGE/EXPANDED/BTC_FALLING,3,0,0,3,0.3333333333333333,-0.4166666666666674,-1.700621189912491,,INSUFFICIENT_DATA,1.0,2026-07-17T12:13:11.714664+00:00
SHADOW_FUNDING_FADE,ASIA/MARKDOWN/EXPANDED/BTC_FALLING,3,0,0,3,0.0,-1.0,-5.152228585779437,,INSUFFICIENT_DATA,0.0,2026-07-17T10:29:18.508557+00:00
SHADOW_FUNDING_FADE,ASIA/MARKUP/CASCADE/BTC_FALLING,6,0,0,6,0.5,-0.12499999999999896,-0.17427344051589447,,INSUFFICIENT_DATA,1.0,2026-07-17T14:56:47.512386+00:00
SHADOW_FUNDING_FADE,ASIA/MARKDOWN/CASCADE/BTC_FALLING,1,0,0,1,0.0,-1.0,-3.6274709598532766,,INSUFFICIENT_DATA,0.0,2026-07-17T09:12:41.228263+00:00
SHADOW_FUNDING_FADE,ASIA/MARKUP/NORMAL/BTC_FALLING,1,0,0,1,0.0,-1.0,-4.642857142857141,,INSUFFICIENT_DATA,0.0,2026-07-17T09:27:51.510489+00:00
SHADOW_FUNDING_FADE,ASIA/VOLATILE_EXPANSION/EXPANDED/BTC_FALLING,2,0,0,2,0.0,-1.0,-4.7710391792978974,,INSUFFICIENT_DATA,0.0,2026-07-17T12:44:11.447392+00:00
SHADOW_FUNDING_FADE,ASIA/VOLATILE_EXPANSION/CASCADE/BTC_FALLING,1,0,0,1,0.0,-1.0,-3.6274709598532766,,INSUFFICIENT_DATA,0.0,2026-07-17T09:43:14.611521+00:00
SHADOW_FUNDING_FADE,ASIA/QUIET/NORMAL/BTC_FALLING,2,0,0,2,0.0,-1.0,-6.5565924862407226,,INSUFFICIENT_DATA,0.0,2026-07-17T10:44:44.875221+00:00
SHADOW_FUNDING_FADE,ASIA/MARKUP/EXPANDED/BTC_FALLING,1,0,0,1,1.0,0.750000000000002,2.527793645911153,,INSUFFICIENT_DATA,1.0,2026-07-17T10:24:04.072166+00:00
SHADOW_FUNDING_FADE,ASIA/QUIET/COMPRESSED/BTC_FALLING,3,0,0,3,0.0,-1.0,-5.580218644111574,,INSUFFICIENT_DATA,0.0,2026-07-17T14:56:47.504898+00:00
SHADOW_FUNDING_FADE,ASIA/VOLATILE_EXPANSION/COMPRESSED/BTC_FALLING,1,0,0,1,0.0,-1.0,-3.6274709598532766,,INSUFFICIENT_DATA,0.0,2026-07-17T11:47:23.491561+00:00
SHADOW_FUNDING_FADE,LONDON/MARKUP/NORMAL/BTC_FALLING,3,0,0,3,0.3333333333333333,-0.4166666666666674,-3.2103473717795334,,INSUFFICIENT_DATA,1.0,2026-07-17T17:35:08.058857+00:00
SHADOW_FUNDING_FADE,LONDON/MARKDOWN/EXPANDED/BTC_FALLING,1,0,0,1,0.0,-1.0,-3.6274709598532766,,INSUFFICIENT_DATA,0.0,2026-07-17T18:06:08.373045+00:00
SHADOW_FUNDING_FADE,OVERLAP/QUIET/NORMAL/BTC_NEUTRAL,1,0,0,1,1.0,0.7499999999999917,0.6697126188739857,,INSUFFICIENT_DATA,1.0,2026-07-17T20:24:35.028518+00:00
SHADOW_FUNDING_FADE,OVERLAP/MARKDOWN/NORMAL/BTC_FALLING,4,0,0,4,0.75,0.3125000000000002,8.793140636033447,,INSUFFICIENT_DATA,1.0,2026-07-17T22:02:35.199263+00:00
SHADOW_FUNDING_FADE,OVERLAP/MARKDOWN/EXPANDED/BTC_FALLING,3,0,0,3,0.3333333333333333,-0.4166666666666665,3.0319399729096355,,INSUFFICIENT_DATA,1.0,2026-07-17T22:02:35.200251+00:00
SHADOW_FUNDING_FADE,OVERLAP/VOLATILE_EXPANSION/COMPRESSED/BTC_NEUTRAL,10,0,0,10,0.0,-1.0132163913595935,-7.8009399348521,,INSUFFICIENT_DATA,0.0,2026-07-22T23:11:30.328586+00:00
SHADOW_FUNDING_FADE,OVERLAP/MARKUP/NORMAL/BTC_FALLING,2,0,0,2,0.0,-1.0,-3.251905743398109,,INSUFFICIENT_DATA,0.0,2026-07-17T23:35:14.512507+00:00
SHADOW_FUNDING_FADE,OVERLAP/VOLATILE_EXPANSION/CASCADE/BTC_FALLING,1,0,0,1,0.0,-1.0,-3.711526533056702,,INSUFFICIENT_DATA,0.0,2026-07-17T23:40:23.543396+00:00
SHADOW_FUNDING_FADE,OFF_HOURS/MARKDOWN/CASCADE/BTC_NEUTRAL,1,0,0,1,0.0,-1.0,-1.5770205575894134,,INSUFFICIENT_DATA,0.0,2026-07-18T06:24:20.198736+00:00
SHADOW_FUNDING_FADE,OFF_HOURS/MARKUP/CASCADE/BTC_RISING,2,0,0,2,0.5,-0.1249999999999995,0.4546193358204884,,INSUFFICIENT_DATA,1.0,2026-07-19T08:10:37.444585+00:00
SHADOW_FUNDING_FADE,OFF_HOURS/VOLATILE_EXPANSION/NORMAL/BTC_RISING,1,0,0,1,1.0,0.7499999999999994,8.849962862094571,,INSUFFICIENT_DATA,1.0,2026-07-19T08:10:37.438842+00:00
SHADOW_FUNDING_FADE,OFF_HOURS/MARKUP/COMPRESSED/BTC_RISING,1,0,0,1,1.0,0.7499999999999994,4.035250463821887,,INSUFFICIENT_DATA,1.0,2026-07-19T08:10:37.439420+00:00
SHADOW_FUNDING_FADE,OFF_HOURS/QUIET/COMPRESSED/BTC_RISING,1,0,0,1,0.0,-1.0,-2.58954501452081,,INSUFFICIENT_DATA,0.0,2026-07-19T08:10:37.443454+00:00
SHADOW_FUNDING_FADE,OFF_HOURS/MARKDOWN/COMPRESSED/BTC_RISING,1,0,0,1,0.0,-0.8051948051948057,-5.192629815745395,,INSUFFICIENT_DATA,0.0,2026-07-19T08:10:37.444011+00:00
SHADOW_FUNDING_FADE,ASIA/VOLATILE_EXPANSION/EXPANDED/BTC_RISING,3,0,0,3,1.0,0.7499999999999991,7.247282196423211,,INSUFFICIENT_DATA,1.0,2026-07-21T14:22:41.931121+00:00
SHADOW_FUNDING_FADE,ASIA/VOLATILE_EXPANSION/NORMAL/BTC_RISING,3,0,0,3,1.0,0.7499999999999999,5.853906634283767,,INSUFFICIENT_DATA,1.0,2026-07-19T10:43:40.227342+00:00
SHADOW_FUNDING_FADE,ASIA/MARKDOWN/COMPRESSED/BTC_RISING,2,0,0,2,0.0,-1.0,-2.58954501452081,,INSUFFICIENT_DATA,0.0,2026-07-19T08:46:19.396395+00:00
SHADOW_FUNDING_FADE,ASIA/MARKDOWN/NORMAL/BTC_RISING,3,0,0,3,0.0,-0.8051948051948057,-5.192629815745395,,INSUFFICIENT_DATA,0.0,2026-07-19T10:43:40.228190+00:00
SHADOW_FUNDING_FADE,ASIA/RANGE/NORMAL/BTC_RISING,6,0,0,6,0.3333333333333333,-0.4166666666666668,-4.293351223175784,,INSUFFICIENT_DATA,1.0,2026-07-19T10:58:52.345096+00:00
SHADOW_FUNDING_FADE,ASIA/QUIET/COMPRESSED/BTC_RISING,5,0,0,5,0.6,0.04999999999999964,0.5579385169686513,,INSUFFICIENT_DATA,1.0,2026-07-21T14:01:31.232196+00:00
SHADOW_FUNDING_FADE,ASIA/MARKDOWN/CASCADE/BTC_RISING,3,0,0,3,0.0,-1.0,-2.997376032823682,,INSUFFICIENT_DATA,0.0,2026-07-21T14:22:41.931278+00:00
SHADOW_FUNDING_FADE,ASIA/MARKUP/NORMAL/BTC_RISING,1,0,0,1,1.0,0.7500000000000008,4.676506576934844,,INSUFFICIENT_DATA,1.0,2026-07-19T10:13:08.669913+00:00
SHADOW_FUNDING_FADE,OVERLAP/MARKDOWN/CASCADE/BTC_NEUTRAL,5,0,0,5,0.0,-1.0127095652173912,-9.464491400916078,,INSUFFICIENT_DATA,0.0,2026-07-22T23:47:36.992471+00:00
SHADOW_FUNDING_FADE,OVERLAP/MARKDOWN/EXPANDED/BTC_NEUTRAL,7,0,0,7,0.2857142857142857,-0.4684980715027437,-3.7514757772600484,,INSUFFICIENT_DATA,1.0,2026-07-22T20:41:13.710130+00:00
SHADOW_FUNDING_FADE,NY/VOLATILE_EXPANSION/NORMAL/BTC_RISING,3,0,0,3,0.6666666666666666,0.16666666666666644,2.842904822149412,,INSUFFICIENT_DATA,1.0,2026-07-22T00:06:34.778710+00:00
SHADOW_FUNDING_FADE,NY/QUIET/COMPRESSED/BTC_RISING,3,0,0,3,0.3333333333333333,-0.4166666666666668,-3.0311118386513054,,INSUFFICIENT_DATA,1.0,2026-07-21T02:13:19.956773+00:00
SHADOW_FUNDING_FADE,NY/RANGE/NORMAL/BTC_RISING,2,0,0,2,0.0,-1.0,-8.539915966386566,,INSUFFICIENT_DATA,0.0,2026-07-21T02:13:19.957037+00:00
SHADOW_FUNDING_FADE,NY/MARKUP/NORMAL/BTC_RISING,4,0,0,4,0.0,-1.0,-3.6936652801824317,,INSUFFICIENT_DATA,0.0,2026-07-21T02:43:49.918123+00:00
SHADOW_FUNDING_FADE,NY/MARKDOWN/COMPRESSED/BTC_RISING,3,0,0,3,0.0,-1.0,-4.35427089123588,,INSUFFICIENT_DATA,0.0,2026-07-21T02:18:24.437785+00:00
SHADOW_FUNDING_FADE,ASIA/VOLATILE_EXPANSION/COMPRESSED/BTC_RISING,2,0,0,2,0.0,-1.0,-7.1958447267541485,,INSUFFICIENT_DATA,0.0,2026-07-21T14:22:41.930897+00:00
SHADOW_FUNDING_FADE,ASIA/VOLATILE_EXPANSION/COMPRESSED/BTC_NEUTRAL,2,0,0,2,0.0,-1.0,-7.1958447267541485,,INSUFFICIENT_DATA,0.0,2026-07-21T13:34:59.537550+00:00
SHADOW_FUNDING_FADE,ASIA/MARKUP/COMPRESSED/BTC_RISING,2,0,0,2,0.0,-1.0,-2.1202140798682563,,INSUFFICIENT_DATA,0.0,2026-07-21T14:22:41.931564+00:00
SHADOW_FUNDING_FADE,LONDON/VOLATILE_EXPANSION/NORMAL/BTC_RISING,7,0,0,7,0.8571428571428571,0.5403408334442817,6.2270288345519935,,INSUFFICIENT_DATA,1.0,2026-07-21T19:39:07.232053+00:00
SHADOW_FUNDING_FADE,LONDON/MARKUP/CASCADE/BTC_RISING,4,0,0,4,0.0,-1.0,-6.809725707363509,,INSUFFICIENT_DATA,0.0,2026-07-21T16:37:58.754939+00:00
SHADOW_FUNDING_FADE,LONDON/MARKDOWN/EXPANDED/BTC_RISING,5,0,0,5,0.0,-0.9187325256290773,-6.427268185830698,,INSUFFICIENT_DATA,0.0,2026-07-21T19:33:56.648942+00:00
SHADOW_FUNDING_FADE,LONDON/MARKDOWN/COMPRESSED/BTC_RISING,3,0,0,3,0.0,-1.0,-2.3604269293924554,,INSUFFICIENT_DATA,0.0,2026-07-21T19:39:07.232272+00:00
SHADOW_FUNDING_FADE,LONDON/MARKDOWN/NORMAL/BTC_RISING,10,0,0,10,0.2,-0.5210624417520968,-1.99670884087298,,INSUFFICIENT_DATA,1.0,2026-07-21T18:06:20.533435+00:00
SHADOW_FUNDING_FADE,LONDON/MARKDOWN/CASCADE/BTC_RISING,2,0,0,2,0.0,-1.0,-8.473834886939503,,INSUFFICIENT_DATA,0.0,2026-07-21T18:06:20.532997+00:00
SHADOW_FUNDING_FADE,LONDON/VOLATILE_EXPANSION/EXPANDED/BTC_RISING,1,0,0,1,1.0,0.75,8.477389019499373,,INSUFFICIENT_DATA,1.0,2026-07-21T16:37:58.752020+00:00
SHADOW_FUNDING_FADE,LONDON/VOLATILE_EXPANSION/CASCADE/BTC_RISING,2,0,0,2,0.0,-1.0,-6.809725707363509,,INSUFFICIENT_DATA,0.0,2026-07-21T17:40:11.533795+00:00
SHADOW_FUNDING_FADE,LONDON/RANGE/NORMAL/BTC_RISING,1,0,0,1,0.0,-0.7339235787511643,-7.440476190476186,,INSUFFICIENT_DATA,0.0,2026-07-21T18:37:23.283395+00:00
SHADOW_FUNDING_FADE,LONDON/MARKUP/NORMAL/BTC_RISING,4,0,0,4,0.25,-0.5004659832246037,-0.966454834160007,,INSUFFICIENT_DATA,1.0,2026-07-21T19:39:07.231353+00:00
SHADOW_FUNDING_FADE,OVERLAP/MARKDOWN/EXPANDED/BTC_RISING,1,0,0,1,0.0,-1.0,-6.809725707363509,,INSUFFICIENT_DATA,0.0,2026-07-21T20:04:44.460715+00:00
SHADOW_FUNDING_FADE,OVERLAP/MARKUP/EXPANDED/BTC_RISING,2,0,0,2,0.5,-0.125,3.058481045053459,,INSUFFICIENT_DATA,1.0,2026-07-21T23:10:15.356817+00:00
SHADOW_FUNDING_FADE,OVERLAP/MARKDOWN/NORMAL/BTC_RISING,7,0,0,7,0.0,-1.0,-6.80972570736351,,INSUFFICIENT_DATA,0.0,2026-07-21T23:35:52.144979+00:00
SHADOW_FUNDING_FADE,OVERLAP/VOLATILE_EXPANSION/NORMAL/BTC_RISING,6,0,0,6,0.8333333333333334,0.489631873252563,5.692136352228314,,INSUFFICIENT_DATA,1.0,2026-07-21T22:39:23.753009+00:00
SHADOW_MEAN_REVERT,ASIA/MARKDOWN/COMPRESSED/BTC_NEUTRAL,21,0,0,21,0.9047619047619048,1.0712289659150989,3.0462678931101492,0.8212328129466872,STRONG,0.9854138125285323,2026-07-24T03:09:09.548353+00:00
SHADOW_MEAN_REVERT,OVERLAP/MARKDOWN/NORMAL/BTC_NEUTRAL,23,0,0,23,0.7391304347826086,1.039075252668414,4.148415836031659,0.6782773584132676,STRONG,0.9946377506164323,2026-07-23T18:06:47.041178+00:00
SHADOW_MEAN_REVERT,NY/MARKDOWN/COMPRESSED/BTC_NEUTRAL,20,0,0,20,0.6,0.9549496144643548,5.417325610508434,0.4683937300957641,STRONG,0.9977347511397455,2026-07-24T00:37:48.008231+00:00
SHADOW_MEAN_REVERT,LONDON/MARKUP/NORMAL/BTC_NEUTRAL,23,0,0,23,0.6521739130434783,0.6116979819812223,0.47986454351009955,0.3169308427246708,STRONG,0.978604814379038,2026-07-23T11:04:49.905436+00:00
SHADOW_MEAN_REVERT,OVERLAP/MARKUP/NORMAL/BTC_NEUTRAL,20,0,0,20,0.65,0.5036524865946455,1.055469166961209,0.21352254832200734,POSITIVE,1.0,2026-07-23T15:28:22.749452+00:00
SHADOW_MEAN_REVERT,LONDON/VOLATILE_EXPANSION/CASCADE/BTC_NEUTRAL,40,0,0,40,0.525,0.44545224995076715,0.7337594406218173,0.20051199411464754,POSITIVE,0.9893742592499961,2026-07-23T13:37:54.415092+00:00
SHADOW_MEAN_REVERT,NY/MARKUP/NORMAL/BTC_NEUTRAL,30,0,0,30,0.6,0.432984594242008,1.5971109259748453,0.18615158628367678,POSITIVE,0.9856217068387334,2026-07-23T23:40:32.445334+00:00
SHADOW_MEAN_REVERT,ASIA/VOLATILE_EXPANSION/CASCADE/BTC_FALLING,17,0,0,17,0.5882352941176471,0.406328730588107,0.9682068867827702,0.10298430240810663,POSITIVE,1.0,2026-07-17T09:53:37.236294+00:00
SHADOW_MEAN_REVERT,NY/MARKDOWN/EXPANDED/BTC_NEUTRAL,32,0,0,32,0.5625,0.3296024177822091,0.5372179044017521,0.09629058214512709,POSITIVE,0.9575290044886606,2026-07-23T23:09:08.906386+00:00
SHADOW_MEAN_REVERT,ASIA/MARKUP/NORMAL/BTC_NEUTRAL,41,0,0,41,0.4634146341463415,0.25606480620957567,0.27652959487327533,0.015211066678897267,FLAT,0.9922863573908123,2026-07-24T03:29:49.936861+00:00
SHADOW_MEAN_REVERT,LONDON/QUIET/COMPRESSED/BTC_NEUTRAL,50,0,0,50,0.5,0.1982238423015359,0.7108497653599906,0.004174880595495312,FLAT,0.9853854241968891,2026-07-23T14:35:51.080004+00:00
SHADOW_MEAN_REVERT,NY/MARKUP/CASCADE/BTC_NEUTRAL,25,0,0,25,0.52,0.27102312606800905,1.0158693872893056,-0.0020858316114739095,FLAT,0.9943585369965365,2026-07-23T20:48:25.635687+00:00
SHADOW_MEAN_REVERT,NY/VOLATILE_EXPANSION/CASCADE/BTC_NEUTRAL,47,0,0,47,0.5106382978723404,0.17921251846641742,0.43553019690722894,-0.0036465337895736916,FLAT,0.9863731733884689,2026-07-23T22:11:46.243431+00:00
SHADOW_MEAN_REVERT,ASIA/MARKDOWN/NORMAL/BTC_NEUTRAL,49,0,0,49,0.42857142857142855,0.18520674106899226,0.5596989892712669,-0.038247073530291886,FLAT,0.993848046552153,2026-07-24T03:09:09.547421+00:00
SHADOW_MEAN_REVERT,OVERLAP/MARKUP/EXPANDED/BTC_NEUTRAL,30,0,0,30,0.4666666666666667,0.21961421090024982,0.6694282004937516,-0.05668165919107693,NEGATIVE,0.9871220713889687,2026-07-23T18:12:01.450634+00:00
SHADOW_MEAN_REVERT,LONDON/MARKDOWN/EXPANDED/BTC_NEUTRAL,27,0,0,27,0.4444444444444444,0.10277732554040352,1.0697786183060007,-0.09265326890182024,NEGATIVE,0.9851730972311289,2026-07-23T13:58:52.220667+00:00
SHADOW_MEAN_REVERT,OVERLAP/MARKDOWN/CASCADE/BTC_NEUTRAL,33,0,0,33,0.42424242424242425,0.1852260181063986,0.7407202698486762,-0.09526056997208354,NEGATIVE,0.9872233276852928,2026-07-23T18:12:01.450805+00:00
SHADOW_MEAN_REVERT,ASIA/MARKUP/CASCADE/BTC_NEUTRAL,40,0,0,40,0.45,0.11684800622359046,-0.21512560497113503,-0.09563792051063708,NEGATIVE,0.993107766932029,2026-07-24T03:29:49.920065+00:00
SHADOW_MEAN_REVERT,NY/MARKDOWN/NORMAL/BTC_NEUTRAL,50,0,0,50,0.46,0.054531472858302836,-0.16580300004304044,-0.11583588864141808,NEGATIVE,0.9624252172714254,2026-07-24T00:58:43.153754+00:00
SHADOW_MEAN_REVERT,OVERLAP/MARKUP/CASCADE/BTC_RISING,16,0,0,16,0.4375,0.10869792579537244,0.5116679091231326,-0.18163726483216164,NEGATIVE,1.0,2026-07-21T18:52:49.096904+00:00
SHADOW_MEAN_REVERT,ASIA/MARKUP/EXPANDED/BTC_NEUTRAL,27,0,0,27,0.4074074074074074,0.06886196883332316,0.5185147035346103,-0.19458223743481645,NEGATIVE,0.9964461983676508,2026-07-23T04:23:57.122286+00:00
SHADOW_MEAN_REVERT,NY/RANGE/NORMAL/BTC_NEUTRAL,50,0,0,50,0.42,-0.06142625561623671,-0.23694097802583294,-0.23422617172750848,NEGATIVE,0.9424501933007772,2026-07-24T00:27:25.708124+00:00
SHADOW_MEAN_REVERT,OFF_HOURS/MARKDOWN/COMPRESSED/BTC_NEUTRAL,21,0,0,21,0.38095238095238093,0.06002806790240645,-0.8439515801010978,-0.24914989424728873,NEGATIVE,0.9825342851761721,2026-07-24T02:11:50.135603+00:00
SHADOW_MEAN_REVERT,LONDON/RANGE/EXPANDED/BTC_NEUTRAL,22,0,0,22,0.4090909090909091,0.020477704547521403,0.06598385024248622,-0.2504239519720896,NEGATIVE,0.9651445369799755,2026-07-23T14:04:06.409804+00:00
SHADOW_MEAN_REVERT,ASIA/VOLATILE_EXPANSION/CASCADE/BTC_NEUTRAL,50,0,0,50,0.38,-0.1268944597851759,-0.2670878892219367,-0.29056729425552125,NEGATIVE,0.9885025045626977,2026-07-24T03:34:58.773398+00:00
SHADOW_MEAN_REVERT,ASIA/QUIET/NORMAL/BTC_NEUTRAL,31,0,0,31,0.3870967741935484,-0.10825389760247302,-0.07831057024889253,-0.30525779522277,NEGATIVE,0.9720348493526415,2026-07-24T03:40:17.148088+00:00
SHADOW_MEAN_REVERT,OVERLAP/MARKUP/CASCADE/BTC_NEUTRAL,50,0,0,50,0.3,-0.1065237763278573,-0.22557741490928288,-0.3163103589512601,NEGATIVE,0.9805775178303127,2026-07-23T18:38:05.600934+00:00
SHADOW_MEAN_REVERT,OVERLAP/VOLATILE_EXPANSION/CASCADE/BTC_NEUTRAL,50,0,0,50,0.3,-0.1539042627596313,-0.050174810889612544,-0.3552969658995936,NEGATIVE,0.9793352873096829,2026-07-23T18:38:05.601800+00:00
SHADOW_MEAN_REVERT,OVERLAP/QUIET/NORMAL/BTC_NEUTRAL,23,0,0,23,0.391304347826087,-0.16311808178753753,-0.07822325852613084,-0.3590414386695583,NEGATIVE,0.9798526429179433,2026-07-23T16:05:32.174096+00:00
SHADOW_MEAN_REVERT,OVERLAP/RANGE/NORMAL/BTC_NEUTRAL,50,0,0,50,0.34,-0.20833742102296807,-0.8319857441307549,-0.3625153365789799,NEGATIVE,0.9814510495502182,2026-07-23T18:38:05.600818+00:00
SHADOW_MEAN_REVERT,OVERLAP/VOLATILE_EXPANSION/CASCADE/BTC_FALLING,25,0,0,25,0.32,-0.1016831417780747,-0.11854790734141893,-0.369064552296377,NEGATIVE,1.0,2026-07-17T18:26:45.049213+00:00
SHADOW_MEAN_REVERT,LONDON/RANGE/NORMAL/BTC_NEUTRAL,50,0,0,50,0.32,-0.2523376874074787,-1.1038235563243117,-0.3896496172973269,NEGATIVE,0.957561888510445,2026-07-23T14:35:51.080119+00:00
SHADOW_MEAN_REVERT,OVERLAP/RANGE/NORMAL/BTC_RISING,28,0,0,28,0.42857142857142855,-0.2896211994025442,-0.475987273455981,-0.39712312814505113,NEGATIVE,1.0,2026-07-21T18:37:23.377276+00:00
SHADOW_MEAN_REVERT,NY/RANGE/NORMAL/BTC_RISING,16,0,0,16,0.4375,-0.32406482898644773,-0.12520945860047764,-0.43661514944095714,NEGATIVE,1.0,2026-07-21T22:39:23.760651+00:00
SHADOW_MEAN_REVERT,ASIA/RANGE/NORMAL/BTC_NEUTRAL,50,0,0,50,0.28,-0.2554579857700519,-0.6981657023760909,-0.43957934102229324,NEGATIVE,0.9688021513149769,2026-07-24T03:40:17.148265+00:00
SHADOW_MEAN_REVERT,ASIA/VOLATILE_EXPANSION/CASCADE/BTC_RISING,17,0,0,17,0.29411764705882354,-0.14009385996954826,-1.0240452506057196,-0.4504214979634974,NEGATIVE,1.0,2026-07-22T04:32:51.797627+00:00
SHADOW_MEAN_REVERT,LONDON/MARKUP/CASCADE/BTC_NEUTRAL,21,0,0,21,0.3333333333333333,-0.22894116916311227,-0.0927887104249298,-0.4600806985025913,NEGATIVE,1.0,2026-07-23T13:32:38.887843+00:00
SHADOW_MEAN_REVERT,LONDON/MARKDOWN/NORMAL/BTC_NEUTRAL,50,0,0,50,0.28,-0.34427715340752785,-1.2107115713314822,-0.48014515903780897,NEGATIVE,0.9572777413651726,2026-07-23T12:44:47.435668+00:00
SHADOW_MEAN_REVERT,NY/QUIET/COMPRESSED/BTC_NEUTRAL,50,0,0,50,0.3,-0.3511815626494355,-1.481779125520059,-0.4856657633322624,NEGATIVE,0.9268173757129738,2026-07-24T00:37:48.008557+00:00
SHADOW_MEAN_REVERT,OVERLAP/VOLATILE_EXPANSION/NORMAL/BTC_NEUTRAL,15,0,0,15,0.3333333333333333,-0.3450976810340179,-2.1887748807006537,-0.5225849312842987,NEGATIVE,1.0,2026-07-22T16:43:10.481805+00:00
SHADOW_MEAN_REVERT,OFF_HOURS/QUIET/COMPRESSED/BTC_NEUTRAL,50,0,0,50,0.24,-0.40011697311633254,-0.7945189905337005,-0.5353181860649591,NEGATIVE,0.9353796018891298,2026-07-24T02:38:01.932528+00:00
SHADOW_MEAN_REVERT,LONDON/RANGE/EXPANDED/BTC_FALLING,15,0,0,15,0.26666666666666666,-0.31382676872233367,-0.14426295885390686,-0.5619028760209422,NEGATIVE,1.0,2026-07-17T14:51:42.696430+00:00
SHADOW_MEAN_REVERT,ASIA/RANGE/NORMAL/BTC_RISING,16,0,0,16,0.25,-0.37252057205438,-0.7863663132047314,-0.5722072316105663,NEGATIVE,1.0,2026-07-22T05:54:30.312233+00:00
SHADOW_MEAN_REVERT,OVERLAP/VOLATILE_EXPANSION/CASCADE/BTC_RISING,23,0,0,23,0.21739130434782608,-0.4050002503323575,-0.22679642636461048,-0.599552132704692,NEGATIVE,1.0,2026-07-21T18:26:55.856849+00:00
SHADOW_MEAN_REVERT,NY/RANGE/EXPANDED/BTC_NEUTRAL,50,0,0,50,0.2,-0.45336687486364013,-0.4231469836605908,-0.6004023060008238,NEGATIVE,0.9640146813962231,2026-07-23T21:09:12.096419+00:00
SHADOW_MEAN_REVERT,ASIA/RANGE/EXPANDED/BTC_NEUTRAL,22,0,0,22,0.22727272727272727,-0.38345527153845826,-0.41144733467960015,-0.6083905402521302,NEGATIVE,0.9936432732094767,2026-07-24T03:40:17.147406+00:00
SHADOW_MEAN_REVERT,LONDON/QUIET/NORMAL/BTC_NEUTRAL,42,0,0,42,0.21428571428571427,-0.48484384960841187,-0.26746160051337126,-0.6249495987842512,NEGATIVE,1.0,2026-07-23T13:06:22.070861+00:00
SHADOW_MEAN_REVERT,ASIA/MARKDOWN/NORMAL/BTC_FALLING,41,0,0,41,0.21951219512195122,-0.5267832809358329,-0.5431291453301779,-0.6417608614027762,NEGATIVE,1.0,2026-07-17T09:53:37.235969+00:00
SHADOW_MEAN_REVERT,OVERLAP/RANGE/EXPANDED/BTC_NEUTRAL,46,0,0,46,0.1956521739130435,-0.5711301692832614,-0.5253331134730282,-0.6895614185670043,NEGATIVE,0.9791284009414012,2026-07-23T18:38:05.601162+00:00
SHADOW_MEAN_REVERT,NY/MARKUP/EXPANDED/BTC_NEUTRAL,23,0,0,23,0.21739130434782608,-0.5291472231239458,0.15530250479599542,-0.6945145891326692,NEGATIVE,1.0,2026-07-24T00:01:20.992290+00:00
SHADOW_MEAN_REVERT,NY/VOLATILE_EXPANSION/NORMAL/BTC_NEUTRAL,15,0,0,15,0.2,-0.5060847315238137,-1.2234854708862695,-0.6964327734734315,NEGATIVE,0.9899806247696533,2026-07-23T00:08:14.850390+00:00
SHADOW_MEAN_REVERT,ASIA/QUIET/COMPRESSED/BTC_NEUTRAL,50,0,0,50,0.16,-0.6100522231771666,-0.9452877290567051,-0.7296327158119547,NEGATIVE,0.9576172487005086,2026-07-24T03:40:17.147933+00:00
SHADOW_MEAN_REVERT,LONDON/RANGE/NORMAL/BTC_FALLING,32,0,0,32,0.15625,-0.6513049405587783,-1.040967983532231,-0.7456361640981667,NEGATIVE,1.0,2026-07-17T14:20:54.763843+00:00
SHADOW_MEAN_REVERT,LONDON/MARKDOWN/NORMAL/BTC_FALLING,29,0,0,29,0.10344827586206896,-0.7289964937125543,-1.273538411931983,-0.8034299966064482,NEGATIVE,1.0,2026-07-17T12:18:27.192460+00:00
SHADOW_MEAN_REVERT,NY/QUIET/NORMAL/BTC_NEUTRAL,45,0,0,45,0.1111111111111111,-0.7581657685408995,-0.45024812490775373,-0.8389941891031778,NEGATIVE,0.9071402549350377,2026-07-23T23:09:08.906547+00:00
SHADOW_MEAN_REVERT,LONDON/QUIET/COMPRESSED/BTC_FALLING,18,0,0,18,0.1111111111111111,-0.7548945868945874,-0.20334734505857888,-0.8514817242450708,NEGATIVE,1.0,2026-07-17T14:51:42.696147+00:00
SHADOW_MEAN_REVERT,ASIA/RANGE/NORMAL/BTC_FALLING,37,0,0,37,0.02702702702702703,-0.9503201831968955,-1.0130748626238737,-0.9689608583394329,NEGATIVE,1.0,2026-07-17T09:53:37.236179+00:00
SHADOW_MEAN_REVERT,ASIA/QUIET/NORMAL/BTC_FALLING,15,0,0,15,0.0,-1.0,-0.5601141715862954,-1.0,NEGATIVE,0.0,2026-07-17T09:53:37.235446+00:00
SHADOW_MEAN_REVERT,NY/VOLATILE_EXPANSION/COMPRESSED/BTC_NEUTRAL,13,0,0,13,0.23076923076923078,-0.19286107473925065,-1.3404820803264117,,INSUFFICIENT_DATA,1.0,2026-07-23T20:38:05.482427+00:00
SHADOW_MEAN_REVERT,NY/MARKUP/COMPRESSED/BTC_NEUTRAL,11,0,0,11,0.2727272727272727,-0.36690333975311606,0.197753978708659,,INSUFFICIENT_DATA,0.9898412213918744,2026-07-24T00:11:48.431342+00:00
SHADOW_MEAN_REVERT,NY/MARKDOWN/CASCADE/BTC_NEUTRAL,12,0,0,12,0.3333333333333333,-0.19272035570230991,-0.057474537998530896,,INSUFFICIENT_DATA,0.9787311732756978,2026-07-23T21:03:59.810824+00:00
SHADOW_MEAN_REVERT,NY/QUIET/EXPANDED/BTC_NEUTRAL,5,0,0,5,0.2,-0.47144226137895784,-0.31181707341529535,,INSUFFICIENT_DATA,0.7490843373493967,2026-07-23T21:03:59.809659+00:00
SHADOW_MEAN_REVERT,OFF_HOURS/VOLATILE_EXPANSION/CASCADE/BTC_NEUTRAL,14,0,0,14,0.35714285714285715,0.4780159729698334,1.6625083896846464,,INSUFFICIENT_DATA,0.9952756135517247,2026-07-24T01:03:52.963612+00:00
SHADOW_MEAN_REVERT,OFF_HOURS/MARKDOWN/CASCADE/BTC_NEUTRAL,5,0,0,5,0.6,0.8537062880161145,1.0205736171833084,,INSUFFICIENT_DATA,0.9769314648102271,2026-07-23T02:50:44.809724+00:00
SHADOW_MEAN_REVERT,OFF_HOURS/MARKDOWN/EXPANDED/BTC_NEUTRAL,4,0,0,4,0.5,0.24643562724014723,0.03722872401578098,,INSUFFICIENT_DATA,0.9219785032263593,2026-07-23T02:23:19.661228+00:00
SHADOW_MEAN_REVERT,OFF_HOURS/MARKDOWN/NORMAL/BTC_NEUTRAL,7,0,0,7,0.2857142857142857,-0.32730363740676643,-0.37791584931234373,,INSUFFICIENT_DATA,0.8997363027357173,2026-07-24T02:38:01.932004+00:00
SHADOW_MEAN_REVERT,OFF_HOURS/VOLATILE_EXPANSION/COMPRESSED/BTC_NEUTRAL,4,0,0,4,0.75,1.638592420726991,7.912193389440371,,INSUFFICIENT_DATA,1.0,2026-07-17T01:43:27.150633+00:00
SHADOW_MEAN_REVERT,OFF_HOURS/MARKUP/NORMAL/BTC_NEUTRAL,6,0,0,6,0.16666666666666666,-0.6397677922538335,0.10201011687986121,,INSUFFICIENT_DATA,1.0,2026-07-16T02:51:18.739446+00:00
SHADOW_MEAN_REVERT,OFF_HOURS/RANGE/EXPANDED/BTC_NEUTRAL,3,0,0,3,1.0,2.267350027490382,4.130081638363432,,INSUFFICIENT_DATA,1.0,2026-07-17T01:43:27.151037+00:00
SHADOW_MEAN_REVERT,OFF_HOURS/QUIET/NORMAL/BTC_NEUTRAL,11,0,0,11,0.18181818181818182,-0.5842538254677809,-0.4476899124020626,,INSUFFICIENT_DATA,0.8998682248549814,2026-07-24T02:38:01.923612+00:00
SHADOW_MEAN_REVERT,ASIA/VOLATILE_EXPANSION/NORMAL/BTC_NEUTRAL,8,0,0,8,0.75,1.1802170955456612,4.838357537455249,,INSUFFICIENT_DATA,1.0,2026-07-24T03:40:17.147580+00:00
SHADOW_MEAN_REVERT,ASIA/MARKDOWN/CASCADE/BTC_FALLING,4,0,0,4,1.0,1.8749312511571934,9.15112470487541,,INSUFFICIENT_DATA,1.0,2026-07-17T09:02:26.432121+00:00
SHADOW_MEAN_REVERT,ASIA/MARKDOWN/EXPANDED/BTC_FALLING,9,0,0,9,0.3333333333333333,-0.116362680742896,0.7550388545602386,,INSUFFICIENT_DATA,1.0,2026-07-17T08:46:53.254525+00:00
SHADOW_MEAN_REVERT,ASIA/MARKUP/CASCADE/BTC_FALLING,4,0,0,4,0.25,-0.2649960458679324,1.4323069440388299,,INSUFFICIENT_DATA,1.0,2026-07-17T05:42:14.905317+00:00
SHADOW_MEAN_REVERT,LONDON/MARKUP/CASCADE/BTC_FALLING,9,0,0,9,0.5555555555555556,0.2748229605175967,0.8668652128929504,,INSUFFICIENT_DATA,1.0,2026-07-17T14:51:42.696243+00:00
SHADOW_MEAN_REVERT,LONDON/VOLATILE_EXPANSION/NORMAL/BTC_FALLING,2,0,0,2,0.5,-0.25395430579964967,-0.4200335570819945,,INSUFFICIENT_DATA,1.0,2026-07-17T12:18:27.191810+00:00
SHADOW_MEAN_REVERT,LONDON/MARKUP/EXPANDED/BTC_FALLING,4,0,0,4,0.25,-0.34425684658335576,0.9862058960671014,,INSUFFICIENT_DATA,1.0,2026-07-17T13:51:27.810417+00:00
SHADOW_MEAN_REVERT,LONDON/MARKDOWN/EXPANDED/BTC_FALLING,6,0,0,6,0.6666666666666666,0.5342652734308032,1.957198844714927,,INSUFFICIENT_DATA,1.0,2026-07-17T13:09:55.829501+00:00
SHADOW_MEAN_REVERT,LONDON/VOLATILE_EXPANSION/NORMAL/BTC_NEUTRAL,14,0,0,14,0.2857142857142857,-0.3602893156234873,-2.333007441281335,,INSUFFICIENT_DATA,0.9925979728803531,2026-07-23T14:35:51.078464+00:00
SHADOW_MEAN_REVERT,LONDON/MARKDOWN/COMPRESSED/BTC_NEUTRAL,10,0,0,10,0.8,1.2058601276337328,5.197993247726839,,INSUFFICIENT_DATA,0.9894394460643801,2026-07-23T12:39:32.605480+00:00
SHADOW_MEAN_REVERT,OVERLAP/RANGE/EXPANDED/BTC_FALLING,12,0,0,12,0.3333333333333333,-0.11249844243207378,0.34821256491452995,,INSUFFICIENT_DATA,1.0,2026-07-17T18:26:45.058824+00:00
SHADOW_MEAN_REVERT,OVERLAP/QUIET/COMPRESSED/BTC_FALLING,12,0,0,12,0.3333333333333333,-0.18361404022651906,-1.4436372329744522,,INSUFFICIENT_DATA,1.0,2026-07-17T15:52:52.470572+00:00
SHADOW_MEAN_REVERT,OVERLAP/RANGE/NORMAL/BTC_FALLING,14,0,0,14,0.6428571428571429,0.623696443012494,3.6759248025596243,,INSUFFICIENT_DATA,1.0,2026-07-17T16:23:46.065805+00:00
SHADOW_MEAN_REVERT,OVERLAP/MARKUP/EXPANDED/BTC_FALLING,5,0,0,5,0.8,1.0786817583440302,2.595001653103804,,INSUFFICIENT_DATA,1.0,2026-07-17T16:44:33.689739+00:00
SHADOW_MEAN_REVERT,OVERLAP/VOLATILE_EXPANSION/COMPRESSED/BTC_FALLING,1,0,0,1,0.0,-1.0,-5.731158605174355,,INSUFFICIENT_DATA,0.0,2026-07-13T15:53:18.255108+00:00
SHADOW_MEAN_REVERT,OVERLAP/MARKUP/CASCADE/BTC_FALLING,7,0,0,7,0.14285714285714285,-0.45169223652763996,-0.5050140650545786,,INSUFFICIENT_DATA,1.0,2026-07-17T18:26:45.058966+00:00
SHADOW_MEAN_REVERT,OVERLAP/MARKDOWN/CASCADE/BTC_FALLING,8,0,0,8,0.25,-0.44447207020178847,-0.3856618858750072,,INSUFFICIENT_DATA,1.0,2026-07-17T16:59:51.796704+00:00
SHADOW_MEAN_REVERT,OVERLAP/MARKDOWN/NORMAL/BTC_FALLING,5,0,0,5,0.4,-0.16437858233243893,0.002220755831643895,,INSUFFICIENT_DATA,1.0,2026-07-17T16:18:39.515718+00:00
SHADOW_MEAN_REVERT,OVERLAP/VOLATILE_EXPANSION/NORMAL/BTC_FALLING,3,0,0,3,0.6666666666666666,0.8421223669827752,5.889685822707366,,INSUFFICIENT_DATA,1.0,2026-07-17T16:18:39.514952+00:00
SHADOW_MEAN_REVERT,NY/MARKUP/CASCADE/BTC_FALLING,1,0,0,1,0.0,-1.0,-2.4041811846689884,,INSUFFICIENT_DATA,0.0,2026-07-13T19:14:45.537342+00:00
SHADOW_MEAN_REVERT,NY/VOLATILE_EXPANSION/CASCADE/BTC_FALLING,5,0,0,5,0.2,-0.39421051770135984,-2.629778280748412,,INSUFFICIENT_DATA,1.0,2026-07-13T21:00:53.040344+00:00
SHADOW_MEAN_REVERT,NY/VOLATILE_EXPANSION/NORMAL/BTC_FALLING,4,0,0,4,0.25,-0.30517149694230306,-1.7676616264771245,,INSUFFICIENT_DATA,1.0,2026-07-14T00:27:24.932083+00:00
SHADOW_MEAN_REVERT,NY/MARKUP/EXPANDED/BTC_FALLING,2,0,0,2,0.5,0.926380183627019,0.2820223913543187,,INSUFFICIENT_DATA,1.0,2026-07-14T00:42:30.439378+00:00
SHADOW_MEAN_REVERT,NY/RANGE/EXPANDED/BTC_FALLING,5,0,0,5,0.2,-0.5353867028493883,-3.21137959334902,,INSUFFICIENT_DATA,1.0,2026-07-13T21:56:21.544928+00:00
SHADOW_MEAN_REVERT,NY/MARKUP/NORMAL/BTC_FALLING,2,0,0,2,0.5,0.1710239651415988,-0.06108482445360375,,INSUFFICIENT_DATA,1.0,2026-07-14T00:42:30.439143+00:00
SHADOW_MEAN_REVERT,NY/MARKDOWN/NORMAL/BTC_FALLING,2,0,0,2,1.0,1.4614309309936364,6.6300427877584855,,INSUFFICIENT_DATA,1.0,2026-07-13T23:57:10.180782+00:00
SHADOW_MEAN_REVERT,NY/RANGE/NORMAL/BTC_FALLING,11,0,0,11,0.2727272727272727,-0.03589412178612181,-0.6945934652762276,,INSUFFICIENT_DATA,1.0,2026-07-13T23:57:10.180941+00:00
SHADOW_MEAN_REVERT,NY/MARKDOWN/CASCADE/BTC_FALLING,2,0,0,2,0.5,-0.30160197165742453,-0.8086904176966294,,INSUFFICIENT_DATA,1.0,2026-07-13T21:00:53.040254+00:00
SHADOW_MEAN_REVERT,NY/QUIET/COMPRESSED/BTC_FALLING,13,0,0,13,1.0,1.0840335155667442,5.077080025202218,,INSUFFICIENT_DATA,1.0,2026-07-14T00:27:24.932406+00:00
SHADOW_MEAN_REVERT,NY/MARKDOWN/EXPANDED/BTC_FALLING,4,0,0,4,0.75,0.7956352333420998,0.7076066880860201,,INSUFFICIENT_DATA,1.0,2026-07-14T00:42:30.439687+00:00
SHADOW_MEAN_REVERT,NY/MARKUP/COMPRESSED/BTC_FALLING,4,0,0,4,1.0,1.2394115710105256,6.518828377115353,,INSUFFICIENT_DATA,1.0,2026-07-14T00:57:38.296059+00:00
SHADOW_MEAN_REVERT,NY/VOLATILE_EXPANSION/COMPRESSED/BTC_FALLING,1,0,0,1,0.0,-1.0,-5.731158605174355,,INSUFFICIENT_DATA,0.0,2026-07-14T00:57:38.295697+00:00
SHADOW_MEAN_REVERT,OFF_HOURS/VOLATILE_EXPANSION/NORMAL/BTC_NEUTRAL,1,0,0,1,0.0,-1.0,-5.731158605174355,,INSUFFICIENT_DATA,0.0,2026-07-14T01:27:46.564045+00:00
SHADOW_MEAN_REVERT,OFF_HOURS/MARKUP/COMPRESSED/BTC_NEUTRAL,10,0,0,10,0.2,-0.47677667703508303,0.9797253579500058,,INSUFFICIENT_DATA,1.0,2026-07-23T01:52:08.564208+00:00
SHADOW_MEAN_REVERT,OFF_HOURS/VOLATILE_EXPANSION/COMPRESSED/BTC_FALLING,2,0,0,2,0.0,-1.0,-5.731158605174355,,INSUFFICIENT_DATA,0.0,2026-07-14T02:28:14.220285+00:00
SHADOW_MEAN_REVERT,OFF_HOURS/MARKUP/NORMAL/BTC_FALLING,6,0,0,6,1.0,1.25618435555763,5.472451255703864,,INSUFFICIENT_DATA,1.0,2026-07-14T02:58:27.346397+00:00
SHADOW_MEAN_REVERT,OFF_HOURS/MARKUP/COMPRESSED/BTC_FALLING,2,0,0,2,0.5,0.03280609256004589,0.10353306587291009,,INSUFFICIENT_DATA,1.0,2026-07-14T02:28:14.220530+00:00
SHADOW_MEAN_REVERT,OFF_HOURS/VOLATILE_EXPANSION/CASCADE/BTC_FALLING,3,0,0,3,0.0,-0.8972718582248692,-2.2286320855215163,,INSUFFICIENT_DATA,0.0,2026-07-17T02:44:28.996912+00:00
SHADOW_MEAN_REVERT,OFF_HOURS/RANGE/NORMAL/BTC_FALLING,6,0,0,6,0.5,-0.041410268851319154,-0.196936498686226,,INSUFFICIENT_DATA,1.0,2026-07-17T02:44:28.997743+00:00
SHADOW_MEAN_REVERT,ASIA/QUIET/EXPANDED/BTC_NEUTRAL,6,0,0,6,0.3333333333333333,-0.1074238490672698,0.3428207335881536,,INSUFFICIENT_DATA,1.0,2026-07-23T05:24:21.489999+00:00
SHADOW_MEAN_REVERT,ASIA/VOLATILE_EXPANSION/EXPANDED/BTC_NEUTRAL,2,0,0,2,0.5,0.8934237348222978,5.061852576560076,,INSUFFICIENT_DATA,1.0,2026-07-14T09:55:44.765863+00:00
SHADOW_MEAN_REVERT,ASIA/MARKDOWN/EXPANDED/BTC_NEUTRAL,11,0,0,11,0.36363636363636365,0.06108378189489341,1.683295626828756,,INSUFFICIENT_DATA,1.0,2026-07-23T04:37:47.346829+00:00
SHADOW_MEAN_REVERT,ASIA/MARKDOWN/CASCADE/BTC_NEUTRAL,12,0,0,12,0.3333333333333333,0.17611963325116284,0.44092823777850826,,INSUFFICIENT_DATA,1.0,2026-07-23T09:50:27.141615+00:00
SHADOW_MEAN_REVERT,ASIA/MARKUP/COMPRESSED/BTC_NEUTRAL,13,0,0,13,0.5384615384615384,0.476536910323336,-0.06222652981078604,,INSUFFICIENT_DATA,0.9752037485716855,2026-07-23T09:34:39.043285+00:00
SHADOW_MEAN_REVERT,LONDON/VOLATILE_EXPANSION/EXPANDED/BTC_NEUTRAL,2,0,0,2,0.0,-1.0,-5.731158605174355,,INSUFFICIENT_DATA,0.0,2026-07-14T10:46:26.002931+00:00
SHADOW_MEAN_REVERT,LONDON/MARKUP/COMPRESSED/BTC_NEUTRAL,13,0,0,13,0.7692307692307693,1.2322927220143904,4.61275472886114,,INSUFFICIENT_DATA,0.9883988575360234,2026-07-23T14:35:51.078910+00:00
SHADOW_MEAN_REVERT,LONDON/MARKDOWN/CASCADE/BTC_NEUTRAL,8,0,0,8,0.75,1.0441806732917092,3.2568859846097826,,INSUFFICIENT_DATA,0.9949127942323815,2026-07-23T11:04:49.904958+00:00
SHADOW_MEAN_REVERT,LONDON/MARKUP/EXPANDED/BTC_NEUTRAL,14,0,0,14,0.5714285714285714,0.5412615276886542,0.7495002724144576,,INSUFFICIENT_DATA,0.9932425670297772,2026-07-23T10:38:38.943263+00:00
SHADOW_MEAN_REVERT,LONDON/VOLATILE_EXPANSION/COMPRESSED/BTC_NEUTRAL,6,0,0,6,0.16666666666666666,-0.692710733778048,-3.5223324856186196,,INSUFFICIENT_DATA,1.0,2026-07-19T13:54:27.966647+00:00
SHADOW_MEAN_REVERT,OVERLAP/MARKDOWN/COMPRESSED/BTC_NEUTRAL,4,0,0,4,0.5,0.4225522715123116,3.840997810933207,,INSUFFICIENT_DATA,0.9917291515953576,2026-07-22T16:06:55.817153+00:00
SHADOW_MEAN_REVERT,OVERLAP/MARKUP/COMPRESSED/BTC_NEUTRAL,6,0,0,6,1.0,2.6034886593791673,12.20191287534851,,INSUFFICIENT_DATA,0.9959190046069786,2026-07-23T15:38:54.749860+00:00
SHADOW_MEAN_REVERT,ASIA/MARKUP/NORMAL/BTC_RISING,9,0,0,9,0.5555555555555556,0.6195550277254616,0.7538544564763007,,INSUFFICIENT_DATA,1.0,2026-07-22T05:13:40.524577+00:00
SHADOW_MEAN_REVERT,ASIA/QUIET/NORMAL/BTC_RISING,6,0,0,6,0.6666666666666666,0.5441592096800068,0.3325182050988699,,INSUFFICIENT_DATA,1.0,2026-07-22T05:39:12.566683+00:00
SHADOW_MEAN_REVERT,ASIA/MARKUP/CASCADE/BTC_RISING,7,0,0,7,0.42857142857142855,0.16603381790701308,0.16681194067459057,,INSUFFICIENT_DATA,1.0,2026-07-22T04:53:16.707098+00:00
SHADOW_MEAN_REVERT,ASIA/MARKUP/EXPANDED/BTC_RISING,4,0,0,4,1.0,1.7466258066181384,1.9122240671466924,,INSUFFICIENT_DATA,1.0,2026-07-22T04:43:05.897018+00:00
SHADOW_MEAN_REVERT,ASIA/MARKDOWN/NORMAL/BTC_RISING,7,0,0,7,0.2857142857142857,-0.30094038026257647,-0.06471308386504204,,INSUFFICIENT_DATA,1.0,2026-07-22T05:39:12.566572+00:00
SHADOW_MEAN_REVERT,ASIA/MARKDOWN/CASCADE/BTC_RISING,3,0,0,3,0.3333333333333333,-0.21648408972352776,-1.4164126814233173,,INSUFFICIENT_DATA,1.0,2026-07-22T05:23:51.623095+00:00
SHADOW_MEAN_REVERT,OVERLAP/QUIET/COMPRESSED/BTC_NEUTRAL,14,0,0,14,0.21428571428571427,-0.5402527177647035,-1.5142487406416356,,INSUFFICIENT_DATA,1.0,2026-07-23T16:05:32.174268+00:00
SHADOW_MEAN_REVERT,OVERLAP/RANGE/EXPANDED/BTC_RISING,11,0,0,11,0.5454545454545454,0.3536011467643602,0.6313668008404312,,INSUFFICIENT_DATA,1.0,2026-07-21T18:11:28.386698+00:00
SHADOW_MEAN_REVERT,OVERLAP/MARKUP/EXPANDED/BTC_RISING,7,0,0,7,0.42857142857142855,0.03102370895530033,7.807558701755646e-05,,INSUFFICIENT_DATA,1.0,2026-07-21T16:32:50.760065+00:00
SHADOW_MEAN_REVERT,OVERLAP/MARKUP/NORMAL/BTC_RISING,5,0,0,5,0.4,0.0034227492980599904,0.34244745133023546,,INSUFFICIENT_DATA,1.0,2026-07-21T18:37:23.376787+00:00
SHADOW_MEAN_REVERT,OVERLAP/MARKDOWN/CASCADE/BTC_RISING,9,0,0,9,0.6666666666666666,1.3310060113666449,2.8522032028379463,,INSUFFICIENT_DATA,1.0,2026-07-21T17:09:04.726546+00:00
SHADOW_MEAN_REVERT,OVERLAP/MARKDOWN/EXPANDED/BTC_RISING,5,0,0,5,0.2,-0.5248850297475511,-0.3762076117173282,,INSUFFICIENT_DATA,1.0,2026-07-21T16:07:14.076394+00:00
SHADOW_MEAN_REVERT,OVERLAP/QUIET/COMPRESSED/BTC_RISING,2,0,0,2,0.0,-1.0,-2.33550316678395,,INSUFFICIENT_DATA,0.0,2026-07-15T18:14:26.873441+00:00
SHADOW_MEAN_REVERT,OVERLAP/QUIET/EXPANDED/BTC_RISING,1,0,0,1,0.0,-1.0,-0.5531459317008891,,INSUFFICIENT_DATA,0.0,2026-07-15T18:49:48.472594+00:00
SHADOW_MEAN_REVERT,OVERLAP/MARKDOWN/NORMAL/BTC_RISING,3,0,0,3,0.3333333333333333,-0.4860092366204847,-0.8161759502722128,,INSUFFICIENT_DATA,1.0,2026-07-21T17:50:46.121200+00:00
SHADOW_MEAN_REVERT,NY/VOLATILE_EXPANSION/CASCADE/BTC_RISING,6,0,0,6,0.5,0.22066727151457544,1.2638686269873867,,INSUFFICIENT_DATA,1.0,2026-07-21T22:39:23.760743+00:00
SHADOW_MEAN_REVERT,NY/RANGE/EXPANDED/BTC_RISING,5,0,0,5,0.8,0.45946760460768843,1.6925601108192432,,INSUFFICIENT_DATA,1.0,2026-07-22T00:11:43.012451+00:00
SHADOW_MEAN_REVERT,NY/MARKUP/CASCADE/BTC_RISING,1,0,0,1,0.0,-1.0,-1.780684104627769,,INSUFFICIENT_DATA,0.0,2026-07-15T19:35:40.042002+00:00
SHADOW_MEAN_REVERT,LONDON/QUIET/NORMAL/BTC_FALLING,14,0,0,14,0.2857142857142857,-0.4127686132094018,-0.2852105687745044,,INSUFFICIENT_DATA,1.0,2026-07-17T14:51:42.696668+00:00
SHADOW_MEAN_REVERT,LONDON/VOLATILE_EXPANSION/CASCADE/BTC_FALLING,13,0,0,13,0.38461538461538464,-0.15048590138036666,-0.9105760924499002,,INSUFFICIENT_DATA,1.0,2026-07-17T13:51:27.811517+00:00
SHADOW_MEAN_REVERT,LONDON/MARKUP/NORMAL/BTC_FALLING,12,0,0,12,0.25,-0.44171987077250296,-0.466549531987138,,INSUFFICIENT_DATA,1.0,2026-07-17T14:51:42.696538+00:00
SHADOW_MEAN_REVERT,LONDON/QUIET/EXPANDED/BTC_NEUTRAL,4,0,0,4,0.0,-1.0,-0.6433762223037254,,INSUFFICIENT_DATA,0.0,2026-07-16T14:51:36.261404+00:00
SHADOW_MEAN_REVERT,OVERLAP/MARKDOWN/EXPANDED/BTC_NEUTRAL,12,0,0,12,0.5,0.04254830721348307,-0.4831365772519501,,INSUFFICIENT_DATA,0.8617135918646123,2026-07-23T18:38:05.601055+00:00
SHADOW_MEAN_REVERT,OVERLAP/QUIET/EXPANDED/BTC_NEUTRAL,13,0,0,13,0.15384615384615385,-0.7402649289563918,-0.4991362088399196,,INSUFFICIENT_DATA,0.8433373957453046,2026-07-23T17:35:14.694697+00:00
SHADOW_MEAN_REVERT,OVERLAP/VOLATILE_EXPANSION/EXPANDED/BTC_NEUTRAL,9,0,0,9,0.2222222222222222,-0.5902809783707307,-1.4303065642298902,,INSUFFICIENT_DATA,1.0,2026-07-19T17:31:50.768457+00:00
SHADOW_MEAN_REVERT,NY/VOLATILE_EXPANSION/EXPANDED/BTC_NEUTRAL,11,0,0,11,0.0,-1.0,-2.8880993544782085,,INSUFFICIENT_DATA,0.0,2026-07-17T20:19:30.373197+00:00
SHADOW_MEAN_REVERT,OFF_HOURS/MARKUP/EXPANDED/BTC_NEUTRAL,1,0,0,1,1.0,1.2059487179487136,2.5965020757883437,,INSUFFICIENT_DATA,1.0,2026-07-17T01:13:00.781510+00:00
SHADOW_MEAN_REVERT,OFF_HOURS/RANGE/NORMAL/BTC_NEUTRAL,13,0,0,13,0.23076923076923078,-0.3538203721248999,-0.9519655307175287,,INSUFFICIENT_DATA,0.9668250168810805,2026-07-24T02:58:46.598860+00:00
SHADOW_MEAN_REVERT,OFF_HOURS/MARKDOWN/COMPRESSED/BTC_FALLING,6,0,0,6,0.0,-1.0,-2.313924425763337,,INSUFFICIENT_DATA,0.0,2026-07-17T02:44:28.997536+00:00
SHADOW_MEAN_REVERT,OFF_HOURS/MARKDOWN/NORMAL/BTC_FALLING,3,0,0,3,0.0,-1.0,-0.5630843580100182,,INSUFFICIENT_DATA,0.0,2026-07-17T02:44:28.997069+00:00
SHADOW_MEAN_REVERT,OFF_HOURS/QUIET/COMPRESSED/BTC_FALLING,3,0,0,3,0.0,-1.0,-0.7475432870587292,,INSUFFICIENT_DATA,0.0,2026-07-17T02:44:28.997175+00:00
SHADOW_MEAN_REVERT,OFF_HOURS/MARKDOWN/CASCADE/BTC_FALLING,1,0,0,1,0.0,-1.0,-0.771428571428579,,INSUFFICIENT_DATA,0.0,2026-07-17T02:44:28.997290+00:00
SHADOW_MEAN_REVERT,ASIA/MARKDOWN/COMPRESSED/BTC_FALLING,9,0,0,9,0.4444444444444444,-0.019578347578349507,0.04427266191878054,,INSUFFICIENT_DATA,1.0,2026-07-17T09:53:37.236426+00:00
SHADOW_MEAN_REVERT,ASIA/QUIET/COMPRESSED/BTC_FALLING,9,0,0,9,0.0,-1.0,-1.6392681087185623,,INSUFFICIENT_DATA,0.0,2026-07-17T08:46:53.253847+00:00
SHADOW_MEAN_REVERT,ASIA/RANGE/EXPANDED/BTC_FALLING,4,0,0,4,1.0,1.2114375521383773,2.4236537275118497,,INSUFFICIENT_DATA,1.0,2026-07-17T06:55:42.308756+00:00
SHADOW_MEAN_REVERT,ASIA/QUIET/EXPANDED/BTC_FALLING,1,0,0,1,0.0,-1.0,-0.771428571428579,,INSUFFICIENT_DATA,0.0,2026-07-17T03:45:09.620493+00:00
SHADOW_MEAN_REVERT,ASIA/MARKUP/NORMAL/BTC_FALLING,10,0,0,10,0.2,-0.5872622710622715,-0.6078428866046298,,INSUFFICIENT_DATA,1.0,2026-07-17T09:53:37.236085+00:00
SHADOW_MEAN_REVERT,ASIA/VOLATILE_EXPANSION/NORMAL/BTC_FALLING,11,0,0,11,0.0,-1.0,-2.925888102054053,,INSUFFICIENT_DATA,0.0,2026-07-17T08:46:53.253975+00:00
SHADOW_MEAN_REVERT,ASIA/MARKUP/EXPANDED/BTC_FALLING,1,0,0,1,1.0,1.494882434301528,2.6657458563535976,,INSUFFICIENT_DATA,1.0,2026-07-17T05:57:29.198725+00:00
SHADOW_MEAN_REVERT,ASIA/MARKUP/COMPRESSED/BTC_FALLING,1,0,0,1,0.0,-1.0,-0.4589122513007378,,INSUFFICIENT_DATA,0.0,2026-07-17T07:14:30.397244+00:00
SHADOW_MEAN_REVERT,ASIA/VOLATILE_EXPANSION/COMPRESSED/BTC_FALLING,1,0,0,1,0.0,-1.0,-3.4821428571428448,,INSUFFICIENT_DATA,0.0,2026-07-17T07:14:30.397573+00:00
SHADOW_MEAN_REVERT,LONDON/MARKDOWN/COMPRESSED/BTC_FALLING,3,0,0,3,1.0,1.2059487179487136,2.5965020757883437,,INSUFFICIENT_DATA,1.0,2026-07-17T10:49:48.589927+00:00
SHADOW_MEAN_REVERT,LONDON/QUIET/EXPANDED/BTC_FALLING,4,0,0,4,1.0,2.0103806228373653,1.0196560196560118,,INSUFFICIENT_DATA,1.0,2026-07-17T12:49:22.406852+00:00
SHADOW_MEAN_REVERT,LONDON/VOLATILE_EXPANSION/EXPANDED/BTC_FALLING,3,0,0,3,0.0,-1.0,-2.3930631022576794,,INSUFFICIENT_DATA,0.0,2026-07-17T14:20:54.757549+00:00
SHADOW_MEAN_REVERT,LONDON/MARKUP/COMPRESSED/BTC_FALLING,4,0,0,4,0.75,0.6544615384615352,1.8326484940160732,,INSUFFICIENT_DATA,1.0,2026-07-17T13:51:27.811675+00:00
SHADOW_MEAN_REVERT,LONDON/MARKDOWN/CASCADE/BTC_FALLING,2,0,0,2,0.0,-1.0,-3.179376329848833,,INSUFFICIENT_DATA,0.0,2026-07-17T14:26:03.247303+00:00
SHADOW_MEAN_REVERT,OVERLAP/MARKUP/NORMAL/BTC_FALLING,3,0,0,3,1.0,1.579404408457035,2.3844608752840903,,INSUFFICIENT_DATA,1.0,2026-07-17T16:18:39.514636+00:00
SHADOW_MEAN_REVERT,OVERLAP/QUIET/NORMAL/BTC_FALLING,4,0,0,4,0.5,-0.322376009227221,-0.15611375579602954,,INSUFFICIENT_DATA,1.0,2026-07-17T16:18:39.515101+00:00
SHADOW_MEAN_REVERT,OVERLAP/VOLATILE_EXPANSION/EXPANDED/BTC_FALLING,5,0,0,5,0.0,-1.0,-2.7485392594228863,,INSUFFICIENT_DATA,0.0,2026-07-17T18:26:45.058546+00:00
SHADOW_MEAN_REVERT,NY/MARKDOWN/NORMAL/BTC_RISING,5,0,0,5,0.4,-0.15120298012941866,0.21646122367028914,,INSUFFICIENT_DATA,1.0,2026-07-21T20:41:05.094846+00:00
SHADOW_MEAN_REVERT,NY/MARKUP/NORMAL/BTC_RISING,5,0,0,5,0.2,-0.5162272993555955,-0.813794002882611,,INSUFFICIENT_DATA,1.0,2026-07-22T00:16:50.432496+00:00
SHADOW_MEAN_REVERT,NY/MARKUP/EXPANDED/BTC_RISING,2,0,0,2,0.0,-1.0,-1.9340215768787157,,INSUFFICIENT_DATA,0.0,2026-07-20T20:07:45.676566+00:00
SHADOW_MEAN_REVERT,OFF_HOURS/MARKUP/NORMAL/BTC_RISING,1,0,0,1,0.0,-1.0,-1.2154566744730666,,INSUFFICIENT_DATA,0.0,2026-07-19T01:17:04.899021+00:00
SHADOW_MEAN_REVERT,OFF_HOURS/VOLATILE_EXPANSION/CASCADE/BTC_RISING,1,0,0,1,1.0,1.3399836570494694,4.758734920932556,,INSUFFICIENT_DATA,1.0,2026-07-19T02:02:40.157009+00:00
SHADOW_MEAN_REVERT,OFF_HOURS/MARKDOWN/NORMAL/BTC_RISING,1,0,0,1,1.0,0.18446874123913679,0.35064159952252927,,INSUFFICIENT_DATA,1.0,2026-07-19T02:58:21.554111+00:00
SHADOW_MEAN_REVERT,NY/MARKDOWN/EXPANDED/BTC_RISING,1,0,0,1,0.0,-1.0,-1.0207897847559442,,INSUFFICIENT_DATA,0.0,2026-07-20T19:05:58.437567+00:00
SHADOW_MEAN_REVERT,NY/QUIET/NORMAL/BTC_RISING,6,0,0,6,0.3333333333333333,-0.21599999999999642,-0.22983760287379795,,INSUFFICIENT_DATA,1.0,2026-07-22T00:16:50.437118+00:00
SHADOW_MEAN_REVERT,ASIA/QUIET/COMPRESSED/BTC_RISING,7,0,0,7,0.42857142857142855,0.030952380952383823,-0.61549638459333,,INSUFFICIENT_DATA,1.0,2026-07-22T04:12:23.791274+00:00
SHADOW_MEAN_REVERT,LONDON/VOLATILE_EXPANSION/CASCADE/BTC_RISING,7,0,0,7,0.42857142857142855,-0.15903537558385059,0.7880868306024829,,INSUFFICIENT_DATA,1.0,2026-07-21T12:48:07.865288+00:00
SHADOW_MEAN_REVERT,LONDON/RANGE/EXPANDED/BTC_RISING,6,0,0,6,0.16666666666666666,-0.5099634932457918,-0.9289148153480965,,INSUFFICIENT_DATA,1.0,2026-07-21T13:34:59.544352+00:00
SHADOW_MEAN_REVERT,LONDON/MARKUP/NORMAL/BTC_RISING,5,0,0,5,0.6,0.4507475065616832,0.5058876210461565,,INSUFFICIENT_DATA,1.0,2026-07-21T14:06:49.995618+00:00
SHADOW_MEAN_REVERT,LONDON/MARKUP/CASCADE/BTC_RISING,7,0,0,7,0.0,-1.0,-1.0669006112746289,,INSUFFICIENT_DATA,0.0,2026-07-21T14:06:49.995379+00:00
SHADOW_MEAN_REVERT,LONDON/MARKUP/EXPANDED/BTC_RISING,9,0,0,9,0.1111111111111111,-0.7386666666666655,-0.918342611109551,,INSUFFICIENT_DATA,1.0,2026-07-21T14:38:49.823284+00:00
SHADOW_MEAN_REVERT,LONDON/RANGE/NORMAL/BTC_RISING,11,0,0,11,0.9090909090909091,0.7607608829817011,0.7122610321248294,,INSUFFICIENT_DATA,1.0,2026-07-21T14:59:42.559030+00:00
SHADOW_MEAN_REVERT,LONDON/MARKDOWN/CASCADE/BTC_RISING,4,0,0,4,0.5,0.2367187962798405,0.7887949963497652,,INSUFFICIENT_DATA,1.0,2026-07-21T14:49:12.006570+00:00
SHADOW_MEAN_REVERT,LONDON/MARKDOWN/EXPANDED/BTC_RISING,2,0,0,2,0.0,-0.5285215366705475,-0.7632696665443248,,INSUFFICIENT_DATA,0.0,2026-07-21T12:27:28.521810+00:00
SHADOW_MEAN_REVERT,LONDON/QUIET/NORMAL/BTC_RISING,1,0,0,1,1.0,1.3520000000000107,0.8347053012841591,,INSUFFICIENT_DATA,1.0,2026-07-21T12:06:37.332619+00:00
SHADOW_MEAN_REVERT,OVERLAP/QUIET/NORMAL/BTC_RISING,3,0,0,3,1.0,1.3520000000000107,0.8347053012841591,,INSUFFICIENT_DATA,1.0,2026-07-21T16:37:58.795591+00:00
SHADOW_MEAN_REVERT,OVERLAP/MARKDOWN/COMPRESSED/BTC_RISING,1,0,0,1,0.0,-1.0,-1.6580734406438633,,INSUFFICIENT_DATA,0.0,2026-07-21T18:26:55.857031+00:00
SHADOW_MEAN_REVERT,NY/QUIET/COMPRESSED/BTC_RISING,7,0,0,7,0.7142857142857143,0.49513323323205566,0.19366894974446325,,INSUFFICIENT_DATA,1.0,2026-07-22T00:11:43.013001+00:00
SHADOW_MEAN_REVERT,ASIA/MARKUP/COMPRESSED/BTC_RISING,1,0,0,1,0.0,-1.0,-1.0669006112746289,,INSUFFICIENT_DATA,0.0,2026-07-22T03:10:54.637098+00:00
SHADOW_MEAN_REVERT,ASIA/RANGE/EXPANDED/BTC_RISING,1,0,0,1,1.0,3.0401377075739275,4.241693037974689,,INSUFFICIENT_DATA,1.0,2026-07-22T03:16:02.491038+00:00
SHADOW_MEAN_REVERT,ASIA/MARKDOWN/COMPRESSED/BTC_RISING,2,0,0,2,0.0,-1.0,-1.3230969246242672,,INSUFFICIENT_DATA,0.0,2026-07-22T05:13:40.524298+00:00
SHADOW_RANGE_FADE,OVERLAP/MARKUP/NORMAL/BTC_NEUTRAL,23,0,0,23,0.6521739130434783,2.0175604064022234,4.550038483936339,1.2970100976292385,STRONG,0.9987314240617062,2026-07-23T19:09:16.569586+00:00
SHADOW_RANGE_FADE,NY/MARKUP/NORMAL/BTC_NEUTRAL,33,0,0,33,0.696969696969697,1.0917386211455615,5.246652187173622,0.7640588702938931,STRONG,0.9903716544179536,2026-07-24T01:19:27.933538+00:00
SHADOW_RANGE_FADE,NY/MARKDOWN/EXPANDED/BTC_NEUTRAL,27,0,0,27,0.7037037037037037,1.0852561451236633,2.739777738941962,0.7189399075166141,STRONG,0.9905486887723248,2026-07-24T00:16:59.036316+00:00
SHADOW_RANGE_FADE,ASIA/QUIET/NORMAL/BTC_NEUTRAL,50,0,0,50,0.58,0.6243898368892004,0.3188552903289509,0.39436519727992975,STRONG,1.0,2026-07-23T08:06:08.671099+00:00
SHADOW_RANGE_FADE,OVERLAP/RANGE/NORMAL/BTC_NEUTRAL,32,0,0,32,0.53125,0.7403618680525783,1.4211557853000418,0.37337731648036565,STRONG,0.9900619991120474,2026-07-23T19:40:38.557055+00:00
SHADOW_RANGE_FADE,NY/MARKDOWN/NORMAL/BTC_NEUTRAL,28,0,0,28,0.4642857142857143,0.7456187173001191,1.1794740571620779,0.28618011786963593,STRONG,0.9943780366868082,2026-07-23T21:56:08.170759+00:00
SHADOW_RANGE_FADE,NY/MARKDOWN/COMPRESSED/BTC_NEUTRAL,27,0,0,27,0.37037037037037035,0.7485525172991191,2.0694743951180414,0.23794762424009452,POSITIVE,1.0,2026-07-23T23:09:08.900805+00:00
SHADOW_RANGE_FADE,ASIA/MARKUP/CASCADE/BTC_NEUTRAL,24,0,0,24,0.5,0.6469063794358653,0.1985593686681383,0.2328346842937979,POSITIVE,1.0,2026-07-23T06:16:27.407352+00:00
SHADOW_RANGE_FADE,ASIA/RANGE/EXPANDED/BTC_NEUTRAL,26,0,0,26,0.5384615384615384,0.539807664710217,1.1945956995029927,0.19189519049781484,POSITIVE,0.984147918469841,2026-07-23T10:43:50.237120+00:00
SHADOW_RANGE_FADE,LONDON/VOLATILE_EXPANSION/CASCADE/BTC_NEUTRAL,22,0,0,22,0.5,0.5803657175981478,2.350492342853521,0.1571925839785676,POSITIVE,0.9977396700163138,2026-07-23T13:58:52.214810+00:00
SHADOW_RANGE_FADE,ASIA/MARKUP/NORMAL/BTC_NEUTRAL,32,0,0,32,0.4375,0.4400396073031317,-0.34565234966852276,0.0889925156793061,POSITIVE,1.0,2026-07-23T10:07:24.082209+00:00
SHADOW_RANGE_FADE,OVERLAP/MARKDOWN/CASCADE/BTC_NEUTRAL,26,0,0,26,0.46153846153846156,0.41372747787750647,1.2315192017589982,0.04562396143702829,FLAT,0.9844860150567951,2026-07-23T19:14:28.797930+00:00
SHADOW_RANGE_FADE,OVERLAP/MARKDOWN/NORMAL/BTC_NEUTRAL,21,0,0,21,0.42857142857142855,0.3645277915210715,0.8634035884337719,0.03487510580258085,FLAT,0.9925316078398355,2026-07-23T18:38:05.599979+00:00
SHADOW_RANGE_FADE,NY/VOLATILE_EXPANSION/CASCADE/BTC_NEUTRAL,41,0,0,41,0.4634146341463415,0.30900809035136473,0.3067681564858431,0.03364948898008335,FLAT,0.9908742067008277,2026-07-24T00:11:48.412849+00:00
SHADOW_RANGE_FADE,NY/MARKUP/CASCADE/BTC_NEUTRAL,23,0,0,23,0.43478260869565216,0.4035192786655794,1.2131254823669104,0.029816741145973324,FLAT,0.9971505253963645,2026-07-23T22:11:46.238203+00:00
SHADOW_RANGE_FADE,NY/MARKUP/EXPANDED/BTC_NEUTRAL,30,0,0,30,0.5,0.2546472930153211,1.1966139441106811,0.005020875376719469,FLAT,0.9861801500687531,2026-07-24T01:56:09.824609+00:00
SHADOW_RANGE_FADE,ASIA/QUIET/NORMAL/BTC_RISING,16,0,0,16,0.4375,0.5015107938563521,0.060479523523781026,-0.0007421049359267462,FLAT,1.0,2026-07-22T06:50:56.781464+00:00
SHADOW_RANGE_FADE,OVERLAP/MARKUP/CASCADE/BTC_NEUTRAL,50,0,0,50,0.4,0.24728116683312137,0.7474045858296355,-0.013465940021205491,FLAT,0.9911623626272524,2026-07-23T19:04:03.835752+00:00
SHADOW_RANGE_FADE,ASIA/MARKDOWN/NORMAL/BTC_NEUTRAL,28,0,0,28,0.39285714285714285,0.30406225495329037,-0.2493503298792245,-0.03362299850441064,FLAT,0.9898177420587959,2026-07-23T09:34:39.041454+00:00
SHADOW_RANGE_FADE,NY/RANGE/EXPANDED/BTC_NEUTRAL,50,0,0,50,0.4,0.1818512997596889,0.6980200721934792,-0.06401217085128241,NEGATIVE,0.9954465243609336,2026-07-23T01:21:06.535122+00:00
SHADOW_RANGE_FADE,OVERLAP/RANGE/EXPANDED/BTC_NEUTRAL,36,0,0,36,0.3888888888888889,0.24305048328207976,0.9228587333147298,-0.07101085636176974,NEGATIVE,0.995090394113314,2026-07-23T19:35:24.267526+00:00
SHADOW_RANGE_FADE,ASIA/VOLATILE_EXPANSION/CASCADE/BTC_NEUTRAL,40,0,0,40,0.35,0.18925414860076514,0.48084366146235424,-0.12425592186555612,NEGATIVE,0.997707343370657,2026-07-23T09:19:03.994349+00:00
SHADOW_RANGE_FADE,NY/QUIET/COMPRESSED/BTC_RISING,16,0,0,16,0.375,0.3695352292020577,-0.2945214597927688,-0.13486698077412507,NEGATIVE,1.0,2026-07-22T01:07:54.999201+00:00
SHADOW_RANGE_FADE,ASIA/RANGE/EXPANDED/BTC_FALLING,19,0,0,19,0.42105263157894735,0.1804994077496547,0.3246011376525631,-0.16154517962132559,NEGATIVE,1.0,2026-07-17T10:39:39.390320+00:00
SHADOW_RANGE_FADE,LONDON/RANGE/NORMAL/BTC_NEUTRAL,50,0,0,50,0.28,0.20382630028844556,0.9708629834598529,-0.1635708776778385,NEGATIVE,1.0,2026-07-23T15:33:41.898853+00:00
SHADOW_RANGE_FADE,NY/RANGE/NORMAL/BTC_NEUTRAL,50,0,0,50,0.36,0.06632767750802211,-0.11129305320592495,-0.1659955430734552,NEGATIVE,0.9953626402094471,2026-07-24T01:35:17.963539+00:00
SHADOW_RANGE_FADE,LONDON/MARKDOWN/EXPANDED/BTC_NEUTRAL,16,0,0,16,0.375,0.241293160583782,2.0406272564227557,-0.19806803231865217,NEGATIVE,0.9922912973093871,2026-07-22T14:38:22.078692+00:00
SHADOW_RANGE_FADE,LONDON/RANGE/EXPANDED/BTC_NEUTRAL,23,0,0,23,0.34782608695652173,0.17468693229258547,0.9832112841259939,-0.24225452749422954,NEGATIVE,0.9962471533700762,2026-07-22T15:35:42.947628+00:00
SHADOW_RANGE_FADE,OVERLAP/MARKDOWN/COMPRESSED/BTC_NEUTRAL,16,0,0,16,0.25,0.3918082850245414,0.9226759140911754,-0.25971469726288887,NEGATIVE,1.0,2026-07-23T16:37:22.150348+00:00
SHADOW_RANGE_FADE,LONDON/RANGE/NORMAL/BTC_FALLING,21,0,0,21,0.3333333333333333,-0.04455931237514334,-0.02956870006973716,-0.32270581547069993,NEGATIVE,1.0,2026-07-17T14:51:42.694932+00:00
SHADOW_RANGE_FADE,LONDON/MARKUP/EXPANDED/BTC_NEUTRAL,17,0,0,17,0.35294117647058826,-0.05522708946156539,0.9356960556186961,-0.33397759761397394,NEGATIVE,0.9884445110693119,2026-07-23T14:14:38.875602+00:00
SHADOW_RANGE_FADE,NY/MARKUP/EXPANDED/BTC_RISING,19,0,0,19,0.3684210526315789,-0.23611699298365932,-0.6270756744281729,-0.369081287959496,NEGATIVE,1.0,2026-07-21T21:53:07.246105+00:00
SHADOW_RANGE_FADE,OVERLAP/VOLATILE_EXPANSION/CASCADE/BTC_FALLING,22,0,0,22,0.3181818181818182,-0.07690347175682853,0.16880112197452357,-0.37078095694758895,NEGATIVE,1.0,2026-07-17T19:28:08.835585+00:00
SHADOW_RANGE_FADE,ASIA/QUIET/COMPRESSED/BTC_NEUTRAL,50,0,0,50,0.28,-0.14493418654073556,-0.20872218326867345,-0.38258645801420477,NEGATIVE,1.0,2026-07-23T10:38:38.940928+00:00
SHADOW_RANGE_FADE,LONDON/QUIET/COMPRESSED/BTC_NEUTRAL,50,0,0,50,0.32,-0.22794228080016476,-0.019856635377819704,-0.3885454026671893,NEGATIVE,0.9884660412612725,2026-07-23T15:07:33.312317+00:00
SHADOW_RANGE_FADE,OVERLAP/QUIET/NORMAL/BTC_NEUTRAL,27,0,0,27,0.3333333333333333,-0.14049754734515202,-0.10463644598371243,-0.3887090912277548,NEGATIVE,1.0,2026-07-23T19:35:24.267347+00:00
SHADOW_RANGE_FADE,OVERLAP/QUIET/EXPANDED/BTC_NEUTRAL,18,0,0,18,0.3333333333333333,-0.08581697008278567,-0.061441217670258105,-0.39420425621181926,NEGATIVE,1.0,2026-07-23T19:09:16.568583+00:00
SHADOW_RANGE_FADE,OVERLAP/VOLATILE_EXPANSION/CASCADE/BTC_NEUTRAL,50,0,0,50,0.3,-0.18935030593362467,0.20258335839237737,-0.4000162764593963,NEGATIVE,0.9857409952503206,2026-07-23T19:56:14.389229+00:00
SHADOW_RANGE_FADE,NY/QUIET/COMPRESSED/BTC_NEUTRAL,50,0,0,50,0.26,-0.17072592906754783,0.2903924793981439,-0.4090242971847716,NEGATIVE,0.9964669450551622,2026-07-24T01:40:30.562789+00:00
SHADOW_RANGE_FADE,ASIA/RANGE/NORMAL/BTC_NEUTRAL,50,0,0,50,0.14,-0.21480756475077847,0.30812646471850436,-0.4328238105586222,NEGATIVE,1.0,2026-07-23T10:38:38.941266+00:00
SHADOW_RANGE_FADE,NY/RANGE/EXPANDED/BTC_RISING,15,0,0,15,0.26666666666666666,-0.2659483771710567,-1.1783334585200511,-0.46921225250299325,NEGATIVE,1.0,2026-07-22T01:18:11.186550+00:00
SHADOW_RANGE_FADE,OFF_HOURS/QUIET/COMPRESSED/BTC_NEUTRAL,50,0,0,50,0.26,-0.27332025985777636,0.11043269947844792,-0.4757392665141139,NEGATIVE,1.0,2026-07-24T03:40:17.125199+00:00
SHADOW_RANGE_FADE,OVERLAP/QUIET/COMPRESSED/BTC_NEUTRAL,19,0,0,19,0.21052631578947367,-0.1163343554372359,0.0671223790265338,-0.4940723829505468,NEGATIVE,1.0,2026-07-23T16:37:22.149847+00:00
SHADOW_RANGE_FADE,ASIA/MARKDOWN/CASCADE/BTC_FALLING,15,0,0,15,0.26666666666666666,-0.26882197164555444,-0.29199240150135136,-0.5435117622816905,NEGATIVE,1.0,2026-07-17T10:08:48.481442+00:00
SHADOW_RANGE_FADE,LONDON/MARKDOWN/NORMAL/BTC_FALLING,18,0,0,18,0.2222222222222222,-0.5064211590810513,-0.6016964948427685,-0.6004800301813131,NEGATIVE,1.0,2026-07-17T13:20:14.714945+00:00
SHADOW_RANGE_FADE,OVERLAP/VOLATILE_EXPANSION/CASCADE/BTC_RISING,27,0,0,27,0.18518518518518517,-0.38991699915411543,-0.8286856846312988,-0.6271154930380127,NEGATIVE,1.0,2026-07-21T19:28:46.219325+00:00
SHADOW_RANGE_FADE,LONDON/MARKDOWN/NORMAL/BTC_NEUTRAL,24,0,0,24,0.16666666666666666,-0.38688083191113415,-0.1820175337862695,-0.6544335299427123,NEGATIVE,1.0,2026-07-20T15:55:41.056356+00:00
SHADOW_RANGE_FADE,NY/QUIET/EXPANDED/BTC_NEUTRAL,17,0,0,17,0.17647058823529413,-0.3897430603916074,-0.25908843475867677,-0.6956460118398824,NEGATIVE,1.0,2026-07-23T20:38:05.478512+00:00
SHADOW_RANGE_FADE,ASIA/RANGE/NORMAL/BTC_FALLING,39,0,0,39,0.15384615384615385,-0.5770928138952287,-1.0051672654063002,-0.7001401247909633,NEGATIVE,1.0,2026-07-17T10:54:54.795825+00:00
SHADOW_RANGE_FADE,OFF_HOURS/RANGE/NORMAL/BTC_NEUTRAL,15,0,0,15,0.13333333333333333,-0.6577715518616315,-0.554095084726947,-0.7117227825142727,NEGATIVE,1.0,2026-07-23T03:52:45.010513+00:00
SHADOW_RANGE_FADE,ASIA/MARKDOWN/NORMAL/BTC_FALLING,35,0,0,35,0.14285714285714285,-0.6352186362236135,-0.5521447845531394,-0.738019232502287,NEGATIVE,1.0,2026-07-17T10:54:54.796293+00:00
SHADOW_RANGE_FADE,LONDON/MARKUP/CASCADE/BTC_NEUTRAL,28,0,0,28,0.14285714285714285,-0.6213201757304139,-1.8685307417156205,-0.7434689629045329,NEGATIVE,1.0,2026-07-22T15:35:42.947295+00:00
SHADOW_RANGE_FADE,LONDON/QUIET/NORMAL/BTC_NEUTRAL,45,0,0,45,0.15555555555555556,-0.6348470207045251,-0.2542272290470241,-0.7675166171010299,NEGATIVE,0.9787900469531843,2026-07-23T15:33:41.898489+00:00
SHADOW_RANGE_FADE,NY/QUIET/NORMAL/BTC_NEUTRAL,50,0,0,50,0.14,-0.6801589779928822,-0.3609277141421003,-0.8020087386301658,NEGATIVE,1.0,2026-07-24T00:37:48.005349+00:00
SHADOW_RANGE_FADE,LONDON/QUIET/COMPRESSED/BTC_FALLING,34,0,0,34,0.11764705882352941,-0.6885813148788941,-0.43142536261806486,-0.8054127133786997,NEGATIVE,1.0,2026-07-17T15:52:52.468914+00:00
SHADOW_RANGE_FADE,LONDON/QUIET/NORMAL/BTC_FALLING,24,0,0,24,0.041666666666666664,-0.8897058823529417,-0.34603338545949525,-0.9461561903960074,NEGATIVE,1.0,2026-07-17T15:22:23.898958+00:00
SHADOW_RANGE_FADE,ASIA/QUIET/NORMAL/BTC_FALLING,32,0,0,32,0.0,-1.0,-0.40456499439225047,-1.0,NEGATIVE,0.0,2026-07-17T10:54:54.796066+00:00
SHADOW_RANGE_FADE,OFF_HOURS/VOLATILE_EXPANSION/CASCADE/BTC_NEUTRAL,3,0,0,3,0.3333333333333333,0.4180851063829783,1.376782812545543,,INSUFFICIENT_DATA,1.0,2026-07-22T03:05:47.167425+00:00
SHADOW_RANGE_FADE,ASIA/MARKDOWN/EXPANDED/BTC_FALLING,9,0,0,9,0.1111111111111111,-0.7058823529411777,-0.8528842783299856,,INSUFFICIENT_DATA,1.0,2026-07-17T07:14:30.380576+00:00
SHADOW_RANGE_FADE,ASIA/VOLATILE_EXPANSION/CASCADE/BTC_FALLING,10,0,0,10,0.1,-0.6896842105263159,-0.810368019722102,,INSUFFICIENT_DATA,1.0,2026-07-17T10:24:04.075452+00:00
SHADOW_RANGE_FADE,ASIA/MARKUP/CASCADE/BTC_FALLING,4,0,0,4,1.0,2.452051744988356,5.014231507309253,,INSUFFICIENT_DATA,1.0,2026-07-17T08:16:09.530682+00:00
SHADOW_RANGE_FADE,ASIA/MARKUP/EXPANDED/BTC_FALLING,5,0,0,5,0.0,-1.0,-1.5979844590099248,,INSUFFICIENT_DATA,0.0,2026-07-17T07:50:23.301288+00:00
SHADOW_RANGE_FADE,LONDON/RANGE/EXPANDED/BTC_FALLING,6,0,0,6,0.5,0.6643240487818094,1.9794178185792506,,INSUFFICIENT_DATA,1.0,2026-07-17T15:47:45.303107+00:00
SHADOW_RANGE_FADE,LONDON/VOLATILE_EXPANSION/CASCADE/BTC_FALLING,7,0,0,7,0.2857142857142857,0.04561681515174782,0.22262178574917035,,INSUFFICIENT_DATA,1.0,2026-07-17T14:41:34.188830+00:00
SHADOW_RANGE_FADE,LONDON/MARKUP/NORMAL/BTC_NEUTRAL,12,0,0,12,0.5,0.8708838543086631,3.755484568140085,,INSUFFICIENT_DATA,0.9974551717183402,2026-07-23T15:44:16.214040+00:00
SHADOW_RANGE_FADE,LONDON/VOLATILE_EXPANSION/NORMAL/BTC_NEUTRAL,3,0,0,3,0.6666666666666666,1.0259712523108475,2.4850958797255913,,INSUFFICIENT_DATA,1.0,2026-07-19T12:38:21.103756+00:00
SHADOW_RANGE_FADE,OVERLAP/RANGE/NORMAL/BTC_FALLING,5,0,0,5,0.2,-0.26873252840929746,-0.6119149471706329,,INSUFFICIENT_DATA,1.0,2026-07-17T17:45:31.856562+00:00
SHADOW_RANGE_FADE,OVERLAP/VOLATILE_EXPANSION/NORMAL/BTC_FALLING,5,0,0,5,0.0,-1.0,-2.2038211271011017,,INSUFFICIENT_DATA,0.0,2026-07-13T19:55:11.029251+00:00
SHADOW_RANGE_FADE,OVERLAP/QUIET/COMPRESSED/BTC_FALLING,5,0,0,5,0.2,-0.4705882352941198,-0.5702374311148408,,INSUFFICIENT_DATA,1.0,2026-07-17T16:49:41.342407+00:00
SHADOW_RANGE_FADE,OVERLAP/MARKDOWN/NORMAL/BTC_FALLING,8,0,0,8,0.75,0.9027067127081319,2.723579841205648,,INSUFFICIENT_DATA,1.0,2026-07-17T17:50:47.959192+00:00
SHADOW_RANGE_FADE,OVERLAP/MARKUP/CASCADE/BTC_FALLING,3,0,0,3,0.3333333333333333,-0.5345255837059119,-0.980629565466101,,INSUFFICIENT_DATA,1.0,2026-07-13T18:54:34.813380+00:00
SHADOW_RANGE_FADE,OVERLAP/MARKDOWN/CASCADE/BTC_FALLING,9,0,0,9,0.3333333333333333,0.047334887515588196,1.1380377106740935,,INSUFFICIENT_DATA,1.0,2026-07-17T19:28:08.835204+00:00
SHADOW_RANGE_FADE,OVERLAP/VOLATILE_EXPANSION/EXPANDED/BTC_FALLING,2,0,0,2,0.0,-1.0,-2.424733911116861,,INSUFFICIENT_DATA,0.0,2026-07-13T18:54:34.814445+00:00
SHADOW_RANGE_FADE,OVERLAP/MARKUP/NORMAL/BTC_FALLING,1,0,0,1,1.0,0.09459459459458325,0.06226650062265816,,INSUFFICIENT_DATA,1.0,2026-07-13T18:59:38.986653+00:00
SHADOW_RANGE_FADE,OVERLAP/RANGE/EXPANDED/BTC_FALLING,6,0,0,6,0.16666666666666666,-0.4795176742649497,0.1622186606520015,,INSUFFICIENT_DATA,1.0,2026-07-17T19:28:08.835356+00:00
SHADOW_RANGE_FADE,NY/VOLATILE_EXPANSION/NORMAL/BTC_FALLING,1,0,0,1,0.0,-1.0,-2.424733911116861,,INSUFFICIENT_DATA,0.0,2026-07-13T20:25:35.057583+00:00
SHADOW_RANGE_FADE,NY/VOLATILE_EXPANSION/EXPANDED/BTC_FALLING,1,0,0,1,0.0,-1.0,-1.8724519510774629,,INSUFFICIENT_DATA,0.0,2026-07-13T20:25:35.057963+00:00
SHADOW_RANGE_FADE,NY/RANGE/EXPANDED/BTC_FALLING,3,0,0,3,0.6666666666666666,0.5994981037858786,1.1440419223548086,,INSUFFICIENT_DATA,1.0,2026-07-13T21:15:58.929623+00:00
SHADOW_RANGE_FADE,NY/MARKUP/CASCADE/BTC_FALLING,2,0,0,2,0.0,-1.0,-2.525363143976267,,INSUFFICIENT_DATA,0.0,2026-07-14T01:22:45.510814+00:00
SHADOW_RANGE_FADE,NY/MARKDOWN/NORMAL/BTC_FALLING,9,0,0,9,0.1111111111111111,-0.8675555555555552,-1.6521520860410939,,INSUFFICIENT_DATA,1.0,2026-07-14T01:22:45.510272+00:00
SHADOW_RANGE_FADE,NY/MARKDOWN/EXPANDED/BTC_FALLING,3,0,0,3,0.0,-1.0,-1.8724519510774629,,INSUFFICIENT_DATA,0.0,2026-07-13T21:56:21.542914+00:00
SHADOW_RANGE_FADE,NY/MARKDOWN/CASCADE/BTC_FALLING,1,0,0,1,0.0,-0.24172661870504022,-0.32119914346895856,,INSUFFICIENT_DATA,0.0,2026-07-13T21:00:53.039274+00:00
SHADOW_RANGE_FADE,NY/VOLATILE_EXPANSION/CASCADE/BTC_FALLING,1,0,0,1,1.0,0.12055974165769064,0.2515723270440149,,INSUFFICIENT_DATA,1.0,2026-07-13T22:06:25.993727+00:00
SHADOW_RANGE_FADE,NY/MARKUP/EXPANDED/BTC_FALLING,4,0,0,4,0.25,-0.04623655913978508,-0.2789923428956569,,INSUFFICIENT_DATA,1.0,2026-07-13T23:52:07.956676+00:00
SHADOW_RANGE_FADE,NY/RANGE/NORMAL/BTC_FALLING,11,0,0,11,0.5454545454545454,0.42447972761507463,0.3518646887195602,,INSUFFICIENT_DATA,1.0,2026-07-14T01:12:42.829378+00:00
SHADOW_RANGE_FADE,NY/MARKUP/NORMAL/BTC_FALLING,4,0,0,4,0.0,-0.6299636465324374,-2.0991528603360448,,INSUFFICIENT_DATA,0.0,2026-07-14T00:17:17.654590+00:00
SHADOW_RANGE_FADE,NY/QUIET/COMPRESSED/BTC_FALLING,7,0,0,7,0.0,-1.0,-2.2669390653913184,,INSUFFICIENT_DATA,0.0,2026-07-14T01:58:01.754480+00:00
SHADOW_RANGE_FADE,NY/MARKDOWN/COMPRESSED/BTC_FALLING,2,0,0,2,0.0,-1.0,-1.6692560604067157,,INSUFFICIENT_DATA,0.0,2026-07-14T00:57:38.293915+00:00
SHADOW_RANGE_FADE,OFF_HOURS/MARKUP/EXPANDED/BTC_FALLING,3,0,0,3,0.3333333333333333,-0.3117706159672285,-1.411531672409125,,INSUFFICIENT_DATA,1.0,2026-07-14T03:23:38.115274+00:00
SHADOW_RANGE_FADE,OFF_HOURS/QUIET/COMPRESSED/BTC_FALLING,7,0,0,7,0.0,-1.0,-1.3898506584226502,,INSUFFICIENT_DATA,0.0,2026-07-17T03:40:06.228988+00:00
SHADOW_RANGE_FADE,OFF_HOURS/MARKDOWN/COMPRESSED/BTC_FALLING,4,0,0,4,0.0,-1.0,-2.004236557628405,,INSUFFICIENT_DATA,0.0,2026-07-17T04:00:33.216990+00:00
SHADOW_RANGE_FADE,OFF_HOURS/MARKUP/NORMAL/BTC_FALLING,1,0,0,1,1.0,1.003392705682776,2.4276377217553646,,INSUFFICIENT_DATA,1.0,2026-07-14T03:53:53.444433+00:00
SHADOW_RANGE_FADE,OFF_HOURS/RANGE/NORMAL/BTC_FALLING,4,0,0,4,0.0,-1.0,-1.7378271599656612,,INSUFFICIENT_DATA,0.0,2026-07-17T03:14:51.650212+00:00
SHADOW_RANGE_FADE,ASIA/VOLATILE_EXPANSION/EXPANDED/BTC_NEUTRAL,2,0,0,2,0.0,-1.0,-2.424733911116861,,INSUFFICIENT_DATA,0.0,2026-07-14T06:24:53.740152+00:00
SHADOW_RANGE_FADE,ASIA/VOLATILE_EXPANSION/NORMAL/BTC_NEUTRAL,10,0,0,10,0.3,-0.3733412380489466,-0.6387982820362986,,INSUFFICIENT_DATA,1.0,2026-07-19T08:30:58.770769+00:00
SHADOW_RANGE_FADE,ASIA/MARKDOWN/CASCADE/BTC_NEUTRAL,10,0,0,10,0.4,0.13121559630603183,-0.21723234947741252,,INSUFFICIENT_DATA,0.9849771095239506,2026-07-23T07:18:47.655222+00:00
SHADOW_RANGE_FADE,ASIA/MARKDOWN/EXPANDED/BTC_NEUTRAL,9,0,0,9,0.4444444444444444,0.0642861026686343,-0.477377043823251,,INSUFFICIENT_DATA,0.9721732016420324,2026-07-23T06:37:14.069189+00:00
SHADOW_RANGE_FADE,ASIA/MARKUP/COMPRESSED/BTC_NEUTRAL,7,0,0,7,0.7142857142857143,2.1728799305721584,5.123075636027982,,INSUFFICIENT_DATA,1.0,2026-07-23T10:38:38.941101+00:00
SHADOW_RANGE_FADE,LONDON/MARKUP/COMPRESSED/BTC_NEUTRAL,7,0,0,7,0.2857142857142857,0.5036230595164245,-1.029634376807506,,INSUFFICIENT_DATA,0.9846094988178441,2026-07-23T14:41:05.906452+00:00
SHADOW_RANGE_FADE,LONDON/MARKDOWN/COMPRESSED/BTC_NEUTRAL,14,0,0,14,0.07142857142857142,-0.7576241317258964,-2.1289510548454706,,INSUFFICIENT_DATA,1.0,2026-07-23T15:38:54.746696+00:00
SHADOW_RANGE_FADE,LONDON/MARKDOWN/CASCADE/BTC_NEUTRAL,13,0,0,13,0.23076923076923078,-0.3039549158406597,-0.01939901574273711,,INSUFFICIENT_DATA,0.9912296531690896,2026-07-23T13:16:49.900719+00:00
SHADOW_RANGE_FADE,OVERLAP/MARKUP/EXPANDED/BTC_NEUTRAL,14,0,0,14,0.42857142857142855,0.25191972365086923,0.7437987211607966,,INSUFFICIENT_DATA,0.9797268497278795,2026-07-23T17:08:53.711528+00:00
SHADOW_RANGE_FADE,OVERLAP/MARKDOWN/EXPANDED/BTC_NEUTRAL,10,0,0,10,0.3,-0.07388178537865245,0.5578663599553023,,INSUFFICIENT_DATA,0.9734983455067676,2026-07-22T19:54:17.772788+00:00
SHADOW_RANGE_FADE,OVERLAP/VOLATILE_EXPANSION/EXPANDED/BTC_NEUTRAL,2,0,0,2,1.0,1.7091757387247317,3.200349446709388,,INSUFFICIENT_DATA,1.0,2026-07-14T20:00:55.797089+00:00
SHADOW_RANGE_FADE,NY/VOLATILE_EXPANSION/EXPANDED/BTC_NEUTRAL,2,0,0,2,1.0,2.3623170951382813,4.402802959324065,,INSUFFICIENT_DATA,0.9832507145398554,2026-07-23T01:36:35.217332+00:00
SHADOW_RANGE_FADE,NY/VOLATILE_EXPANSION/NORMAL/BTC_NEUTRAL,8,0,0,8,0.625,2.1695837508907436,5.695079151953151,,INSUFFICIENT_DATA,1.0,2026-07-23T01:05:33.450606+00:00
SHADOW_RANGE_FADE,OFF_HOURS/VOLATILE_EXPANSION/NORMAL/BTC_NEUTRAL,2,0,0,2,1.0,3.89244930524517,9.795756801158134,,INSUFFICIENT_DATA,1.0,2026-07-15T03:06:29.960643+00:00
SHADOW_RANGE_FADE,OFF_HOURS/MARKUP/NORMAL/BTC_NEUTRAL,8,0,0,8,0.625,2.334310950520066,8.58277518657471,,INSUFFICIENT_DATA,0.9962847362551235,2026-07-23T03:47:36.741453+00:00
SHADOW_RANGE_FADE,OFF_HOURS/MARKUP/COMPRESSED/BTC_NEUTRAL,4,0,0,4,0.5,1.5159976994112903,3.8370246224223883,,INSUFFICIENT_DATA,1.0,2026-07-22T03:31:24.033061+00:00
SHADOW_RANGE_FADE,ASIA/MARKDOWN/COMPRESSED/BTC_NEUTRAL,5,0,0,5,0.6,1.5760942544956276,3.9251679280364775,,INSUFFICIENT_DATA,1.0,2026-07-21T05:11:59.538333+00:00
SHADOW_RANGE_FADE,ASIA/MARKDOWN/COMPRESSED/BTC_RISING,1,0,0,1,0.0,-1.0,-2.9534510433386894,,INSUFFICIENT_DATA,0.0,2026-07-15T10:08:43.844586+00:00
SHADOW_RANGE_FADE,ASIA/MARKUP/NORMAL/BTC_RISING,3,0,0,3,0.3333333333333333,0.18000000000001126,0.8421655714943465,,INSUFFICIENT_DATA,1.0,2026-07-22T06:40:42.322308+00:00
SHADOW_RANGE_FADE,ASIA/RANGE/NORMAL/BTC_RISING,11,0,0,11,0.45454545454545453,0.3129459698272052,0.18019880957906587,,INSUFFICIENT_DATA,1.0,2026-07-22T06:35:34.716746+00:00
SHADOW_RANGE_FADE,ASIA/VOLATILE_EXPANSION/CASCADE/BTC_RISING,4,0,0,4,0.0,-1.0,-2.2899810301734638,,INSUFFICIENT_DATA,0.0,2026-07-21T10:02:48.485474+00:00
SHADOW_RANGE_FADE,ASIA/MARKUP/CASCADE/BTC_RISING,6,0,0,6,0.5,0.4528733825690989,0.3289104063058772,,INSUFFICIENT_DATA,1.0,2026-07-21T10:23:25.928866+00:00
SHADOW_RANGE_FADE,ASIA/MARKDOWN/EXPANDED/BTC_RISING,2,0,0,2,0.5,1.0483870967742102,-0.5633286435692758,,INSUFFICIENT_DATA,1.0,2026-07-19T06:11:18.762358+00:00
SHADOW_RANGE_FADE,ASIA/MARKUP/EXPANDED/BTC_RISING,5,0,0,5,0.4,0.3465077198493818,0.3447220234501085,,INSUFFICIENT_DATA,1.0,2026-07-22T06:09:48.422386+00:00
SHADOW_RANGE_FADE,OVERLAP/MARKUP/NORMAL/BTC_RISING,2,0,0,2,0.0,-1.0,-1.7343969573944127,,INSUFFICIENT_DATA,0.0,2026-07-15T17:18:48.822169+00:00
SHADOW_RANGE_FADE,OVERLAP/RANGE/EXPANDED/BTC_RISING,7,0,0,7,0.42857142857142855,0.24283502624632097,1.5416713921755842,,INSUFFICIENT_DATA,1.0,2026-07-21T19:39:07.233887+00:00
SHADOW_RANGE_FADE,OVERLAP/MARKDOWN/CASCADE/BTC_RISING,4,0,0,4,0.75,2.0371375198053494,4.1948889872125275,,INSUFFICIENT_DATA,1.0,2026-07-21T16:17:29.278396+00:00
SHADOW_RANGE_FADE,OVERLAP/MARKUP/CASCADE/BTC_RISING,8,0,0,8,0.125,-0.6836773700305808,-0.304598392590925,,INSUFFICIENT_DATA,1.0,2026-07-21T19:13:21.795274+00:00
SHADOW_RANGE_FADE,OVERLAP/QUIET/EXPANDED/BTC_RISING,4,0,0,4,0.5,0.27205882352941246,0.024225936127707404,,INSUFFICIENT_DATA,1.0,2026-07-21T17:34:55.768193+00:00
SHADOW_RANGE_FADE,OVERLAP/MARKDOWN/NORMAL/BTC_RISING,5,0,0,5,0.6,0.7995358377813254,2.2109580663951296,,INSUFFICIENT_DATA,1.0,2026-07-21T19:13:21.795926+00:00
SHADOW_RANGE_FADE,OVERLAP/MARKDOWN/EXPANDED/BTC_RISING,1,0,0,1,1.0,4.5920976176641775,4.360083417007809,,INSUFFICIENT_DATA,1.0,2026-07-15T19:50:50.398358+00:00
SHADOW_RANGE_FADE,NY/MARKUP/CASCADE/BTC_RISING,8,0,0,8,0.875,1.3037128827903395,3.2750539218585857,,INSUFFICIENT_DATA,1.0,2026-07-22T01:07:54.998894+00:00
SHADOW_RANGE_FADE,OFF_HOURS/MARKUP/EXPANDED/BTC_NEUTRAL,5,0,0,5,0.8,1.5082409011172457,5.778344511244991,,INSUFFICIENT_DATA,1.0,2026-07-18T03:48:33.789123+00:00
SHADOW_RANGE_FADE,ASIA/MARKUP/EXPANDED/BTC_NEUTRAL,10,0,0,10,0.6,0.9824733696317486,4.409013753782505,,INSUFFICIENT_DATA,0.994144108690671,2026-07-23T09:03:35.906370+00:00
SHADOW_RANGE_FADE,LONDON/MARKDOWN/EXPANDED/BTC_FALLING,2,0,0,2,0.0,-1.0,-0.7306778482200629,,INSUFFICIENT_DATA,0.0,2026-07-17T11:37:00.069578+00:00
SHADOW_RANGE_FADE,LONDON/MARKDOWN/CASCADE/BTC_FALLING,4,0,0,4,0.25,-0.493833400727864,-1.5457362080915864,,INSUFFICIENT_DATA,1.0,2026-07-17T15:37:37.923537+00:00
SHADOW_RANGE_FADE,LONDON/MARKUP/NORMAL/BTC_FALLING,4,0,0,4,0.0,-1.0,-0.9589202377015622,,INSUFFICIENT_DATA,0.0,2026-07-17T14:51:42.694529+00:00
SHADOW_RANGE_FADE,LONDON/QUIET/EXPANDED/BTC_NEUTRAL,8,0,0,8,0.125,-0.76384150824084,-0.4932495943678519,,INSUFFICIENT_DATA,1.0,2026-07-22T12:12:34.239845+00:00
SHADOW_RANGE_FADE,NY/MARKDOWN/CASCADE/BTC_NEUTRAL,5,0,0,5,0.8,1.2493110642898313,2.8518489951380124,,INSUFFICIENT_DATA,0.9855433757368983,2026-07-23T00:23:47.677933+00:00
SHADOW_RANGE_FADE,OFF_HOURS/QUIET/NORMAL/BTC_NEUTRAL,5,0,0,5,0.0,-1.0,-0.5162272673263535,,INSUFFICIENT_DATA,0.0,2026-07-22T03:10:54.636410+00:00
SHADOW_RANGE_FADE,OFF_HOURS/MARKDOWN/COMPRESSED/BTC_NEUTRAL,4,0,0,4,0.25,0.3492014319151775,1.633186208493114,,INSUFFICIENT_DATA,1.0,2026-07-21T03:39:48.909503+00:00
SHADOW_RANGE_FADE,OFF_HOURS/MARKDOWN/NORMAL/BTC_NEUTRAL,2,0,0,2,0.0,-1.0,-1.7739281541897036,,INSUFFICIENT_DATA,0.0,2026-07-18T02:03:26.425035+00:00
SHADOW_RANGE_FADE,OFF_HOURS/MARKUP/CASCADE/BTC_NEUTRAL,2,0,0,2,0.5,0.3235294117647005,-0.3075656993524653,,INSUFFICIENT_DATA,1.0,2026-07-18T02:47:46.372186+00:00
SHADOW_RANGE_FADE,OFF_HOURS/MARKDOWN/CASCADE/BTC_NEUTRAL,2,0,0,2,1.0,3.2994844906317153,3.75828696539965,,INSUFFICIENT_DATA,0.980434545945302,2026-07-23T02:28:33.325647+00:00
SHADOW_RANGE_FADE,OFF_HOURS/MARKDOWN/NORMAL/BTC_FALLING,5,0,0,5,0.0,-0.8349272349272345,-0.3652154674441307,,INSUFFICIENT_DATA,0.0,2026-07-17T03:40:06.228809+00:00
SHADOW_RANGE_FADE,OFF_HOURS/VOLATILE_EXPANSION/CASCADE/BTC_FALLING,2,0,0,2,0.0,-1.0,-0.2396258880408897,,INSUFFICIENT_DATA,0.0,2026-07-17T03:40:06.228667+00:00
SHADOW_RANGE_FADE,OFF_HOURS/MARKDOWN/EXPANDED/BTC_FALLING,3,0,0,3,0.6666666666666666,0.764705882352934,0.489398844370651,,INSUFFICIENT_DATA,1.0,2026-07-17T03:45:09.618800+00:00
SHADOW_RANGE_FADE,OFF_HOURS/MARKDOWN/CASCADE/BTC_FALLING,1,0,0,1,0.0,-1.0,-0.4758854214331416,,INSUFFICIENT_DATA,0.0,2026-07-17T03:45:09.618960+00:00
SHADOW_RANGE_FADE,ASIA/QUIET/COMPRESSED/BTC_FALLING,4,0,0,4,0.25,-0.33823529411764974,-0.059046443837298485,,INSUFFICIENT_DATA,1.0,2026-07-17T09:12:41.235793+00:00
SHADOW_RANGE_FADE,ASIA/MARKUP/NORMAL/BTC_FALLING,4,0,0,4,0.0,-1.0,-0.8498348959094331,,INSUFFICIENT_DATA,0.0,2026-07-17T08:16:09.535866+00:00
SHADOW_RANGE_FADE,ASIA/MARKDOWN/COMPRESSED/BTC_FALLING,4,0,0,4,0.0,-1.0,-0.743868074138172,,INSUFFICIENT_DATA,0.0,2026-07-17T09:43:14.869845+00:00
SHADOW_RANGE_FADE,ASIA/VOLATILE_EXPANSION/NORMAL/BTC_FALLING,2,0,0,2,0.5,0.8549558899844252,2.8480713811532485,,INSUFFICIENT_DATA,1.0,2026-07-17T09:02:26.431154+00:00
SHADOW_RANGE_FADE,ASIA/MARKUP/COMPRESSED/BTC_FALLING,1,0,0,1,0.0,-1.0,-0.45257177421097794,,INSUFFICIENT_DATA,0.0,2026-07-17T08:16:09.531303+00:00
SHADOW_RANGE_FADE,LONDON/MARKDOWN/COMPRESSED/BTC_FALLING,3,0,0,3,0.3333333333333333,0.030501089324614632,-0.33750241859854313,,INSUFFICIENT_DATA,1.0,2026-07-17T12:18:27.136023+00:00
SHADOW_RANGE_FADE,LONDON/MARKUP/CASCADE/BTC_FALLING,2,0,0,2,1.0,1.6932519223735,1.6749790529802542,,INSUFFICIENT_DATA,1.0,2026-07-17T14:41:34.188665+00:00
SHADOW_RANGE_FADE,LONDON/MARKUP/COMPRESSED/BTC_FALLING,1,0,0,1,0.0,-1.0,-0.4758854214331416,,INSUFFICIENT_DATA,0.0,2026-07-17T13:51:27.809333+00:00
SHADOW_RANGE_FADE,LONDON/MARKUP/EXPANDED/BTC_FALLING,2,0,0,2,1.0,1.546732502293449,1.3282953052057418,,INSUFFICIENT_DATA,1.0,2026-07-17T15:07:00.828456+00:00
SHADOW_RANGE_FADE,OVERLAP/QUIET/NORMAL/BTC_FALLING,3,0,0,3,0.0,-1.0,-0.35637411509328354,,INSUFFICIENT_DATA,0.0,2026-07-17T17:19:48.994314+00:00
SHADOW_RANGE_FADE,OVERLAP/MARKDOWN/COMPRESSED/BTC_FALLING,2,0,0,2,0.5,0.2871794871794803,0.30604437643458116,,INSUFFICIENT_DATA,1.0,2026-07-17T17:40:24.844216+00:00
SHADOW_RANGE_FADE,OVERLAP/MARKDOWN/EXPANDED/BTC_FALLING,2,0,0,2,0.0,-1.0,-0.39465641060928486,,INSUFFICIENT_DATA,0.0,2026-07-17T17:19:48.994440+00:00
SHADOW_RANGE_FADE,OVERLAP/MARKUP/EXPANDED/BTC_FALLING,1,0,0,1,0.0,-1.0,-0.4758854214331416,,INSUFFICIENT_DATA,0.0,2026-07-17T19:28:08.835679+00:00
SHADOW_RANGE_FADE,OVERLAP/MARKUP/COMPRESSED/BTC_NEUTRAL,5,0,0,5,0.6,1.542263093277284,3.6194702184402394,,INSUFFICIENT_DATA,1.0,2026-07-20T18:39:55.097681+00:00
SHADOW_RANGE_FADE,NY/QUIET/NORMAL/BTC_RISING,10,0,0,10,0.9,1.8308998302207584,0.7509041078830299,,INSUFFICIENT_DATA,1.0,2026-07-21T20:35:53.514781+00:00
SHADOW_RANGE_FADE,NY/MARKUP/NORMAL/BTC_RISING,6,0,0,6,0.6666666666666666,1.4539237879645615,0.37328921384847574,,INSUFFICIENT_DATA,1.0,2026-07-22T01:18:11.186067+00:00
SHADOW_RANGE_FADE,NY/MARKDOWN/NORMAL/BTC_RISING,6,0,0,6,0.0,-1.0,-1.884122213847469,,INSUFFICIENT_DATA,0.0,2026-07-18T23:05:27.054053+00:00
SHADOW_RANGE_FADE,NY/RANGE/NORMAL/BTC_RISING,11,0,0,11,0.6363636363636364,0.928421415198528,0.9201527591968227,,INSUFFICIENT_DATA,1.0,2026-07-21T23:35:52.155285+00:00
SHADOW_RANGE_FADE,NY/MARKDOWN/COMPRESSED/BTC_RISING,6,0,0,6,0.5,1.6984028638303552,4.11799547391379,,INSUFFICIENT_DATA,1.0,2026-07-21T21:53:07.245026+00:00
SHADOW_RANGE_FADE,NY/MARKUP/COMPRESSED/BTC_RISING,1,0,0,1,0.0,-1.0,-2.0077511034556914,,INSUFFICIENT_DATA,0.0,2026-07-19T00:36:32.751828+00:00
SHADOW_RANGE_FADE,NY/VOLATILE_EXPANSION/CASCADE/BTC_RISING,3,0,0,3,0.6666666666666666,1.702776654258897,3.7107296461902646,,INSUFFICIENT_DATA,1.0,2026-07-20T20:18:00.375736+00:00
SHADOW_RANGE_FADE,OFF_HOURS/QUIET/NORMAL/BTC_RISING,4,0,0,4,1.0,2.46201188455014,1.0631040836006593,,INSUFFICIENT_DATA,1.0,2026-07-19T03:43:55.130828+00:00
SHADOW_RANGE_FADE,OFF_HOURS/MARKUP/NORMAL/BTC_RISING,3,0,0,3,1.0,2.322580645161325,1.026811180832863,,INSUFFICIENT_DATA,1.0,2026-07-19T03:13:33.104678+00:00
SHADOW_RANGE_FADE,OFF_HOURS/QUIET/COMPRESSED/BTC_RISING,1,0,0,1,1.0,2.2719298245614636,0.9706190975865784,,INSUFFICIENT_DATA,1.0,2026-07-19T03:43:55.130557+00:00
SHADOW_RANGE_FADE,ASIA/RANGE/EXPANDED/BTC_RISING,3,0,0,3,0.0,-0.9017031630170318,-1.6804490869188384,,INSUFFICIENT_DATA,0.0,2026-07-22T04:58:23.635685+00:00
SHADOW_RANGE_FADE,ASIA/QUIET/COMPRESSED/BTC_RISING,6,0,0,6,0.5,0.6359649122807318,0.1347756109311117,,INSUFFICIENT_DATA,1.0,2026-07-22T04:07:16.236130+00:00
SHADOW_RANGE_FADE,ASIA/MARKDOWN/NORMAL/BTC_RISING,3,0,0,3,1.0,2.572195361073811,2.7424256495375086,,INSUFFICIENT_DATA,1.0,2026-07-19T06:41:39.642058+00:00
SHADOW_RANGE_FADE,ASIA/QUIET/EXPANDED/BTC_NEUTRAL,5,0,0,5,0.2,-0.39999999999999425,-0.3507498234830376,,INSUFFICIENT_DATA,1.0,2026-07-22T07:42:20.119300+00:00
SHADOW_RANGE_FADE,LONDON/VOLATILE_EXPANSION/COMPRESSED/BTC_NEUTRAL,1,0,0,1,0.0,-0.28077455048409683,-0.6970316067780407,,INSUFFICIENT_DATA,0.0,2026-07-19T12:07:43.261267+00:00
SHADOW_RANGE_FADE,OFF_HOURS/RANGE/EXPANDED/BTC_NEUTRAL,2,0,0,2,1.0,3.181818181818083,0.9446301409678753,,INSUFFICIENT_DATA,1.0,2026-07-20T02:41:31.599631+00:00
SHADOW_RANGE_FADE,OFF_HOURS/QUIET/EXPANDED/BTC_NEUTRAL,2,0,0,2,0.0,-1.0,-0.2968837585899129,,INSUFFICIENT_DATA,0.0,2026-07-20T03:42:32.248645+00:00
SHADOW_RANGE_FADE,NY/MARKUP/COMPRESSED/BTC_NEUTRAL,2,0,0,2,0.5,1.6074558941333845,4.59002294420545,,INSUFFICIENT_DATA,1.0,2026-07-24T01:09:03.523650+00:00
SHADOW_RANGE_FADE,ASIA/MARKUP/COMPRESSED/BTC_RISING,2,0,0,2,0.0,-1.0,-0.9900235933559378,,INSUFFICIENT_DATA,0.0,2026-07-22T04:02:03.394868+00:00
SHADOW_RANGE_FADE,LONDON/QUIET/NORMAL/BTC_RISING,5,0,0,5,0.0,-1.0,-0.7776671691332108,,INSUFFICIENT_DATA,0.0,2026-07-21T15:04:51.392779+00:00
SHADOW_RANGE_FADE,LONDON/MARKDOWN/CASCADE/BTC_RISING,6,0,0,6,0.16666666666666666,-0.5867208672086742,-1.0619761863787558,,INSUFFICIENT_DATA,1.0,2026-07-21T14:01:31.241693+00:00
SHADOW_RANGE_FADE,LONDON/VOLATILE_EXPANSION/CASCADE/BTC_RISING,7,0,0,7,0.14285714285714285,-0.4776854928017723,0.2938813120836183,,INSUFFICIENT_DATA,1.0,2026-07-21T15:36:24.382954+00:00
SHADOW_RANGE_FADE,LONDON/MARKUP/CASCADE/BTC_RISING,6,0,0,6,0.3333333333333333,0.2248932251871063,1.4908608838740152,,INSUFFICIENT_DATA,1.0,2026-07-21T14:49:11.972203+00:00
SHADOW_RANGE_FADE,LONDON/MARKDOWN/EXPANDED/BTC_RISING,2,0,0,2,0.0,-1.0,-1.8155081109689484,,INSUFFICIENT_DATA,0.0,2026-07-21T14:27:58.822674+00:00
SHADOW_RANGE_FADE,LONDON/QUIET/COMPRESSED/BTC_RISING,1,0,0,1,0.0,-1.0,-1.5747676202508758,,INSUFFICIENT_DATA,0.0,2026-07-21T11:55:57.529746+00:00
SHADOW_RANGE_FADE,LONDON/QUIET/EXPANDED/BTC_RISING,4,0,0,4,0.0,-1.0,-0.7659198631241372,,INSUFFICIENT_DATA,0.0,2026-07-21T14:38:49.712474+00:00
SHADOW_RANGE_FADE,LONDON/MARKUP/EXPANDED/BTC_RISING,3,0,0,3,0.3333333333333333,-0.437563243155728,-1.513263944653828,,INSUFFICIENT_DATA,1.0,2026-07-21T14:49:11.972522+00:00
SHADOW_RANGE_FADE,LONDON/VOLATILE_EXPANSION/NORMAL/BTC_RISING,1,0,0,1,1.0,0.17095115681234385,0.36034896952839485,,INSUFFICIENT_DATA,1.0,2026-07-21T13:29:53.505803+00:00
SHADOW_RANGE_FADE,LONDON/RANGE/NORMAL/BTC_RISING,1,0,0,1,0.0,-1.0,-0.8246563931695051,,INSUFFICIENT_DATA,0.0,2026-07-21T13:34:59.541349+00:00
SHADOW_RANGE_FADE,LONDON/RANGE/EXPANDED/BTC_RISING,3,0,0,3,0.3333333333333333,-0.5282315849813695,-0.09021477745106272,,INSUFFICIENT_DATA,1.0,2026-07-21T15:36:24.384693+00:00
SHADOW_RANGE_FADE,LONDON/MARKUP/NORMAL/BTC_RISING,1,0,0,1,1.0,0.11480114801147938,0.36509675063891966,,INSUFFICIENT_DATA,1.0,2026-07-21T15:51:46.826083+00:00
SHADOW_RANGE_FADE,OVERLAP/QUIET/NORMAL/BTC_RISING,7,0,0,7,0.0,-1.0,-0.7071833330787693,,INSUFFICIENT_DATA,0.0,2026-07-21T19:39:07.234005+00:00
SHADOW_RANGE_FADE,OVERLAP/MARKDOWN/COMPRESSED/BTC_RISING,1,0,0,1,0.0,-1.0,-2.191523572226387,,INSUFFICIENT_DATA,0.0,2026-07-21T16:48:19.011675+00:00
SHADOW_RANGE_FADE,OVERLAP/MARKUP/EXPANDED/BTC_RISING,2,0,0,2,0.5,-0.09681372549019757,0.017566435357868948,,INSUFFICIENT_DATA,1.0,2026-07-21T19:49:22.646527+00:00
SHADOW_RANGE_FADE,OVERLAP/RANGE/NORMAL/BTC_RISING,1,0,0,1,0.0,-1.0,-0.8246563931695051,,INSUFFICIENT_DATA,0.0,2026-07-21T19:39:07.234115+00:00
SHADOW_RANGE_FADE,NY/QUIET/EXPANDED/BTC_RISING,1,0,0,1,0.0,-1.0,-0.7071833330787692,,INSUFFICIENT_DATA,0.0,2026-07-21T21:37:49.028007+00:00
SHADOW_RANGE_FADE,OFF_HOURS/RANGE/NORMAL/BTC_RISING,1,0,0,1,0.0,-1.0,-0.9351108864598563,,INSUFFICIENT_DATA,0.0,2026-07-22T03:31:24.036073+00:00
SHADOW_RANGE_FADE,ASIA/MARKDOWN/CASCADE/BTC_RISING,1,0,0,1,1.0,2.087443946188321,2.5065963060685985,,INSUFFICIENT_DATA,1.0,2026-07-22T05:59:36.944487+00:00
SHADOW_RANGE_FADE,OVERLAP/VOLATILE_EXPANSION/NORMAL/BTC_NEUTRAL,1,0,0,1,1.0,4.854189189189174,9.305958549222794,,INSUFFICIENT_DATA,0.9841369863013698,2026-07-22T16:27:38.635501+00:00
SR_FLIP_RETEST,ASIA/VOLATILE_EXPANSION/CASCADE/BTC_NEUTRAL/ALTCOIN,50,0,50,0,1.0,1.223404277686607,0.6254750877449579,1.1361143406646599,STRONG,1.0,2026-07-20T02:36:26.641544+00:00
SR_FLIP_RETEST,OVERLAP/MARKDOWN/EXPANDED/BTC_RISING,50,0,50,0,1.0,1.199987234517827,0.8493562231759572,1.114368104326234,STRONG,1.0,2026-07-15T16:58:36.411560+00:00
SR_FLIP_RETEST,OFF_HOURS/MARKDOWN/COMPRESSED/BTC_NEUTRAL/MIDCAP,17,0,17,0,1.0,1.3190432631209488,1.1246022507810411,1.0759123806740427,STRONG,1.0,2026-07-21T00:48:45.063077+00:00
SR_FLIP_RETEST,LONDON/ACCUMULATION/NORMAL/BTC_NEUTRAL,50,0,50,0,1.0,1.131006231952295,0.5695779390446036,1.0503088986511313,STRONG,0.7915444709169968,2026-07-23T10:00:50.494774+00:00
SR_FLIP_RETEST,LONDON/ACCUMULATION/NORMAL/BTC_NEUTRAL/ALTCOIN,50,0,50,0,1.0,1.131006231952295,0.5695779390446036,1.0503088986511313,STRONG,0.7915444709169968,2026-07-23T10:00:50.494782+00:00
SR_FLIP_RETEST,LONDON/RANGE/NORMAL/BTC_NEUTRAL/MIDCAP,26,0,26,0,1.0,1.2000000000000088,0.9679642629227796,1.0455203474344616,STRONG,1.0,2026-07-20T11:55:31.925566+00:00
SR_FLIP_RETEST,NY/DISTRIBUTION/EXPANDED/BTC_NEUTRAL,50,0,50,0,1.0,1.1128696410565775,0.6772067828958456,1.0334663541356288,STRONG,0.9825886797724489,2026-07-22T20:09:48.922443+00:00
SR_FLIP_RETEST,NY/DISTRIBUTION/EXPANDED/BTC_NEUTRAL/ALTCOIN,50,0,50,0,1.0,1.1128696410565775,0.6772067828958456,1.0334663541356288,STRONG,0.9825886797724489,2026-07-22T20:09:48.922456+00:00
SR_FLIP_RETEST,OVERLAP/MARKDOWN/CASCADE/BTC_RISING,36,0,36,0,1.0,1.126394378568271,0.7249736670416019,1.0177853707797315,STRONG,1.0,2026-07-15T15:52:56.628179+00:00
SR_FLIP_RETEST,NY/RANGE/EXPANDED/BTC_RISING,39,0,39,0,0.9743589743589743,1.1435897435897318,0.5659616581215298,1.0161835366154381,STRONG,1.0,2026-07-15T17:59:18.204797+00:00
SR_FLIP_RETEST,NY/ACCUMULATION/NORMAL/BTC_RISING,16,0,16,0,1.0,1.200000013297775,1.2020992496131817,0.9676639087958835,STRONG,1.0,2026-07-15T17:59:18.205766+00:00
SR_FLIP_RETEST,ASIA/DISTRIBUTION/EXPANDED/BTC_NEUTRAL,50,0,50,0,0.92,1.087566544913172,0.6768796029089278,0.9575049153825631,STRONG,1.0,2026-07-23T05:24:21.514160+00:00
SR_FLIP_RETEST,ASIA/DISTRIBUTION/EXPANDED/BTC_NEUTRAL/ALTCOIN,50,0,50,0,0.92,1.087566544913172,0.6768796029089278,0.9575049153825631,STRONG,1.0,2026-07-23T05:24:21.514185+00:00
SR_FLIP_RETEST,ASIA/RANGE/NORMAL/BTC_NEUTRAL,50,0,50,0,1.0,0.995804295342016,0.9715418615550029,0.9247536248384297,STRONG,1.0,2026-07-22T07:32:02.216050+00:00
SR_FLIP_RETEST,NY/RANGE/NORMAL/BTC_RISING/ALTCOIN,23,0,23,0,1.0,1.0703924590097447,0.6129653736006244,0.9171966856381187,STRONG,1.0,2026-07-21T18:52:49.105783+00:00
SR_FLIP_RETEST,ASIA/RANGE/NORMAL/BTC_NEUTRAL/ALTCOIN,50,0,50,0,1.0,0.9284819277108539,0.7979860139860158,0.8622347104384471,STRONG,1.0,2026-07-22T07:32:02.216057+00:00
SR_FLIP_RETEST,LONDON/VOLATILE_EXPANSION/CASCADE/BTC_NEUTRAL,41,0,41,0,0.8536585365853658,0.9486367177724266,1.755656700478664,0.7808790437070604,STRONG,0.9925138633367541,2026-07-23T12:55:31.444657+00:00
SR_FLIP_RETEST,OVERLAP/MARKDOWN/EXPANDED/BTC_NEUTRAL/ALTCOIN,43,0,43,0,1.0,0.8386947533126518,0.7554923597283278,0.7699112411284846,STRONG,0.8855154454144373,2026-07-23T14:04:06.420584+00:00
SR_FLIP_RETEST,NY/DISTRIBUTION/EXPANDED/BTC_RISING,32,0,32,0,1.0,0.787621233357522,0.858022701710398,0.7032018511294335,STRONG,1.0,2026-07-21T17:40:11.541374+00:00
SR_FLIP_RETEST,OVERLAP/MARKDOWN/EXPANDED/BTC_NEUTRAL,50,0,50,0,0.94,0.7812774878488787,0.662151508184096,0.6898347116409977,STRONG,0.8942267323875347,2026-07-23T14:04:06.420572+00:00
SR_FLIP_RETEST,ASIA/QUIET/COMPRESSED/BTC_FALLING,47,0,47,0,1.0,0.7147117949116908,0.4896925418116542,0.6607080493306557,STRONG,1.0,2026-07-17T06:49:54.223570+00:00
SR_FLIP_RETEST,ASIA/VOLATILE_EXPANSION/CASCADE/BTC_NEUTRAL,50,0,50,0,0.76,0.7903159072938828,0.5947449676356281,0.6293605149292835,STRONG,1.0,2026-07-20T03:17:04.791309+00:00
SR_FLIP_RETEST,ASIA/VOLATILE_EXPANSION/CASCADE/BTC_NEUTRAL/MIDCAP,50,0,50,0,0.76,0.7903159072938828,0.5947449676356281,0.6293605149292835,STRONG,1.0,2026-07-20T03:17:04.791327+00:00
SR_FLIP_RETEST,NY/MARKDOWN/NORMAL/BTC_RISING,50,0,50,0,0.98,0.6733588713278509,0.6502906459912061,0.6132511204781759,STRONG,1.0,2026-07-18T20:56:57.486208+00:00
SR_FLIP_RETEST,NY/DISTRIBUTION/EXPANDED/BTC_RISING/MAJOR,28,0,28,0,1.0,0.693952985398288,0.8775045898781572,0.6102294982397889,STRONG,1.0,2026-07-21T17:29:46.584332+00:00
SR_FLIP_RETEST,ASIA/ACCUMULATION/EXPANDED/BTC_FALLING,50,0,50,0,0.92,0.6643075153079968,0.32638857695746054,0.5821067455334038,STRONG,1.0,2026-07-13T04:32:57.645324+00:00
SR_FLIP_RETEST,OFF_HOURS/MARKDOWN/COMPRESSED/BTC_FALLING,50,0,50,0,0.88,0.6374094645634231,0.4921265316113845,0.5358040273060763,STRONG,1.0,2026-07-17T00:16:48.610401+00:00
SR_FLIP_RETEST,LONDON/QUIET/EXPANDED/BTC_NEUTRAL,50,0,50,0,0.88,0.6014249789839126,0.4833503350014622,0.5197562602747202,STRONG,1.0,2026-07-20T10:04:33.000395+00:00
SR_FLIP_RETEST,ASIA/DISTRIBUTION/NORMAL/BTC_NEUTRAL/ALTCOIN,50,0,50,0,0.8,0.6602964708035105,0.4480800107566389,0.5171629969544913,STRONG,1.0,2026-07-23T05:50:11.549808+00:00
SR_FLIP_RETEST,OFF_HOURS/ACCUMULATION/NORMAL/BTC_FALLING,19,0,19,0,1.0,0.5974276444942387,0.7075684265374939,0.4969496552514069,STRONG,1.0,2026-07-17T00:57:45.343160+00:00
SR_FLIP_RETEST,OVERLAP/MARKDOWN/CASCADE/BTC_NEUTRAL,50,0,50,0,0.84,0.6100447275167982,0.29904222650351553,0.48921585994131855,STRONG,0.7678418319467796,2026-07-23T15:28:22.864169+00:00
SR_FLIP_RETEST,ASIA/RANGE/EXPANDED/BTC_NEUTRAL/MAJOR,50,0,50,0,1.0,0.512272963985528,0.28734529957834365,0.47572227049858107,STRONG,1.0,2026-07-20T06:29:49.860729+00:00
SR_FLIP_RETEST,OFF_HOURS/QUIET/COMPRESSED/BTC_NEUTRAL/MIDCAP,22,0,22,0,0.7727272727272727,0.6645102887320774,0.44137487878806714,0.4681109482979826,STRONG,0.8970862310468221,2026-07-24T01:03:52.980721+00:00
SR_FLIP_RETEST,NY/QUIET/COMPRESSED/BTC_FALLING,30,0,30,0,1.0,0.5059673366834225,0.5998436161894544,0.4485313962845337,STRONG,1.0,2026-07-13T22:26:33.572951+00:00
SR_FLIP_RETEST,NY/DISTRIBUTION/NORMAL/BTC_NEUTRAL,50,0,50,0,1.0,0.4626613559322002,0.450021100788455,0.4296504523753011,STRONG,0.7500087916860028,2026-07-23T19:45:46.954197+00:00
SR_FLIP_RETEST,NY/DISTRIBUTION/NORMAL/BTC_NEUTRAL/ALTCOIN,50,0,50,0,1.0,0.4626613559322002,0.450021100788455,0.4296504523753011,STRONG,0.7500087916860028,2026-07-23T19:45:46.954210+00:00
SR_FLIP_RETEST,LONDON/MARKDOWN/COMPRESSED/BTC_NEUTRAL,50,0,50,0,0.58,0.535999993659741,0.0791822989573377,0.3707983554179908,STRONG,1.0,2026-07-20T08:16:49.782147+00:00
SR_FLIP_RETEST,ASIA/RANGE/EXPANDED/BTC_NEUTRAL/MIDCAP,39,0,39,0,1.0,0.38905881469507636,0.2376309136872562,0.35417196773948634,STRONG,1.0,2026-07-20T04:33:13.666338+00:00
SR_FLIP_RETEST,LONDON/RANGE/NORMAL/BTC_RISING,47,0,47,0,0.7659574468085106,0.4411619356524685,0.22254056605949643,0.350945828669367,STRONG,1.0,2026-07-21T12:37:52.501355+00:00
SR_FLIP_RETEST,LONDON/RANGE/NORMAL/BTC_RISING/ALTCOIN,47,0,47,0,0.7659574468085106,0.4411619356524685,0.22254056605949643,0.350945828669367,STRONG,1.0,2026-07-21T12:37:52.501364+00:00
SR_FLIP_RETEST,NY/ACCUMULATION/NORMAL/BTC_NEUTRAL/ALTCOIN,49,0,49,0,0.6530612244897959,0.4643289986752499,0.19179419508035367,0.3159060031189314,STRONG,0.8652756618879246,2026-07-23T19:19:37.247717+00:00
SR_FLIP_RETEST,NY/ACCUMULATION/NORMAL/BTC_NEUTRAL,50,0,50,0,0.64,0.4438091282213346,0.17332019786890665,0.29682791354939964,STRONG,0.8652756618879246,2026-07-23T19:19:37.247708+00:00
SR_FLIP_RETEST,OVERLAP/QUIET/COMPRESSED/BTC_NEUTRAL,50,0,50,0,0.78,0.3792145394765226,0.29810379987863883,0.2771911700467361,STRONG,0.8120274368383197,2026-07-23T16:31:57.542930+00:00
SR_FLIP_RETEST,NY/RANGE/NORMAL/BTC_RISING,50,0,50,0,0.66,0.37969865410775283,0.206188456487927,0.2505379434762677,STRONG,1.0,2026-07-21T18:52:49.105777+00:00
SR_FLIP_RETEST,LONDON/MARKDOWN/COMPRESSED/BTC_NEUTRAL/ALTCOIN,32,0,32,0,0.46875,0.4374999900933345,-0.013217539162691087,0.24542955229623817,POSITIVE,1.0,2026-07-20T08:16:49.782157+00:00
SR_FLIP_RETEST,OFF_HOURS/MARKDOWN/NORMAL/BTC_NEUTRAL,50,0,50,0,0.66,0.38260706294740915,0.2431667405270016,0.24383395295885518,POSITIVE,0.9661378505278452,2026-07-23T23:14:19.971642+00:00
SR_FLIP_RETEST,OVERLAP/MARKDOWN/EXPANDED/BTC_FALLING,50,0,50,0,0.64,0.4080000000000078,0.2005104848736086,0.2416891441236294,POSITIVE,1.0,2026-07-17T16:39:27.079734+00:00
SR_FLIP_RETEST,OFF_HOURS/QUIET/COMPRESSED/BTC_FALLING,34,0,34,0,0.6764705882352942,0.32157045144752905,0.18151642439377333,0.2255553462242058,POSITIVE,1.0,2026-07-17T00:52:40.518672+00:00
SR_FLIP_RETEST,ASIA/QUIET/NORMAL/BTC_FALLING,50,0,50,0,0.6,0.3160459267369277,0.17636098958073554,0.21406554218138946,POSITIVE,1.0,2026-07-17T07:14:30.401085+00:00
SR_FLIP_RETEST,OVERLAP/MARKDOWN/CASCADE/BTC_NEUTRAL/ALTCOIN,50,0,50,0,0.66,0.3666380560997036,0.1833190280498474,0.19699030733405087,POSITIVE,0.8279813089908405,2026-07-23T15:17:52.326478+00:00
SR_FLIP_RETEST,NY/ACCUMULATION/NORMAL/BTC_FALLING,50,0,50,0,0.48,0.2817209063774125,0.3955307393901047,0.1823387093987418,POSITIVE,1.0,2026-07-13T21:46:16.307649+00:00
SR_FLIP_RETEST,OVERLAP/MARKDOWN/CASCADE/BTC_NEUTRAL/MIDCAP,50,0,50,0,0.74,0.2934421859356781,0.13401079782963923,0.17987843808724835,POSITIVE,0.7455639951071169,2026-07-23T15:28:22.864179+00:00
SR_FLIP_RETEST,OVERLAP/DISTRIBUTION/NORMAL/BTC_RISING,23,0,23,0,1.0,0.17578346875220152,0.09891360951017526,0.15062514087463622,POSITIVE,1.0,2026-07-21T16:53:27.674769+00:00
SR_FLIP_RETEST,OVERLAP/DISTRIBUTION/NORMAL/BTC_RISING/MIDCAP,23,0,23,0,1.0,0.17578346875220152,0.09891360951017526,0.15062514087463622,POSITIVE,1.0,2026-07-21T16:53:27.674782+00:00
SR_FLIP_RETEST,OVERLAP/ACCUMULATION/EXPANDED/BTC_NEUTRAL/ALTCOIN,17,0,17,0,0.6470588235294118,0.4235294117646788,0.35230971204757067,0.14265842418393648,POSITIVE,1.0,2026-07-20T15:40:04.121153+00:00
SR_FLIP_RETEST,OVERLAP/QUIET/NORMAL/BTC_NEUTRAL/MIDCAP,29,0,29,0,0.6896551724137931,0.2460452325577763,0.13588531521297964,0.1386054119082243,POSITIVE,0.893278036225273,2026-07-23T13:43:12.629520+00:00
SR_FLIP_RETEST,LONDON/QUIET/COMPRESSED/BTC_NEUTRAL/ALTCOIN,16,0,16,0,0.75,0.26721169404624623,0.1202787282673862,0.13808978687024434,POSITIVE,0.6372670287125196,2026-07-23T12:44:47.470700+00:00
SR_FLIP_RETEST,OVERLAP/DISTRIBUTION/NORMAL/BTC_FALLING,35,0,35,0,0.7142857142857143,0.17371521168228904,0.4792343879759514,0.12329069805150875,POSITIVE,1.0,2026-07-17T14:26:03.251754+00:00
SR_FLIP_RETEST,OVERLAP/QUIET/EXPANDED/BTC_FALLING,47,0,47,0,0.9148936170212766,0.14283225190455473,0.1278788158764133,0.11437730213906755,POSITIVE,1.0,2026-07-13T17:03:45.704781+00:00
SR_FLIP_RETEST,LONDON/MARKDOWN/NORMAL/BTC_NEUTRAL,50,0,50,0,0.72,0.21143531965088475,0.15500161598264214,0.1115693535320536,POSITIVE,0.8219341518305662,2026-07-23T12:50:00.711388+00:00
SR_FLIP_RETEST,LONDON/MARKDOWN/NORMAL/BTC_NEUTRAL/ALTCOIN,50,0,50,0,0.72,0.21143531965088475,0.15500161598264214,0.1115693535320536,POSITIVE,0.8219341518305662,2026-07-23T12:50:00.711405+00:00
SR_FLIP_RETEST,ASIA/MARKDOWN/NORMAL/BTC_FALLING,50,0,50,0,0.72,0.11775443761535774,0.08574407959767978,0.08511013536393411,POSITIVE,1.0,2026-07-17T08:00:48.094543+00:00
SR_FLIP_RETEST,LONDON/DISTRIBUTION/NORMAL/BTC_NEUTRAL,37,0,37,0,0.8108108108108109,0.15639524567455226,0.13622933939219908,0.08054247396950351,POSITIVE,0.6806355620867062,2026-07-23T13:00:55.709708+00:00
SR_FLIP_RETEST,LONDON/DISTRIBUTION/NORMAL/BTC_NEUTRAL/MIDCAP,37,0,37,0,0.8108108108108109,0.15639524567455226,0.13622933939219908,0.08054247396950351,POSITIVE,0.6806355620867062,2026-07-23T13:00:55.709714+00:00
SR_FLIP_RETEST,NY/QUIET/NORMAL/BTC_RISING,29,0,29,0,0.7241379310344828,0.1081208793895534,0.058437305657796534,0.07044762245524316,POSITIVE,1.0,2026-07-21T18:37:23.381362+00:00
SR_FLIP_RETEST,OFF_HOURS/QUIET/COMPRESSED/BTC_NEUTRAL,50,0,50,0,0.58,0.1715954683500701,0.11605501891762766,0.0585989048756862,POSITIVE,0.8640655138590702,2026-07-24T01:03:52.980674+00:00
SR_FLIP_RETEST,NY/QUIET/EXPANDED/BTC_FALLING,50,0,50,0,0.82,0.07614750942381296,0.08353243924930905,0.0513643595800191,POSITIVE,1.0,2026-07-13T19:24:49.986420+00:00
SR_FLIP_RETEST,LONDON/ACCUMULATION/EXPANDED/BTC_NEUTRAL,21,0,21,0,0.6666666666666666,0.19112538956848982,1.0541259413108286,0.023611246366291194,FLAT,1.0,2026-07-22T08:28:22.953345+00:00
SR_FLIP_RETEST,ASIA/MARKDOWN/COMPRESSED/BTC_FALLING,50,0,50,0,0.5,0.06353297413313025,0.040330274493220804,0.008090930762411297,FLAT,1.0,2026-07-17T08:00:48.094116+00:00
SR_FLIP_RETEST,NY/RANGE/EXPANDED/BTC_NEUTRAL,36,0,36,0,0.8333333333333334,-0.0026740522369107234,-0.0014102585798868579,-0.005605242034569257,FLAT,1.0,2026-07-15T17:59:18.204624+00:00
SR_FLIP_RETEST,LONDON/DISTRIBUTION/NORMAL/BTC_RISING,50,0,50,0,0.48,0.1820000006435285,0.15377985115766843,-0.011095155749212382,FLAT,1.0,2026-07-21T12:27:28.533612+00:00
SR_FLIP_RETEST,NY/RANGE/NORMAL/BTC_NEUTRAL,50,0,50,0,0.62,0.031283167243300485,0.07664187014352691,-0.021826788388187107,FLAT,1.0,2026-07-23T19:14:28.801330+00:00
SR_FLIP_RETEST,NY/MARKDOWN/EXPANDED/BTC_NEUTRAL,50,0,50,0,0.48,0.004482240618579021,-0.12161294530362587,-0.027751228109138534,FLAT,0.8147594957284543,2026-07-23T20:06:45.682192+00:00
SR_FLIP_RETEST,ASIA/QUIET/NORMAL/BTC_RISING,24,0,24,0,0.5416666666666666,0.05956919271442789,0.023897405836570716,-0.031905730026832196,FLAT,1.0,2026-07-22T02:34:47.749991+00:00
SR_FLIP_RETEST,ASIA/MARKDOWN/EXPANDED/BTC_NEUTRAL/MIDCAP,24,0,24,0,0.5416666666666666,0.14805256566815236,0.5589770136837636,-0.036432100449562355,FLAT,1.0,2026-07-24T01:56:09.862693+00:00
SR_FLIP_RETEST,OFF_HOURS/MARKDOWN/NORMAL/BTC_FALLING,50,0,50,0,0.46,0.10466251113091558,0.011003566708125285,-0.051704273647697196,NEGATIVE,1.0,2026-07-17T00:57:45.343607+00:00
SR_FLIP_RETEST,NY/QUIET/EXPANDED/BTC_NEUTRAL/MIDCAP,19,0,19,0,0.5263157894736842,0.03997780049259163,0.019957490761735037,-0.06727525616118082,NEGATIVE,1.0,2026-07-23T17:51:04.676646+00:00
SR_FLIP_RETEST,LONDON/QUIET/COMPRESSED/BTC_FALLING,17,0,17,0,0.5294117647058824,0.06287811100295079,0.13550990765536966,-0.06958686424508265,NEGATIVE,1.0,2026-07-17T12:23:40.106155+00:00
SR_FLIP_RETEST,NY/MARKDOWN/NORMAL/BTC_NEUTRAL/MIDCAP,42,0,42,0,0.5,0.09404761904760701,-0.26547619047619647,-0.07964342995405321,NEGATIVE,1.0,2026-07-23T18:43:17.153659+00:00
SR_FLIP_RETEST,LONDON/DISTRIBUTION/NORMAL/BTC_RISING/MAJOR,47,0,47,0,0.44680851063829785,0.11702127728034951,0.12529771399752015,-0.08203027675675362,NEGATIVE,1.0,2026-07-21T09:57:43.255089+00:00
SR_FLIP_RETEST,NY/QUIET/NORMAL/BTC_FALLING,50,0,50,0,0.3,0.033998350735762885,-0.00981063787607212,-0.08315979375165367,NEGATIVE,1.0,2026-07-13T22:56:45.600725+00:00
SR_FLIP_RETEST,NY/MARKDOWN/COMPRESSED/BTC_RISING,50,0,50,0,0.4,0.04997042917626573,0.09101061398724314,-0.08454127539757844,NEGATIVE,1.0,2026-07-21T20:41:05.098640+00:00
SR_FLIP_RETEST,NY/MARKDOWN/COMPRESSED/BTC_NEUTRAL/MIDCAP,27,0,27,0,0.5555555555555556,0.0639118431685435,-0.22639318444244214,-0.09010845576593474,NEGATIVE,0.8912496684100417,2026-07-23T21:09:12.102869+00:00
SR_FLIP_RETEST,OVERLAP/MARKDOWN/COMPRESSED/BTC_FALLING,50,0,50,0,0.48,0.011665924875960236,-0.19265466622185087,-0.10181614919969062,NEGATIVE,1.0,2026-07-17T14:51:42.711495+00:00
SR_FLIP_RETEST,ASIA/ACCUMULATION/NORMAL/BTC_FALLING,50,0,50,0,0.3,-0.026819706383395606,-0.03332358634008122,-0.1495949618679501,NEGATIVE,1.0,2026-07-17T07:34:57.234895+00:00
SR_FLIP_RETEST,LONDON/QUIET/NORMAL/BTC_FALLING,50,0,50,0,0.52,-0.10744643784608904,-0.0354493612348971,-0.1561467836958838,NEGATIVE,1.0,2026-07-17T12:13:11.723232+00:00
SR_FLIP_RETEST,LONDON/ACCUMULATION/NORMAL/BTC_FALLING,50,0,50,0,0.6,-0.11437073128864877,0.15091228043270785,-0.18015501213930368,NEGATIVE,1.0,2026-07-17T10:18:58.214474+00:00
SR_FLIP_RETEST,NY/MARKDOWN/NORMAL/BTC_NEUTRAL/ALTCOIN,50,0,50,0,0.96,-0.203831155893796,-0.11918418335522359,-0.1865042865960724,NEGATIVE,-2.0810014846672593,2026-07-23T19:40:38.584737+00:00
SR_FLIP_RETEST,NY/MARKDOWN/CASCADE/BTC_NEUTRAL,50,0,50,0,0.22,-0.15453936593175807,-0.10076635485387207,-0.1873551968969449,NEGATIVE,1.0,2026-07-19T19:38:43.334236+00:00
SR_FLIP_RETEST,NY/MARKDOWN/CASCADE/BTC_NEUTRAL/ALTCOIN,50,0,50,0,0.22,-0.15453936593175807,-0.10076635485387207,-0.1873551968969449,NEGATIVE,1.0,2026-07-19T19:38:43.334245+00:00
SR_FLIP_RETEST,NY/MARKDOWN/NORMAL/BTC_NEUTRAL,50,0,50,0,0.96,-0.20483115589379597,-0.1652844873065914,-0.1875042865960724,NEGATIVE,-2.0810014846672593,2026-07-23T19:40:38.584670+00:00
SR_FLIP_RETEST,OVERLAP/QUIET/NORMAL/BTC_NEUTRAL,50,0,50,0,0.34,-0.1075197404337486,-0.04345518122389906,-0.19051270371645182,NEGATIVE,0.8802547128377414,2026-07-23T13:43:12.629511+00:00
SR_FLIP_RETEST,OVERLAP/VOLATILE_EXPANSION/CASCADE/BTC_NEUTRAL/MIDCAP,50,0,50,0,0.56,-0.11313137113126114,-0.08166406222881652,-0.2020486721969328,NEGATIVE,0.6851421726006894,2026-07-23T16:16:10.077097+00:00
SR_FLIP_RETEST,OVERLAP/ACCUMULATION/NORMAL/BTC_RISING,37,0,37,0,0.5945945945945946,-0.14804564909013807,-0.01310896486138234,-0.217185315353756,NEGATIVE,1.0,2026-07-21T14:22:41.939806+00:00
SR_FLIP_RETEST,NY/ACCUMULATION/EXPANDED/BTC_NEUTRAL,50,0,50,0,0.22,-0.10617982756959474,-0.02977903808340901,-0.22203037585942442,NEGATIVE,1.0,2026-07-19T19:33:40.474183+00:00
SR_FLIP_RETEST,NY/ACCUMULATION/EXPANDED/BTC_NEUTRAL/ALTCOIN,50,0,50,0,0.22,-0.10617982756959474,-0.02977903808340901,-0.22203037585942442,NEGATIVE,1.0,2026-07-19T19:33:40.474193+00:00
SR_FLIP_RETEST,OFF_HOURS/QUIET/NORMAL/BTC_FALLING,36,0,36,0,0.3888888888888889,-0.11933084414296394,-0.009972377345510703,-0.22925848113352595,NEGATIVE,1.0,2026-07-17T00:57:45.342517+00:00
SR_FLIP_RETEST,ASIA/QUIET/COMPRESSED/BTC_NEUTRAL,50,0,50,0,0.54,-0.21756396629868802,-0.1421332139711666,-0.2378362011822614,NEGATIVE,0.3577516118256891,2026-07-24T01:29:54.867507+00:00
SR_FLIP_RETEST,ASIA/QUIET/COMPRESSED/BTC_NEUTRAL/MIDCAP,50,0,50,0,0.54,-0.21429127699998168,-0.1404903924322242,-0.23793502750299445,NEGATIVE,0.3901460428181421,2026-07-24T01:29:54.867532+00:00
SR_FLIP_RETEST,NY/QUIET/EXPANDED/BTC_NEUTRAL,50,0,50,0,0.42,-0.1964926954417543,-0.1607777095808647,-0.2398406772977817,NEGATIVE,0.8599346840431094,2026-07-23T19:14:28.803446+00:00
SR_FLIP_RETEST,NY/QUIET/COMPRESSED/BTC_RISING,50,0,50,0,0.38,-0.2232369682020534,-0.12351723015726541,-0.244016982096533,NEGATIVE,1.0,2026-07-21T22:13:43.841712+00:00
SR_FLIP_RETEST,ASIA/MARKDOWN/COMPRESSED/BTC_RISING/ALTCOIN,15,0,15,0,0.6,-0.15438103806228387,0.5368568858131508,-0.2536665972863431,NEGATIVE,1.0,2026-07-22T03:36:31.581736+00:00
SR_FLIP_RETEST,ASIA/MARKDOWN/EXPANDED/BTC_FALLING,50,0,50,0,0.36,-0.1594531686751453,-0.13313983932112355,-0.2624729113677838,NEGATIVE,1.0,2026-07-17T07:24:42.529738+00:00
SR_FLIP_RETEST,LONDON/MARKDOWN/NORMAL/BTC_FALLING,50,0,50,0,0.1,-0.24504893159664853,-0.03929497806716745,-0.2709100810989602,NEGATIVE,1.0,2026-07-17T10:39:39.396685+00:00
SR_FLIP_RETEST,OVERLAP/MARKDOWN/COMPRESSED/BTC_NEUTRAL,50,0,50,0,0.6,-0.2188364609590164,0.04594821305820249,-0.28314398631052984,NEGATIVE,0.7722150985561923,2026-07-23T15:02:18.618916+00:00
SR_FLIP_RETEST,NY/MARKDOWN/COMPRESSED/BTC_NEUTRAL,50,0,50,0,0.34,-0.22011560972995084,-0.389287643105774,-0.29218386449198414,NEGATIVE,0.8297337424666937,2026-07-23T21:09:12.102860+00:00
SR_FLIP_RETEST,LONDON/QUIET/COMPRESSED/BTC_NEUTRAL,50,0,50,0,0.5,-0.21099847404301408,-0.12142740680575523,-0.2926029896637812,NEGATIVE,0.7856611195530224,2026-07-23T12:44:47.470683+00:00
SR_FLIP_RETEST,ASIA/MARKDOWN/CASCADE/BTC_FALLING,50,0,50,0,0.04,-0.2914412187910856,-0.15445520841820384,-0.29412046166935907,NEGATIVE,1.0,2026-07-17T07:19:35.161634+00:00
SR_FLIP_RETEST,NY/MARKDOWN/COMPRESSED/BTC_NEUTRAL/ALTCOIN,50,0,50,0,0.18,-0.22102913643776567,-0.45223332605346045,-0.29873328573550534,NEGATIVE,0.8592843666873693,2026-07-23T20:53:39.503696+00:00
SR_FLIP_RETEST,NY/QUIET/NORMAL/BTC_NEUTRAL/ALTCOIN,17,0,17,0,0.47058823529411764,-0.10505779181981911,-0.05986652951557194,-0.3151870738769217,NEGATIVE,0.9339392648193704,2026-07-23T21:03:59.817233+00:00
SR_FLIP_RETEST,ASIA/MARKDOWN/EXPANDED/BTC_NEUTRAL,50,0,50,0,0.26,-0.22056303749397152,0.11871644573031068,-0.3184346105428154,NEGATIVE,1.0,2026-07-24T01:56:09.862683+00:00
SR_FLIP_RETEST,ASIA/MARKDOWN/NORMAL/BTC_NEUTRAL/ALTCOIN,50,0,50,0,0.36,-0.2200916501432178,-0.1963331398723228,-0.3268445834385659,NEGATIVE,0.749999999999995,2026-07-24T01:24:41.342427+00:00
SR_FLIP_RETEST,OFF_HOURS/ACCUMULATION/EXPANDED/BTC_FALLING,21,0,21,0,0.0,-0.33246819130961147,-0.22788095548558762,-0.33246819130961147,NEGATIVE,0.0,2026-07-17T00:42:26.433009+00:00
SR_FLIP_RETEST,OVERLAP/ACCUMULATION/EXPANDED/BTC_NEUTRAL,35,0,35,0,0.37142857142857144,-0.1657142857143002,-0.20310344466501265,-0.3398923213591028,NEGATIVE,1.0,2026-07-20T15:40:04.121145+00:00
SR_FLIP_RETEST,OVERLAP/QUIET/COMPRESSED/BTC_NEUTRAL/ALTCOIN,26,0,26,0,0.5769230769230769,-0.30909722801327205,0.010412918848814874,-0.34722036373468845,NEGATIVE,0.7499771167048044,2026-07-23T16:31:57.542946+00:00
SR_FLIP_RETEST,NY/MARKDOWN/CASCADE/BTC_FALLING,16,0,16,0,0.0,-0.34906218310255527,-0.2122545806411358,-0.34906218310255527,NEGATIVE,0.0,2026-07-13T18:54:34.827583+00:00
SR_FLIP_RETEST,NY/MARKDOWN/COMPRESSED/BTC_FALLING,50,0,50,0,0.36,-0.20799969612136493,-0.14747486465882587,-0.3503370406384287,NEGATIVE,1.0,2026-07-13T23:01:48.834157+00:00
SR_FLIP_RETEST,OVERLAP/DISTRIBUTION/EXPANDED/BTC_NEUTRAL,31,0,31,0,0.45161290322580644,-0.3763302758584326,-0.2757457868563908,-0.35786540935312294,NEGATIVE,-0.6251953316954479,2026-07-23T16:53:10.790820+00:00
SR_FLIP_RETEST,OFF_HOURS/QUIET/COMPRESSED/BTC_NEUTRAL/ALTCOIN,23,0,23,0,0.43478260869565216,-0.23938278594679377,-0.14566992955004104,-0.3731084126547688,NEGATIVE,0.7811176656381666,2026-07-23T00:13:28.097126+00:00
SR_FLIP_RETEST,ASIA/RANGE/EXPANDED/BTC_NEUTRAL,50,0,50,0,0.42,-0.3107385076147357,-0.2731343938500016,-0.3769521351562866,NEGATIVE,1.0,2026-07-20T07:46:20.599444+00:00
SR_FLIP_RETEST,ASIA/QUIET/NORMAL/BTC_NEUTRAL/ALTCOIN,24,0,24,0,0.25,-0.31570468331477036,-0.14666057024843476,-0.3807323996159029,NEGATIVE,0.7466872594961731,2026-07-24T01:40:30.575983+00:00
SR_FLIP_RETEST,OFF_HOURS/QUIET/COMPRESSED/BTC_RISING,26,0,26,0,0.0,-0.3894826381290551,-0.251627712139064,-0.3894826381290551,NEGATIVE,0.0,2026-07-22T01:02:48.066274+00:00
SR_FLIP_RETEST,ASIA/ACCUMULATION/NORMAL/BTC_NEUTRAL/MIDCAP,18,0,18,0,0.3888888888888889,-0.1752012302679078,-0.6908681925557368,-0.3982076331113631,NEGATIVE,1.0,2026-07-24T01:56:09.863203+00:00
SR_FLIP_RETEST,OVERLAP/QUIET/EXPANDED/BTC_NEUTRAL,50,0,50,0,0.14,-0.3625821808614814,-0.23753019206801237,-0.4142502464464604,NEGATIVE,0.822990152776303,2026-07-23T16:16:10.076610+00:00
SR_FLIP_RETEST,OVERLAP/QUIET/NORMAL/BTC_NEUTRAL/MAJOR,20,0,20,0,0.05,-0.43853264690496374,-0.21926632345247749,-0.42694691412619884,NEGATIVE,-15.449675000000003,2026-07-22T13:56:49.801633+00:00
SR_FLIP_RETEST,OVERLAP/MARKDOWN/NORMAL/BTC_NEUTRAL/ALTCOIN,50,0,50,0,0.46,-0.34334572686994397,-0.26334859214595313,-0.4327432948395097,NEGATIVE,0.7314532619218674,2026-07-23T17:03:43.392238+00:00
SR_FLIP_RETEST,OFF_HOURS/QUIET/NORMAL/BTC_NEUTRAL,50,0,50,0,0.34,-0.4033115886871327,-0.208805802145375,-0.4457135809454779,NEGATIVE,0.6545626529787975,2026-07-24T01:03:52.980821+00:00
SR_FLIP_RETEST,OFF_HOURS/QUIET/NORMAL/BTC_NEUTRAL/ALTCOIN,22,0,22,0,0.2727272727272727,-0.317406533231435,-0.1788659633327443,-0.4462022938341216,NEGATIVE,0.7602131930930834,2026-07-24T01:03:52.980600+00:00
SR_FLIP_RETEST,OVERLAP/MARKDOWN/COMPRESSED/BTC_NEUTRAL/ALTCOIN,50,0,50,0,0.52,-0.41598350361101394,-0.17731537705668982,-0.46527264172961047,NEGATIVE,0.6544861710167715,2026-07-23T15:02:18.618928+00:00
SR_FLIP_RETEST,NY/MARKDOWN/NORMAL/BTC_FALLING,50,0,50,0,0.44,-0.42904761904761485,-0.19540821837484112,-0.46725599044572524,NEGATIVE,1.0,2026-07-13T23:01:48.834106+00:00
SR_FLIP_RETEST,LONDON/MARKDOWN/COMPRESSED/BTC_FALLING,18,0,18,0,0.0,-0.4727295797156843,-0.30648067837415016,-0.4727295797156843,NEGATIVE,0.0,2026-07-17T10:08:48.486644+00:00
SR_FLIP_RETEST,NY/VOLATILE_EXPANSION/CASCADE/BTC_NEUTRAL/ALTCOIN,50,0,50,0,0.16,-0.4549860402699587,-0.23158908193792974,-0.4738619008896643,NEGATIVE,1.0,2026-07-23T19:35:24.296593+00:00
SR_FLIP_RETEST,NY/VOLATILE_EXPANSION/CASCADE/BTC_NEUTRAL,50,0,50,0,0.12,-0.4893320006130579,-0.24876206210947932,-0.4938264587252419,NEGATIVE,1.0,2026-07-23T19:35:24.296587+00:00
SR_FLIP_RETEST,NY/DISTRIBUTION/EXPANDED/BTC_FALLING,27,0,27,0,0.0,-0.5071103510507408,-0.33972238438088787,-0.5071103510507408,NEGATIVE,0.0,2026-07-13T19:29:53.302155+00:00
SR_FLIP_RETEST,OVERLAP/MARKDOWN/NORMAL/BTC_NEUTRAL,50,0,50,0,0.4,-0.41111601103455764,-0.31245078830642387,-0.5104070220099888,NEGATIVE,0.7603807289129598,2026-07-23T17:03:43.392225+00:00
SR_FLIP_RETEST,ASIA/MARKDOWN/EXPANDED/BTC_NEUTRAL/ALTCOIN,50,0,50,0,0.0,-0.5109167496034323,-0.2630371447833293,-0.5109167496034323,NEGATIVE,0.0,2026-07-20T07:51:25.290532+00:00
SR_FLIP_RETEST,ASIA/MARKDOWN/COMPRESSED/BTC_RISING,50,0,50,0,0.22,-0.4921465389158934,-0.1398917151446968,-0.5241725437338843,NEGATIVE,1.0,2026-07-22T03:36:31.581730+00:00
SR_FLIP_RETEST,NY/MARKDOWN/COMPRESSED/BTC_RISING/ALTCOIN,26,0,26,0,0.23076923076923078,-0.33909581968249264,-0.11082893783370329,-0.527500148796376,NEGATIVE,1.0,2026-07-21T20:41:05.098651+00:00
SR_FLIP_RETEST,ASIA/QUIET/COMPRESSED/BTC_RISING,43,0,43,0,0.0,-0.5480327393841058,-0.336547890320691,-0.5480327393841058,NEGATIVE,0.0,2026-07-22T01:18:11.200236+00:00
SR_FLIP_RETEST,LONDON/RANGE/EXPANDED/BTC_NEUTRAL,41,0,41,0,0.0,-0.5647858227470497,-0.6531423238518178,-0.5647858227470497,NEGATIVE,0.0,2026-07-16T10:43:48.752747+00:00
SR_FLIP_RETEST,ASIA/QUIET/NORMAL/BTC_NEUTRAL/MAJOR,34,0,34,0,0.11764705882352941,-0.5017592764722055,-0.27098470338171066,-0.5655809304235777,NEGATIVE,0.8132281445090046,2026-07-24T01:40:30.576725+00:00
SR_FLIP_RETEST,ASIA/ACCUMULATION/EXPANDED/BTC_NEUTRAL,40,1,39,0,0.1,-0.48930815871127475,-0.35941945233137473,-0.5663450758125951,NEGATIVE,1.0,2026-07-24T01:50:54.235448+00:00
SR_FLIP_RETEST,ASIA/ACCUMULATION/NORMAL/BTC_RISING,38,0,38,0,0.23684210526315788,-0.411760112447295,-0.4485980759460702,-0.5703750832091072,NEGATIVE,1.0,2026-07-21T05:37:36.382307+00:00
SR_FLIP_RETEST,OVERLAP/VOLATILE_EXPANSION/CASCADE/BTC_NEUTRAL/ALTCOIN,50,0,50,0,0.06,-0.5663643907667218,-0.6136710526213072,-0.5846688268077486,NEGATIVE,0.629830784150053,2026-07-23T16:47:50.061682+00:00
SR_FLIP_RETEST,LONDON/RANGE/NORMAL/BTC_NEUTRAL,50,0,50,0,0.28,-0.4781354013425144,-0.663014208567557,-0.6044472290503511,NEGATIVE,1.0,2026-07-22T11:10:15.652047+00:00
SR_FLIP_RETEST,OVERLAP/VOLATILE_EXPANSION/CASCADE/BTC_NEUTRAL,50,0,50,0,0.04,-0.6272250289408613,-0.6511429230815179,-0.6210048334482133,NEGATIVE,-10.408999999994165,2026-07-23T16:47:50.061671+00:00
SR_FLIP_RETEST,NY/MARKDOWN/EXPANDED/BTC_FALLING,50,0,50,0,0.34,-0.602227483824495,-0.3051988798440901,-0.6218756283333045,NEGATIVE,1.0,2026-07-13T22:56:45.582999+00:00
SR_FLIP_RETEST,OFF_HOURS/VOLATILE_EXPANSION/CASCADE/BTC_NEUTRAL,16,0,16,0,0.125,-0.6198019800863409,-0.5189452691904439,-0.6222505424280999,NEGATIVE,1.0,2026-07-20T00:44:25.232105+00:00
SR_FLIP_RETEST,OVERLAP/RANGE/NORMAL/BTC_NEUTRAL/ALTCOIN,48,0,48,0,0.14583333333333334,-0.5797598818044987,-0.3156731704204823,-0.6240473476457747,NEGATIVE,1.0,2026-07-19T14:19:47.571420+00:00
SR_FLIP_RETEST,OVERLAP/QUIET/NORMAL/BTC_RISING,15,0,15,0,0.0,-0.6308571832459564,-0.3659272737526542,-0.6308571832459564,NEGATIVE,0.0,2026-07-21T16:43:08.051453+00:00
SR_FLIP_RETEST,ASIA/DISTRIBUTION/NORMAL/BTC_NEUTRAL,50,0,50,0,0.32,-0.508796678747148,-0.26368577808790655,-0.6322188062117603,NEGATIVE,1.0,2026-07-24T01:50:54.235766+00:00
SR_FLIP_RETEST,LONDON/DISTRIBUTION/EXPANDED/BTC_NEUTRAL/ALTCOIN,15,0,15,0,0.0,-0.6538672006513114,-1.2613280501215163,-0.6538672006513114,NEGATIVE,0.0,2026-07-20T11:55:31.928343+00:00
SR_FLIP_RETEST,ASIA/RANGE/NORMAL/BTC_FALLING,23,0,23,0,0.0,-0.6823839822249134,-0.5713776257101477,-0.6823839822249134,NEGATIVE,0.0,2026-07-17T05:01:36.062360+00:00
SR_FLIP_RETEST,OVERLAP/RANGE/NORMAL/BTC_NEUTRAL,50,0,50,0,0.14,-0.6502403726082687,-0.3782623060537673,-0.692801537035559,NEGATIVE,1.0,2026-07-19T15:59:02.493329+00:00
SR_FLIP_RETEST,OVERLAP/QUIET/NORMAL/BTC_FALLING,50,0,50,0,0.18,-0.5859999999999956,-0.3374952286965269,-0.6929889244780982,NEGATIVE,1.0,2026-07-17T14:26:03.251986+00:00
SR_FLIP_RETEST,ASIA/RANGE/EXPANDED/BTC_NEUTRAL/ALTCOIN,34,0,34,0,0.14705882352941177,-0.6044264824618563,-0.4748795011997647,-0.7035049141056307,NEGATIVE,1.0,2026-07-20T07:46:20.599453+00:00
SR_FLIP_RETEST,NY/QUIET/NORMAL/BTC_NEUTRAL/MIDCAP,50,0,50,0,0.26,-0.6662127268618618,-0.3868406986060593,-0.7048814980084643,NEGATIVE,0.6208643806290063,2026-07-23T21:03:59.817382+00:00
SR_FLIP_RETEST,OFF_HOURS/QUIET/NORMAL/BTC_NEUTRAL/MIDCAP,32,0,32,0,0.1875,-0.7287727907112627,-0.3672141546573743,-0.7225881583738344,NEGATIVE,-0.2643333333332855,2026-07-24T01:03:52.980834+00:00
SR_FLIP_RETEST,NY/QUIET/COMPRESSED/BTC_NEUTRAL,50,0,50,0,0.02,-0.7289230237020768,-0.4226009514457486,-0.7389545556146117,NEGATIVE,1.0,2026-07-23T20:58:51.208907+00:00
SR_FLIP_RETEST,ASIA/ACCUMULATION/EXPANDED/BTC_NEUTRAL/ALTCOIN,32,1,31,0,0.03125,-0.7181659569196613,-0.5692787610615891,-0.7567343781413169,NEGATIVE,1.0,2026-07-24T01:50:54.235456+00:00
SR_FLIP_RETEST,LONDON/DISTRIBUTION/EXPANDED/BTC_NEUTRAL,22,0,22,0,0.0,-0.7640003640804397,-1.1480613476498223,-0.7640003640804397,NEGATIVE,0.0,2026-07-20T11:55:31.928321+00:00
SR_FLIP_RETEST,ASIA/MARKDOWN/NORMAL/BTC_RISING/ALTCOIN,33,0,33,0,0.15151515151515152,-0.6666661448513989,-0.4619926775450268,-0.7686803083522231,NEGATIVE,1.0,2026-07-21T05:32:31.372460+00:00
SR_FLIP_RETEST,NY/QUIET/COMPRESSED/BTC_NEUTRAL/MIDCAP,50,0,50,0,0.02,-0.7616361628903369,-0.4472110457944584,-0.7716676948028716,NEGATIVE,1.0,2026-07-23T20:58:51.208924+00:00
SR_FLIP_RETEST,OVERLAP/ACCUMULATION/NORMAL/BTC_FALLING,50,0,50,0,0.16,-0.7467964710850399,-0.4183944959372339,-0.7914332642097089,NEGATIVE,1.0,2026-07-17T16:39:27.079581+00:00
SR_FLIP_RETEST,OFF_HOURS/MARKDOWN/NORMAL/BTC_NEUTRAL/MIDCAP,16,0,16,0,0.1875,-0.756500132740427,-0.730034319755616,-0.7928134967271919,NEGATIVE,1.0,2026-07-22T00:37:18.968697+00:00
SR_FLIP_RETEST,ASIA/MARKDOWN/COMPRESSED/BTC_NEUTRAL/MIDCAP,28,0,28,0,0.14285714285714285,-0.6994111541667836,-0.8114783252316778,-0.7942199102258202,NEGATIVE,0.9201016736429869,2026-07-23T03:42:26.102568+00:00
SR_FLIP_RETEST,ASIA/ACCUMULATION/NORMAL/BTC_NEUTRAL/ALTCOIN,50,0,50,0,0.26,-0.768348811648531,-0.645347580031924,-0.7965555313856629,NEGATIVE,0.808118206521739,2026-07-24T01:40:30.576547+00:00
SR_FLIP_RETEST,NY/QUIET/NORMAL/BTC_NEUTRAL,50,0,50,0,0.18,-0.749786842651389,-0.42852558072425073,-0.7989096930661059,NEGATIVE,0.7159569897152456,2026-07-23T21:03:59.817372+00:00
SR_FLIP_RETEST,ASIA/MARKDOWN/NORMAL/BTC_NEUTRAL/MIDCAP,47,0,47,0,0.19148936170212766,-0.752847069031749,-0.5309380481763305,-0.8034810505236492,NEGATIVE,0.6590105205877016,2026-07-24T02:06:37.537252+00:00
SR_FLIP_RETEST,LONDON/DISTRIBUTION/NORMAL/BTC_RISING/MIDCAP,22,0,22,0,0.13636363636363635,-0.7000000000000001,-0.3499999999999979,-0.8066493564655285,NEGATIVE,1.0,2026-07-21T12:27:28.533630+00:00
SR_FLIP_RETEST,ASIA/MARKDOWN/NORMAL/BTC_NEUTRAL,50,0,50,0,0.18,-0.7609981219552775,-0.53419900266242,-0.8087145682711024,NEGATIVE,0.6590105205877016,2026-07-24T02:06:37.537239+00:00
SR_FLIP_RETEST,ASIA/MARKDOWN/NORMAL/BTC_RISING/MIDCAP,40,0,40,0,0.175,-0.8035787913928619,-0.9144400885631685,-0.8142951451526363,NEGATIVE,1.0,2026-07-22T03:21:10.290024+00:00
SR_FLIP_RETEST,ASIA/MARKDOWN/NORMAL/BTC_RISING,50,0,50,0,0.14,-0.8428630331142896,-0.8740679237974298,-0.8514918077581217,NEGATIVE,1.0,2026-07-22T03:21:10.290017+00:00
SR_FLIP_RETEST,NY/QUIET/COMPRESSED/BTC_NEUTRAL/ALTCOIN,20,0,20,0,0.05,-0.8345102336843604,-0.4140856927194855,-0.8622299812647942,NEGATIVE,1.0,2026-07-22T19:38:47.543216+00:00
SR_FLIP_RETEST,OFF_HOURS/RANGE/EXPANDED/BTC_NEUTRAL,47,0,47,0,0.0851063829787234,-0.8127659586294492,-0.741698611535163,-0.8745813221244382,NEGATIVE,1.0,2026-07-20T01:04:45.463508+00:00
SR_FLIP_RETEST,LONDON/ACCUMULATION/NORMAL/BTC_NEUTRAL/MIDCAP,50,0,50,0,0.08,-0.8112845669976656,-0.33303934024809295,-0.8771267056281833,NEGATIVE,1.0,2026-07-20T10:04:32.994750+00:00
SR_FLIP_RETEST,OVERLAP/ACCUMULATION/EXPANDED/BTC_FALLING,37,0,37,0,0.08108108108108109,-0.8216216213265544,-0.8305675152176013,-0.8853668391415819,NEGATIVE,1.0,2026-07-17T16:28:54.407071+00:00
SR_FLIP_RETEST,OVERLAP/RANGE/NORMAL/BTC_FALLING,50,0,50,0,0.1,-0.8728864234261293,-0.8465665195155325,-0.8882123389659602,NEGATIVE,1.0,2026-07-17T14:51:42.709413+00:00
SR_FLIP_RETEST,ASIA/DISTRIBUTION/NORMAL/BTC_NEUTRAL/MIDCAP,24,0,24,0,0.08333333333333333,-0.8166312559017933,-0.6677872160177918,-0.8888668326058731,NEGATIVE,1.0,2026-07-22T04:58:23.638815+00:00
SR_FLIP_RETEST,NY/DISTRIBUTION/NORMAL/BTC_NEUTRAL/MAJOR,47,0,47,0,0.0,-0.8978988192056759,-0.44894940960283597,-0.8978988192056759,NEGATIVE,0.0,2026-07-23T18:58:51.396159+00:00
SR_FLIP_RETEST,ASIA/ACCUMULATION/NORMAL/BTC_NEUTRAL,50,0,50,0,0.18,-0.8801969712029744,-0.8082065353587402,-0.9031160817861644,NEGATIVE,0.8081182065217389,2026-07-24T01:56:09.863193+00:00
SR_FLIP_RETEST,LONDON/QUIET/NORMAL/BTC_NEUTRAL,50,0,50,0,0.04,-0.9453462662331578,-0.4735926978004928,-0.9464690955658996,NEGATIVE,0.1369999999999847,2026-07-23T11:10:06.704672+00:00
SR_FLIP_RETEST,LONDON/MARKDOWN/EXPANDED/BTC_NEUTRAL,50,0,50,0,0.04,-0.9285324766258907,-0.46094045635029746,-0.9513160234844191,NEGATIVE,1.0,2026-07-22T08:28:22.951746+00:00
SR_FLIP_RETEST,LONDON/QUIET/NORMAL/BTC_NEUTRAL/MIDCAP,50,0,50,0,0.04,-0.9584492029053865,-0.4790475086906217,-0.9595720322381285,NEGATIVE,0.1369999999999847,2026-07-22T12:49:13.955157+00:00
SR_FLIP_RETEST,ASIA/QUIET/NORMAL/BTC_NEUTRAL,50,0,50,0,0.06,-0.9809280251879897,-0.5755038439569296,-0.9770563094826389,NEGATIVE,-0.4873035714284206,2026-07-24T03:50:44.659576+00:00
SR_FLIP_RETEST,OVERLAP/MARKDOWN/NORMAL/BTC_FALLING,50,0,50,0,0.0,-0.9834482758620692,-0.8528010266757521,-0.9834482758620692,NEGATIVE,0.0,2026-07-17T16:44:33.693413+00:00
SR_FLIP_RETEST,ASIA/QUIET/NORMAL/BTC_NEUTRAL/MIDCAP,50,0,50,0,0.06,-0.9942541053097702,-0.5863419281805773,-0.9903823896044193,NEGATIVE,-0.4873035714284206,2026-07-24T03:50:44.659583+00:00
SR_FLIP_RETEST,LONDON/QUIET/NORMAL/BTC_NEUTRAL/MAJOR,15,0,15,0,0.0,-0.9965019710276888,-0.5019065103338015,-0.9965019710276888,NEGATIVE,0.0,2026-07-23T08:53:05.559145+00:00
SR_FLIP_RETEST,LONDON/MARKDOWN/EXPANDED/BTC_FALLING,50,0,50,0,0.0,-1.0,-0.5755864811133271,-1.0,NEGATIVE,0.0,2026-07-17T10:13:54.840176+00:00
SR_FLIP_RETEST,OFF_HOURS/DISTRIBUTION/NORMAL/BTC_FALLING,28,0,28,0,0.0,-1.0,-0.601361662166923,-1.0,NEGATIVE,0.0,2026-07-17T00:47:34.266658+00:00
SR_FLIP_RETEST,NY/MARKDOWN/EXPANDED/BTC_RISING,39,0,39,0,0.0,-1.0,-0.7160185795654072,-1.0,NEGATIVE,0.0,2026-07-15T17:34:00.560065+00:00
SR_FLIP_RETEST,OVERLAP/RANGE/EXPANDED/BTC_NEUTRAL,42,0,42,0,0.0,-1.0,-0.6618943926946927,-1.0,NEGATIVE,0.0,2026-07-16T16:26:32.350584+00:00
SR_FLIP_RETEST,OVERLAP/MARKDOWN/CASCADE/BTC_FALLING,50,0,50,0,0.0,-1.0,-0.7062514584324917,-1.0,NEGATIVE,0.0,2026-07-17T14:51:42.712435+00:00
SR_FLIP_RETEST,OVERLAP/VOLATILE_EXPANSION/CASCADE/BTC_FALLING,50,0,50,0,0.0,-1.0,-1.0340119297267167,-1.0,NEGATIVE,0.0,2026-07-17T16:34:15.143768+00:00
SR_FLIP_RETEST,OFF_HOURS/MARKDOWN/COMPRESSED/BTC_RISING,50,0,50,0,0.0,-1.0,-0.6902426439980873,-1.0,NEGATIVE,0.0,2026-07-19T00:51:43.880907+00:00
SR_FLIP_RETEST,ASIA/MARKDOWN/CASCADE/BTC_RISING,24,0,24,0,0.0,-1.0,-0.6670948867563578,-1.0,NEGATIVE,0.0,2026-07-19T02:53:18.800924+00:00
SR_FLIP_RETEST,NY/ACCUMULATION/EXPANDED/BTC_NEUTRAL/MIDCAP,50,0,50,0,0.0,-1.0,-0.5814262595807972,-1.0,NEGATIVE,0.0,2026-07-19T17:47:08.527747+00:00
SR_FLIP_RETEST,OFF_HOURS/DISTRIBUTION/NORMAL/BTC_NEUTRAL,50,0,50,0,0.0,-1.0,-0.49999999999999384,-1.0,NEGATIVE,0.0,2026-07-22T00:42:24.382156+00:00
SR_FLIP_RETEST,OFF_HOURS/DISTRIBUTION/NORMAL/BTC_NEUTRAL/ALTCOIN,50,0,50,0,0.0,-1.0,-0.49999999999999384,-1.0,NEGATIVE,0.0,2026-07-22T00:42:24.382205+00:00
SR_FLIP_RETEST,OFF_HOURS/RANGE/EXPANDED/BTC_NEUTRAL/ALTCOIN,43,0,43,0,0.0,-1.0,-0.8787130502428426,-1.0,NEGATIVE,0.0,2026-07-20T01:04:45.463516+00:00
SR_FLIP_RETEST,OVERLAP/MARKDOWN/COMPRESSED/BTC_RISING,22,0,22,0,0.0,-1.0,-1.06113838120104,-1.0,NEGATIVE,0.0,2026-07-21T16:53:27.674116+00:00
SR_FLIP_RETEST,OVERLAP/MARKDOWN/COMPRESSED/BTC_RISING/MIDCAP,22,0,22,0,0.0,-1.0,-1.06113838120104,-1.0,NEGATIVE,0.0,2026-07-21T16:53:27.674124+00:00
SR_FLIP_RETEST,OFF_HOURS/ACCUMULATION/NORMAL/BTC_NEUTRAL,50,0,50,0,0.0,-1.022299511353837,-0.6497245143542625,-1.022299511353837,NEGATIVE,0.0,2026-07-24T00:58:43.159976+00:00
SR_FLIP_RETEST,OFF_HOURS/ACCUMULATION/NORMAL/BTC_NEUTRAL/ALTCOIN,36,0,36,0,0.0,-1.030971543546996,-0.7079507143809238,-1.030971543546996,NEGATIVE,0.0,2026-07-24T00:58:43.159987+00:00
SR_FLIP_RETEST,ASIA/MARKDOWN/CASCADE/BTC_NEUTRAL,34,0,34,0,0.08823529411764706,-1.0180647794778688,-0.8004756004896061,-1.0495263233386527,NEGATIVE,1.0,2026-07-23T02:35:09.711201+00:00
SR_FLIP_RETEST,OVERLAP/DISTRIBUTION/NORMAL/BTC_NEUTRAL,50,0,50,0,0.06,-1.0546807847177637,-0.7290394707016228,-1.085026272903777,NEGATIVE,0.7331562874956665,2026-07-23T14:09:27.721769+00:00
SR_FLIP_RETEST,ASIA/MARKDOWN/COMPRESSED/BTC_NEUTRAL,50,0,50,0,0.08,-1.0928689876278315,-0.5673923549585586,-1.1050754553522586,NEGATIVE,0.7500457038391194,2026-07-24T03:45:32.997310+00:00
SR_FLIP_RETEST,ASIA/MARKDOWN/COMPRESSED/BTC_NEUTRAL/ALTCOIN,50,0,50,0,0.08,-1.0928689876278315,-0.5673923549585586,-1.1050754553522586,NEGATIVE,0.7500457038391194,2026-07-24T03:45:32.997324+00:00
SR_FLIP_RETEST,LONDON/RANGE/NORMAL/BTC_NEUTRAL/ALTCOIN,36,0,36,0,0.0,-1.1307436129757178,-1.2972836141471324,-1.1307436129757178,NEGATIVE,0.0,2026-07-22T11:10:15.652066+00:00
SR_FLIP_RETEST,OFF_HOURS/MARKDOWN/COMPRESSED/BTC_NEUTRAL,50,0,50,0,0.1,-1.1469056666666708,-0.5400051954799253,-1.1599597099483108,NEGATIVE,0.7499783502922698,2026-07-23T23:14:19.971847+00:00
SR_FLIP_RETEST,OFF_HOURS/MARKDOWN/COMPRESSED/BTC_NEUTRAL/ALTCOIN,50,0,50,0,0.1,-1.1469056666666708,-0.5400051954799253,-1.1599597099483108,NEGATIVE,0.7499783502922698,2026-07-23T23:14:19.971856+00:00
SR_FLIP_RETEST,ASIA/MARKDOWN/CASCADE/BTC_NEUTRAL/ALTCOIN,31,0,31,0,0.0,-1.1692904941660944,-1.0360509312048647,-1.1692904941660944,NEGATIVE,0.0,2026-07-23T02:35:09.711219+00:00
SR_FLIP_RETEST,OVERLAP/DISTRIBUTION/NORMAL/BTC_NEUTRAL/ALTCOIN,38,0,38,0,0.0,-1.1961492780624134,-0.6889053593808778,-1.1961492780624134,NEGATIVE,0.0,2026-07-22T13:25:35.374957+00:00
SR_FLIP_RETEST,ASIA/DISTRIBUTION/NORMAL/BTC_NEUTRAL/MAJOR,31,0,31,0,0.0,-1.2614762372073423,-0.7236658963814558,-1.2614762372073423,NEGATIVE,0.0,2026-07-24T01:50:54.235782+00:00
SR_FLIP_RETEST,OVERLAP/ACCUMULATION/NORMAL/BTC_NEUTRAL,50,0,50,0,0.0,-1.2788689287075883,-0.6944210425081729,-1.2788689287075883,NEGATIVE,0.0,2026-07-23T16:00:02.065971+00:00
SR_FLIP_RETEST,OVERLAP/ACCUMULATION/NORMAL/BTC_NEUTRAL/ALTCOIN,50,0,50,0,0.0,-1.2788689287075883,-0.6944210425081729,-1.2788689287075883,NEGATIVE,0.0,2026-07-23T16:00:02.065980+00:00
SR_FLIP_RETEST,OFF_HOURS/DISTRIBUTION/EXPANDED/BTC_NEUTRAL,22,0,22,0,0.0,-1.299999999999998,-0.6500000000000026,-1.299999999999998,NEGATIVE,0.0,2026-07-23T23:29:56.665142+00:00
SR_FLIP_RETEST,OFF_HOURS/DISTRIBUTION/EXPANDED/BTC_NEUTRAL/MIDCAP,22,0,22,0,0.0,-1.299999999999998,-0.6500000000000026,-1.299999999999998,NEGATIVE,0.0,2026-07-23T23:29:56.665207+00:00
SR_FLIP_RETEST,OFF_HOURS/QUIET/EXPANDED/BTC_NEUTRAL,4,0,4,0,0.25,-0.4499999999999934,-0.218550231839263,,INSUFFICIENT_DATA,1.0,2026-07-20T01:04:45.463559+00:00
SR_FLIP_RETEST,ASIA/QUIET/EXPANDED/BTC_FALLING,12,0,12,0,0.9166666666666666,0.20486007090813355,0.09775596147374781,,INSUFFICIENT_DATA,1.0,2026-07-13T04:22:33.263486+00:00
SR_FLIP_RETEST,ASIA/RANGE/EXPANDED/BTC_FALLING,5,0,5,0,0.6,0.04253276972687133,0.03206841261357209,,INSUFFICIENT_DATA,1.0,2026-07-13T04:27:43.273443+00:00
SR_FLIP_RETEST,ASIA/VOLATILE_EXPANSION/CASCADE/BTC_FALLING,2,0,2,0,0.0,-0.19392372333549457,-0.0969618616677477,,INSUFFICIENT_DATA,0.0,2026-07-13T04:48:13.907986+00:00
SR_FLIP_RETEST,OVERLAP/QUIET/COMPRESSED/BTC_FALLING,12,0,12,0,0.6666666666666666,0.06184647811226592,0.13333333333333428,,INSUFFICIENT_DATA,1.0,2026-07-17T14:10:42.174032+00:00
SR_FLIP_RETEST,NY/ACCUMULATION/EXPANDED/BTC_FALLING,1,0,1,0,0.0,-1.0,-1.3731752685485936,,INSUFFICIENT_DATA,0.0,2026-07-13T19:29:53.305271+00:00
SR_FLIP_RETEST,LONDON/MARKDOWN/CASCADE/BTC_NEUTRAL,9,0,9,0,0.6666666666666666,1.0273028062885636,0.8284761963460053,,INSUFFICIENT_DATA,1.0,2026-07-22T10:11:51.591602+00:00
SR_FLIP_RETEST,OVERLAP/VOLATILE_EXPANSION/CASCADE/BTC_RISING,4,0,4,0,0.75,-0.037624895784985915,-0.021396881569592234,,INSUFFICIENT_DATA,1.0,2026-07-15T15:02:36.619188+00:00
SR_FLIP_RETEST,OVERLAP/QUIET/EXPANDED/BTC_RISING,3,0,3,0,1.0,1.200000000000033,0.8653823988474154,,INSUFFICIENT_DATA,1.0,2026-07-15T15:32:54.616322+00:00
SR_FLIP_RETEST,NY/MARKDOWN/CASCADE/BTC_RISING,11,0,11,0,1.0,1.424575667552675,0.9308661596094917,,INSUFFICIENT_DATA,1.0,2026-07-15T17:34:00.562332+00:00
SR_FLIP_RETEST,OFF_HOURS/MARKDOWN/EXPANDED/BTC_FALLING,5,0,5,0,0.0,-0.3678885823150706,-0.2621722846441936,,INSUFFICIENT_DATA,0.0,2026-07-17T00:42:26.438037+00:00
SR_FLIP_RETEST,LONDON/MARKUP/NORMAL/BTC_FALLING,1,0,1,0,0.0,-1.0,-0.5000000000000022,,INSUFFICIENT_DATA,0.0,2026-07-17T10:39:39.394920+00:00
SR_FLIP_RETEST,LONDON/DISTRIBUTION/NORMAL/BTC_FALLING,10,0,10,0,0.0,-1.0,-1.7467462158877578,,INSUFFICIENT_DATA,0.0,2026-07-17T12:44:11.536032+00:00
SR_FLIP_RETEST,OFF_HOURS/MARKDOWN/CASCADE/BTC_NEUTRAL,7,0,7,0,0.0,-1.0,-0.6858638743455493,,INSUFFICIENT_DATA,0.0,2026-07-17T23:45:43.233131+00:00
SR_FLIP_RETEST,NY/QUIET/EXPANDED/BTC_RISING,9,0,9,0,1.0,0.4438739398010879,0.4545454545454488,,INSUFFICIENT_DATA,1.0,2026-07-18T18:14:31.255752+00:00
SR_FLIP_RETEST,OFF_HOURS/QUIET/NORMAL/BTC_RISING,6,0,6,0,0.0,-0.1774340309371982,-0.08871701546859824,,INSUFFICIENT_DATA,0.0,2026-07-19T00:06:09.695793+00:00
SR_FLIP_RETEST,LONDON/MARKDOWN/EXPANDED/BTC_NEUTRAL/ALTCOIN,3,0,3,0,0.6666666666666666,0.19112538956848982,1.181979520660773,,INSUFFICIENT_DATA,1.0,2026-07-22T08:28:22.951764+00:00
SR_FLIP_RETEST,OVERLAP/QUIET/EXPANDED/BTC_NEUTRAL/MIDCAP,10,0,10,0,0.4,-0.16732541175613613,-0.11435439457036037,,INSUFFICIENT_DATA,0.8167717840742371,2026-07-23T16:16:10.076621+00:00
SR_FLIP_RETEST,OVERLAP/QUIET/EXPANDED/BTC_NEUTRAL/MAJOR,3,0,3,0,1.0,0.07669140249013293,0.03834570124506643,,INSUFFICIENT_DATA,1.0,2026-07-19T13:28:57.046114+00:00
SR_FLIP_RETEST,OVERLAP/RANGE/NORMAL/BTC_NEUTRAL/MIDCAP,5,0,5,0,0.0,-1.0,-0.7886347886347785,,INSUFFICIENT_DATA,0.0,2026-07-19T15:59:02.493338+00:00
SR_FLIP_RETEST,OVERLAP/QUIET/NORMAL/BTC_NEUTRAL/ALTCOIN,8,0,8,0,0.375,-0.27377446112003345,-0.1125556648329771,,INSUFFICIENT_DATA,1.0,2026-07-22T13:41:20.211083+00:00
SR_FLIP_RETEST,NY/QUIET/EXPANDED/BTC_NEUTRAL/MAJOR,14,0,14,0,0.2857142857142857,-0.5090929260492963,-0.2545464630246488,,INSUFFICIENT_DATA,0.2298196721311646,2026-07-23T19:14:28.803457+00:00
SR_FLIP_RETEST,NY/VOLATILE_EXPANSION/CASCADE/BTC_NEUTRAL/MAJOR,2,0,2,0,1.0,1.200000000000039,0.6000000000000116,,INSUFFICIENT_DATA,1.0,2026-07-19T18:12:31.900008+00:00
SR_FLIP_RETEST,NY/VOLATILE_EXPANSION/CASCADE/BTC_NEUTRAL/MIDCAP,8,0,8,0,0.75,0.05274172368117608,0.026370861840588147,,INSUFFICIENT_DATA,1.0,2026-07-19T19:18:29.508952+00:00
SR_FLIP_RETEST,NY/RANGE/NORMAL/BTC_NEUTRAL/MIDCAP,1,0,1,0,1.0,0.2464571780653085,0.12322858903265568,,INSUFFICIENT_DATA,1.0,2026-07-19T19:18:29.510023+00:00
SR_FLIP_RETEST,OFF_HOURS/QUIET/NORMAL/BTC_NEUTRAL/MAJOR,9,0,9,0,0.5555555555555556,-0.3179896000560741,-0.13937621832359773,,INSUFFICIENT_DATA,1.0,2026-07-21T23:25:38.405515+00:00
SR_FLIP_RETEST,OFF_HOURS/RANGE/EXPANDED/BTC_NEUTRAL/MIDCAP,4,0,4,0,1.0,1.1999999861039727,0.7312066045723946,,INSUFFICIENT_DATA,1.0,2026-07-20T00:13:39.157312+00:00
SR_FLIP_RETEST,OFF_HOURS/VOLATILE_EXPANSION/CASCADE/BTC_NEUTRAL/ALTCOIN,8,0,8,0,0.0,-1.0,-0.8803995476818784,,INSUFFICIENT_DATA,0.0,2026-07-20T00:44:25.232112+00:00
SR_FLIP_RETEST,OFF_HOURS/QUIET/EXPANDED/BTC_NEUTRAL/MIDCAP,3,0,3,0,0.0,-1.0,-0.5000000000000071,,INSUFFICIENT_DATA,0.0,2026-07-20T01:04:45.463567+00:00
SR_FLIP_RETEST,ASIA/QUIET/EXPANDED/BTC_NEUTRAL,6,0,6,0,0.0,-0.471917483037725,-0.2868845716618363,,INSUFFICIENT_DATA,0.0,2026-07-20T07:41:15.517378+00:00
SR_FLIP_RETEST,ASIA/QUIET/EXPANDED/BTC_NEUTRAL/MIDCAP,5,0,5,0,0.0,-0.36630097964527,-0.22101063829787995,,INSUFFICIENT_DATA,0.0,2026-07-20T04:38:17.006838+00:00
SR_FLIP_RETEST,ASIA/VOLATILE_EXPANSION/CASCADE/BTC_NEUTRAL/MAJOR,3,0,3,0,0.0,-1.0,-0.5377939555146478,,INSUFFICIENT_DATA,0.0,2026-07-20T03:01:52.079922+00:00
SR_FLIP_RETEST,ASIA/RANGE/NORMAL/BTC_NEUTRAL/MIDCAP,7,0,7,0,1.0,1.6808740545083258,1.8396846254927657,,INSUFFICIENT_DATA,1.0,2026-07-20T06:09:32.566098+00:00
SR_FLIP_RETEST,ASIA/MARKUP/COMPRESSED/BTC_NEUTRAL,1,0,1,0,0.0,-1.0,-0.5078830760434598,,INSUFFICIENT_DATA,0.0,2026-07-20T07:00:34.539131+00:00
SR_FLIP_RETEST,ASIA/MARKUP/COMPRESSED/BTC_NEUTRAL/ALTCOIN,1,0,1,0,0.0,-1.0,-0.5078830760434598,,INSUFFICIENT_DATA,0.0,2026-07-20T07:00:34.539272+00:00
SR_FLIP_RETEST,ASIA/QUIET/EXPANDED/BTC_NEUTRAL/MAJOR,1,0,1,0,0.0,-1.0,-0.6162542384816182,,INSUFFICIENT_DATA,0.0,2026-07-20T07:41:15.517400+00:00
SR_FLIP_RETEST,LONDON/QUIET/EXPANDED/BTC_NEUTRAL/ALTCOIN,6,0,6,0,0.0,-0.06139866150920497,-0.030699330754603214,,INSUFFICIENT_DATA,0.0,2026-07-20T10:04:33.000409+00:00
SR_FLIP_RETEST,LONDON/VOLATILE_EXPANSION/CASCADE/BTC_NEUTRAL/ALTCOIN,12,0,12,0,0.5,-0.28216675822614395,-0.5735470258894705,,INSUFFICIENT_DATA,0.5325866589445888,2026-07-23T12:55:31.444667+00:00
SR_FLIP_RETEST,NY/RANGE/NORMAL/BTC_RISING/MIDCAP,1,0,1,0,0.0,-1.0,-0.7205398288347631,,INSUFFICIENT_DATA,0.0,2026-07-20T18:14:19.149742+00:00
SR_FLIP_RETEST,NY/RANGE/NORMAL/BTC_NEUTRAL/MAJOR,13,0,13,0,0.0,-0.32473571104170695,-0.21159679516140115,,INSUFFICIENT_DATA,0.0,2026-07-20T20:18:00.394499+00:00
SR_FLIP_RETEST,OFF_HOURS/QUIET/COMPRESSED/BTC_NEUTRAL/MAJOR,2,0,2,0,1.0,0.09474581802485117,0.04737290901242558,,INSUFFICIENT_DATA,1.0,2026-07-20T23:11:51.270334+00:00
SR_FLIP_RETEST,ASIA/QUIET/COMPRESSED/BTC_NEUTRAL/ALTCOIN,9,0,9,0,0.2222222222222222,-0.3412628487518371,-0.17063142437591644,,INSUFFICIENT_DATA,0.6529051987767613,2026-07-24T01:14:14.049712+00:00
SR_FLIP_RETEST,ASIA/ACCUMULATION/NORMAL/BTC_RISING/ALTCOIN,9,0,9,0,1.0,1.483679525222532,0.7417397167902832,,INSUFFICIENT_DATA,1.0,2026-07-21T05:06:53.381800+00:00
SR_FLIP_RETEST,ASIA/ACCUMULATION/NORMAL/BTC_RISING/MIDCAP,14,0,14,0,0.0,-1.0,-0.9430710850444314,,INSUFFICIENT_DATA,0.0,2026-07-21T05:37:36.382315+00:00
SR_FLIP_RETEST,LONDON/QUIET/COMPRESSED/BTC_RISING,3,0,3,0,0.3333333333333333,-0.14195084239569092,-0.0709754211978434,,INSUFFICIENT_DATA,1.0,2026-07-21T11:50:52.564142+00:00
SR_FLIP_RETEST,LONDON/QUIET/COMPRESSED/BTC_RISING/MIDCAP,1,0,1,0,1.0,0.4164497657469885,0.20822488287349492,,INSUFFICIENT_DATA,1.0,2026-07-21T08:39:51.463276+00:00
SR_FLIP_RETEST,LONDON/MARKDOWN/COMPRESSED/BTC_RISING,10,0,10,0,1.0,0.2957647058823515,0.7286956521739097,,INSUFFICIENT_DATA,1.0,2026-07-21T09:00:50.198077+00:00
SR_FLIP_RETEST,LONDON/MARKDOWN/COMPRESSED/BTC_RISING/ALTCOIN,10,0,10,0,1.0,0.2957647058823515,0.7286956521739097,,INSUFFICIENT_DATA,1.0,2026-07-21T09:00:50.198083+00:00
SR_FLIP_RETEST,LONDON/QUIET/COMPRESSED/BTC_RISING/ALTCOIN,2,0,2,0,0.0,-0.4211511464670306,-0.21057557323351256,,INSUFFICIENT_DATA,0.0,2026-07-21T11:50:52.564148+00:00
SR_FLIP_RETEST,LONDON/QUIET/NORMAL/BTC_RISING,4,0,4,0,0.75,0.08191231577828505,0.04097261551651174,,INSUFFICIENT_DATA,1.0,2026-07-21T12:27:28.532619+00:00
SR_FLIP_RETEST,LONDON/QUIET/NORMAL/BTC_RISING/ALTCOIN,4,0,4,0,0.75,0.08191231577828505,0.04097261551651174,,INSUFFICIENT_DATA,1.0,2026-07-21T12:27:28.532664+00:00
SR_FLIP_RETEST,OVERLAP/ACCUMULATION/NORMAL/BTC_RISING/MIDCAP,9,0,9,0,0.0,-1.0,-1.886075173217236,,INSUFFICIENT_DATA,0.0,2026-07-21T13:24:40.540492+00:00
SR_FLIP_RETEST,OVERLAP/QUIET/NORMAL/BTC_RISING/ALTCOIN,4,0,4,0,0.0,-0.14051522248241466,-0.0702576112412068,,INSUFFICIENT_DATA,0.0,2026-07-21T13:34:59.547665+00:00
SR_FLIP_RETEST,OVERLAP/MARKDOWN/NORMAL/BTC_RISING,13,0,13,0,0.5384615384615384,0.1538546478329012,0.06450864038491325,,INSUFFICIENT_DATA,1.0,2026-07-21T16:48:19.051743+00:00
SR_FLIP_RETEST,OVERLAP/MARKDOWN/NORMAL/BTC_RISING/ALTCOIN,7,0,7,0,0.14285714285714285,-0.22124576996092735,-0.13370358942713395,,INSUFFICIENT_DATA,1.0,2026-07-21T13:50:58.386909+00:00
SR_FLIP_RETEST,OVERLAP/ACCUMULATION/NORMAL/BTC_RISING/ALTCOIN,14,0,14,0,1.0,0.5182760501909387,1.0914835559385276,,INSUFFICIENT_DATA,1.0,2026-07-21T14:22:41.939812+00:00
SR_FLIP_RETEST,OVERLAP/QUIET/COMPRESSED/BTC_RISING,5,0,5,0,0.0,-1.0,-0.4998829313978158,,INSUFFICIENT_DATA,0.0,2026-07-21T14:49:12.008537+00:00
SR_FLIP_RETEST,OVERLAP/QUIET/COMPRESSED/BTC_RISING/ALTCOIN,5,0,5,0,0.0,-1.0,-0.4998829313978158,,INSUFFICIENT_DATA,0.0,2026-07-21T14:49:12.008557+00:00
SR_FLIP_RETEST,OVERLAP/RANGE/NORMAL/BTC_RISING,4,0,4,0,1.0,1.200000000000033,0.8444134182908667,,INSUFFICIENT_DATA,1.0,2026-07-21T14:49:12.008473+00:00
SR_FLIP_RETEST,OVERLAP/RANGE/NORMAL/BTC_RISING/ALTCOIN,4,0,4,0,1.0,1.200000000000033,0.8444134182908667,,INSUFFICIENT_DATA,1.0,2026-07-21T14:49:12.008482+00:00
SR_FLIP_RETEST,OVERLAP/RANGE/EXPANDED/BTC_RISING,3,0,3,0,1.0,0.8225878168074593,0.41129390840372987,,INSUFFICIENT_DATA,1.0,2026-07-21T14:54:33.273160+00:00
SR_FLIP_RETEST,OVERLAP/RANGE/EXPANDED/BTC_RISING/ALTCOIN,3,0,3,0,1.0,0.8225878168074593,0.41129390840372987,,INSUFFICIENT_DATA,1.0,2026-07-21T14:54:33.273183+00:00
SR_FLIP_RETEST,OVERLAP/QUIET/NORMAL/BTC_RISING/MIDCAP,5,0,5,0,0.0,-0.5801593717519383,-0.4415757322649997,,INSUFFICIENT_DATA,0.0,2026-07-21T16:43:08.051505+00:00
SR_FLIP_RETEST,OVERLAP/MARKDOWN/NORMAL/BTC_RISING/MIDCAP,6,0,6,0,1.0,0.5914718019257011,0.29575624183230165,,INSUFFICIENT_DATA,1.0,2026-07-21T16:48:19.051751+00:00
SR_FLIP_RETEST,NY/DISTRIBUTION/NORMAL/BTC_RISING,10,0,10,0,1.0,1.1082028804007331,0.6157719647754729,,INSUFFICIENT_DATA,1.0,2026-07-21T18:52:49.105671+00:00
SR_FLIP_RETEST,NY/DISTRIBUTION/NORMAL/BTC_RISING/MIDCAP,5,0,5,0,1.0,1.1999999999999846,0.7234205925655088,,INSUFFICIENT_DATA,1.0,2026-07-21T18:06:20.575237+00:00
SR_FLIP_RETEST,NY/DISTRIBUTION/EXPANDED/BTC_RISING/MIDCAP,4,0,4,0,1.0,1.44329896907216,0.7216494845360831,,INSUFFICIENT_DATA,1.0,2026-07-21T17:40:11.541384+00:00
SR_FLIP_RETEST,NY/QUIET/NORMAL/BTC_RISING/ALTCOIN,2,0,2,0,1.0,1.0142873138506174,0.5071436569253132,,INSUFFICIENT_DATA,1.0,2026-07-21T17:50:46.122373+00:00
SR_FLIP_RETEST,NY/QUIET/NORMAL/BTC_RISING/MIDCAP,8,0,8,0,1.0,0.2116932525515408,0.10584662627576975,,INSUFFICIENT_DATA,1.0,2026-07-21T18:37:23.381390+00:00
SR_FLIP_RETEST,NY/DISTRIBUTION/NORMAL/BTC_RISING/ALTCOIN,5,0,5,0,1.0,1.0164057608014814,0.5081233369854372,,INSUFFICIENT_DATA,1.0,2026-07-21T18:52:49.105676+00:00
SR_FLIP_RETEST,NY/QUIET/COMPRESSED/BTC_RISING/MIDCAP,10,0,10,0,0.0,-1.0,-0.4999999999999948,,INSUFFICIENT_DATA,0.0,2026-07-21T22:13:43.841729+00:00
SR_FLIP_RETEST,OFF_HOURS/MARKDOWN/NORMAL/BTC_RISING,1,0,1,0,0.0,-0.23581040371920098,-0.1257071024512886,,INSUFFICIENT_DATA,0.0,2026-07-22T00:37:18.966630+00:00
SR_FLIP_RETEST,OFF_HOURS/MARKDOWN/NORMAL/BTC_RISING/ALTCOIN,1,0,1,0,0.0,-0.23581040371920098,-0.1257071024512886,,INSUFFICIENT_DATA,0.0,2026-07-22T00:37:18.966655+00:00
SR_FLIP_RETEST,OFF_HOURS/MARKDOWN/NORMAL/BTC_NEUTRAL/ALTCOIN,10,0,10,0,0.6,0.44794057481015,0.22468831790779284,,INSUFFICIENT_DATA,0.7534051724137946,2026-07-23T23:14:19.971658+00:00
SR_FLIP_RETEST,OFF_HOURS/QUIET/COMPRESSED/BTC_RISING/MIDCAP,7,0,7,0,0.0,-1.0,-0.4999999999999983,,INSUFFICIENT_DATA,0.0,2026-07-22T01:02:48.066282+00:00
SR_FLIP_RETEST,ASIA/QUIET/COMPRESSED/BTC_RISING/ALTCOIN,7,0,7,0,0.0,-1.0,-0.500000000000005,,INSUFFICIENT_DATA,0.0,2026-07-22T01:18:11.200287+00:00
SR_FLIP_RETEST,ASIA/QUIET/NORMAL/BTC_RISING/ALTCOIN,7,0,7,0,0.14285714285714285,-0.47598970803675755,-0.25817241387801704,,INSUFFICIENT_DATA,1.0,2026-07-22T02:34:47.750015+00:00
SR_FLIP_RETEST,LONDON/ACCUMULATION/EXPANDED/BTC_NEUTRAL/ALTCOIN,14,0,14,0,1.0,0.7866880843527345,2.360064253058201,,INSUFFICIENT_DATA,1.0,2026-07-22T08:28:22.953358+00:00
SR_FLIP_RETEST,LONDON/MARKDOWN/CASCADE/BTC_NEUTRAL/ALTCOIN,6,0,6,0,1.0,2.0409542094328454,1.5296972254457177,,INSUFFICIENT_DATA,1.0,2026-07-22T10:11:51.591614+00:00
SR_FLIP_RETEST,LONDON/QUIET/COMPRESSED/BTC_NEUTRAL/MIDCAP,9,0,9,0,0.3333333333333333,-0.7817296740961854,-0.4313895974670905,,INSUFFICIENT_DATA,0.4071249999999787,2026-07-23T12:44:47.456308+00:00
SR_FLIP_RETEST,OVERLAP/VOLATILE_EXPANSION/CASCADE/BTC_NEUTRAL/MAJOR,4,0,4,0,0.0,-1.2999999999999927,-0.6500000000000121,,INSUFFICIENT_DATA,0.0,2026-07-22T14:07:11.581912+00:00
SR_FLIP_RETEST,NY/QUIET/NORMAL/BTC_NEUTRAL/MAJOR,4,0,4,0,0.0,-0.7904220154458728,-0.3952110077229254,,INSUFFICIENT_DATA,0.0,2026-07-22T20:20:16.064514+00:00
SR_FLIP_RETEST,LONDON/QUIET/COMPRESSED/BTC_NEUTRAL/MAJOR,6,0,6,0,0.0,-1.2660968729679754,-0.7137044822321249,,INSUFFICIENT_DATA,0.0,2026-07-23T08:53:05.560862+00:00
SR_FLIP_RETEST,LONDON/QUIET/NORMAL/BTC_NEUTRAL/ALTCOIN,1,0,1,0,0.0,-0.39732360097322694,-0.19866180048661267,,INSUFFICIENT_DATA,0.0,2026-07-23T11:10:06.704720+00:00
SR_FLIP_RETEST,OVERLAP/DISTRIBUTION/NORMAL/BTC_NEUTRAL/MIDCAP,8,0,8,0,0.375,-0.41004583368956027,-0.73128665858307,,INSUFFICIENT_DATA,0.7331562874956665,2026-07-23T14:09:27.721779+00:00
SR_FLIP_RETEST,OVERLAP/QUIET/COMPRESSED/BTC_NEUTRAL/MAJOR,7,0,7,0,1.0,1.0285714285714658,0.514285714285722,,INSUFFICIENT_DATA,0.7741935483870994,2026-07-23T13:16:49.940370+00:00
SR_FLIP_RETEST,OVERLAP/QUIET/COMPRESSED/BTC_NEUTRAL/MIDCAP,11,0,11,0,1.0,1.0361146578140987,0.5181435003352842,,INSUFFICIENT_DATA,0.7754973296533939,2026-07-23T13:27:28.318750+00:00
SR_FLIP_RETEST,OVERLAP/MARKDOWN/COMPRESSED/BTC_NEUTRAL/MIDCAP,5,0,5,0,0.8,0.8514704265199728,1.4519748050565147,,INSUFFICIENT_DATA,0.9291445403252572,2026-07-23T14:19:50.302383+00:00
SR_FLIP_RETEST,OVERLAP/DISTRIBUTION/EXPANDED/BTC_NEUTRAL/MIDCAP,12,0,12,0,0.0,-0.6533794870318747,-0.4730176096696909,,INSUFFICIENT_DATA,0.0,2026-07-23T13:48:27.417300+00:00
SR_FLIP_RETEST,OVERLAP/MARKDOWN/NORMAL/BTC_NEUTRAL/MIDCAP,3,0,3,0,0.0,-1.211461672571846,-0.859348404255321,,INSUFFICIENT_DATA,0.0,2026-07-23T14:25:02.642791+00:00
SR_FLIP_RETEST,OVERLAP/MARKDOWN/CASCADE/BTC_NEUTRAL/MAJOR,12,0,12,0,0.0,-0.5875432275881586,-0.2937716137940791,,INSUFFICIENT_DATA,0.0,2026-07-23T14:30:19.235640+00:00
SR_FLIP_RETEST,OVERLAP/DISTRIBUTION/EXPANDED/BTC_NEUTRAL/ALTCOIN,5,0,5,0,0.0,-0.44199788955329106,-0.4128120893561168,,INSUFFICIENT_DATA,0.0,2026-07-23T16:47:50.063588+00:00
SR_FLIP_RETEST,OVERLAP/DISTRIBUTION/EXPANDED/BTC_NEUTRAL/MAJOR,14,0,14,0,1.0,-0.11540680424731864,-0.05770340212365987,,INSUFFICIENT_DATA,-0.6251953316954479,2026-07-23T16:53:10.790828+00:00
SR_FLIP_RETEST,NY/DISTRIBUTION/NORMAL/BTC_NEUTRAL/MIDCAP,6,0,6,0,1.0,0.9498596119048875,0.5695959092042876,,INSUFFICIENT_DATA,0.7915496765874246,2026-07-23T18:48:29.215081+00:00
SR_FLIP_RETEST,NY/RANGE/NORMAL/BTC_NEUTRAL/ALTCOIN,1,0,1,0,0.0,-1.1018716762207335,-1.6224406779661016,,INSUFFICIENT_DATA,0.0,2026-07-23T19:14:28.801354+00:00
SR_FLIP_RETEST,NY/MARKDOWN/EXPANDED/BTC_NEUTRAL/ALTCOIN,8,0,8,0,0.75,-0.03437528748333396,-0.010431119522709961,,INSUFFICIENT_DATA,0.3823000000000284,2026-07-23T20:06:45.682203+00:00
SR_FLIP_RETEST,OFF_HOURS/RANGE/NORMAL/BTC_NEUTRAL,1,0,1,0,1.0,0.903774560496384,0.4582852648138471,,INSUFFICIENT_DATA,0.7534051724137945,2026-07-23T23:09:08.911914+00:00
SR_FLIP_RETEST,OFF_HOURS/RANGE/NORMAL/BTC_NEUTRAL/ALTCOIN,1,0,1,0,1.0,0.903774560496384,0.4582852648138471,,INSUFFICIENT_DATA,0.7534051724137945,2026-07-23T23:09:08.911953+00:00
SR_FLIP_RETEST,ASIA/QUIET/COMPRESSED/BTC_NEUTRAL/MAJOR,10,0,10,0,1.0,0.9000000000000232,0.4500000000000089,,INSUFFICIENT_DATA,0.7500000000000034,2026-07-24T01:14:14.037373+00:00
SR_FLIP_RETEST@ATR,NY/ACCUMULATION/EXPANDED/BTC_NEUTRAL,23,0,0,23,0.6956521739130435,0.24122794125061733,0.3561305804443824,0.1465510570634075,POSITIVE,1.0,2026-07-19T19:23:35.149612+00:00
SR_FLIP_RETEST@ATR,OVERLAP/QUIET/COMPRESSED/BTC_NEUTRAL,17,0,0,17,0.8235294117647058,0.24710981192126885,0.23905338493799438,0.1457300476224864,POSITIVE,0.8689784110257999,2026-07-23T13:38:00.958040+00:00
SR_FLIP_RETEST@ATR,ASIA/ACCUMULATION/NORMAL/BTC_NEUTRAL,15,0,0,15,0.8666666666666667,0.14846015605295385,0.3470520166979425,0.07872166663345966,POSITIVE,0.9278165239721848,2026-07-23T07:45:06.783133+00:00
SR_FLIP_RETEST@ATR,NY/ACCUMULATION/NORMAL/BTC_NEUTRAL,25,0,0,25,0.56,0.14042144761866954,0.2315104330758682,0.07423287956010065,POSITIVE,0.9455287756162225,2026-07-23T19:04:08.229520+00:00
SR_FLIP_RETEST@ATR,LONDON/MARKDOWN/NORMAL/BTC_NEUTRAL,41,0,0,41,0.7560975609756098,0.09961722679838333,0.29628653913369807,0.0616086557910315,POSITIVE,0.9757087838067295,2026-07-23T12:44:52.445796+00:00
SR_FLIP_RETEST@ATR,ASIA/RANGE/NORMAL/BTC_NEUTRAL,17,0,0,17,0.6470588235294118,0.1473265553008032,0.19034628073256665,0.0453351274734905,FLAT,0.9816468576721941,2026-07-24T01:24:47.262147+00:00
SR_FLIP_RETEST@ATR,NY/QUIET/EXPANDED/BTC_NEUTRAL,24,0,0,24,0.625,0.09927378239214328,0.13754554215760054,0.04281682433122935,FLAT,0.9519536485357264,2026-07-23T19:14:31.272822+00:00
SR_FLIP_RETEST@ATR,LONDON/QUIET/COMPRESSED/BTC_NEUTRAL,50,0,0,50,0.56,0.04528724090818477,0.08341894049283866,0.01631438043349541,FLAT,0.9619792573902952,2026-07-23T12:44:52.446558+00:00
SR_FLIP_RETEST@ATR,NY/MARKDOWN/NORMAL/BTC_NEUTRAL,48,0,0,48,0.5416666666666666,0.051232478633895455,-0.033212259256087874,-0.001723735282063904,FLAT,1.0,2026-07-23T20:01:32.108043+00:00
SR_FLIP_RETEST@ATR,OFF_HOURS/MARKDOWN/NORMAL/BTC_FALLING,18,0,0,18,0.5555555555555556,0.03117966681135918,0.12182606721035211,-0.0028001203367992444,FLAT,1.0,2026-07-17T00:57:47.324598+00:00
SR_FLIP_RETEST@ATR,ASIA/MARKDOWN/NORMAL/BTC_FALLING,30,0,0,30,0.3333333333333333,0.04975806120282554,-0.22753342658229797,-0.00736668358039376,FLAT,1.0,2026-07-17T07:29:51.375389+00:00
SR_FLIP_RETEST@ATR,LONDON/MARKDOWN/COMPRESSED/BTC_NEUTRAL,28,0,0,28,0.5714285714285714,0.027084207863915154,0.059597779378810486,-0.018372420924262944,FLAT,0.9831962909179285,2026-07-23T08:06:15.227096+00:00
SR_FLIP_RETEST@ATR,OFF_HOURS/QUIET/COMPRESSED/BTC_NEUTRAL,33,0,0,33,0.5757575757575758,0.012936378675745685,0.04748183015615413,-0.018869862950143673,FLAT,0.9351585467704928,2026-07-24T01:03:57.400085+00:00
SR_FLIP_RETEST@ATR,ASIA/MARKDOWN/NORMAL/BTC_NEUTRAL,35,0,0,35,0.5714285714285714,0.0289953935914302,-0.09273763896179785,-0.04163384544599247,FLAT,0.9799286775980796,2026-07-24T02:32:55.314292+00:00
SR_FLIP_RETEST@ATR,ASIA/QUIET/COMPRESSED/BTC_NEUTRAL,49,0,0,49,0.4489795918367347,-0.02851001888662825,0.02117717553108453,-0.06050405068244999,NEGATIVE,0.9135688778510074,2026-07-24T01:24:47.262588+00:00
SR_FLIP_RETEST@ATR,NY/DISTRIBUTION/NORMAL/BTC_NEUTRAL,15,0,0,15,0.6,0.026232623089968498,0.21054514806249033,-0.06225898689987652,NEGATIVE,0.9234791176764444,2026-07-23T19:45:52.771059+00:00
SR_FLIP_RETEST@ATR,ASIA/QUIET/NORMAL/BTC_FALLING,19,0,0,19,0.47368421052631576,-0.04393015167235198,0.0796588389800879,-0.07149546198757549,NEGATIVE,1.0,2026-07-17T07:09:27.590420+00:00
SR_FLIP_RETEST@ATR,NY/QUIET/NORMAL/BTC_NEUTRAL,50,0,0,50,0.4,-0.04483267341417292,-0.1433139980647037,-0.07314795322289461,NEGATIVE,0.9431133829259304,2026-07-23T20:58:55.293840+00:00
SR_FLIP_RETEST@ATR,OVERLAP/QUIET/NORMAL/BTC_NEUTRAL,23,0,0,23,0.4782608695652174,-0.043080631164515014,-0.09156450967712897,-0.08585699654695425,NEGATIVE,0.9283986753132473,2026-07-23T13:38:00.958182+00:00
SR_FLIP_RETEST@ATR,NY/QUIET/COMPRESSED/BTC_NEUTRAL,28,0,0,28,0.32142857142857145,-0.07815810429636616,-0.1304102167353069,-0.10411110471951748,NEGATIVE,0.9476008313425809,2026-07-23T22:53:34.966074+00:00
SR_FLIP_RETEST@ATR,OVERLAP/VOLATILE_EXPANSION/CASCADE/BTC_NEUTRAL,42,0,0,42,0.5238095238095238,-0.09283021094964923,-0.04910288981741317,-0.1281025399627777,NEGATIVE,0.7219947117717571,2026-07-23T16:37:30.316689+00:00
SR_FLIP_RETEST@ATR,ASIA/QUIET/NORMAL/BTC_NEUTRAL,50,0,0,50,0.46,-0.10263759814206923,-0.10655237158949919,-0.1306929336343347,NEGATIVE,0.8498159535135297,2026-07-24T03:45:36.934143+00:00
SR_FLIP_RETEST@ATR,OVERLAP/MARKDOWN/CASCADE/BTC_NEUTRAL,20,0,0,20,0.65,-0.12803556279635636,-0.09680467332288281,-0.14996116460322095,NEGATIVE,0.6124635136097877,2026-07-23T16:32:02.684030+00:00
SR_FLIP_RETEST@ATR,OVERLAP/QUIET/EXPANDED/BTC_NEUTRAL,16,0,0,16,0.3125,-0.08534063025326463,-0.249093118833258,-0.16703785644057773,NEGATIVE,0.9281198411312305,2026-07-23T13:43:17.637276+00:00
SR_FLIP_RETEST@ATR,NY/MARKDOWN/EXPANDED/BTC_NEUTRAL,18,0,0,18,0.5555555555555556,-0.14833345303787804,-0.07193898641799591,-0.1752610980446725,NEGATIVE,0.8764214954728298,2026-07-23T20:06:54.057523+00:00
SR_FLIP_RETEST@ATR,ASIA/MARKDOWN/COMPRESSED/BTC_NEUTRAL,31,0,0,31,0.41935483870967744,-0.16317202611244433,-0.3640493066521919,-0.19469328639862038,NEGATIVE,0.9487771142974445,2026-07-24T01:56:14.086677+00:00
SR_FLIP_RETEST@ATR,OVERLAP/MARKDOWN/NORMAL/BTC_NEUTRAL,22,0,0,22,0.45454545454545453,-0.1630804129337394,-0.28557487890935807,-0.23619877497463154,NEGATIVE,0.9027772930249104,2026-07-23T16:47:56.424957+00:00
SR_FLIP_RETEST@ATR,NY/RANGE/NORMAL/BTC_NEUTRAL,18,0,0,18,0.5,-0.18663002767473144,-0.019889253919080165,-0.24371771415296578,NEGATIVE,0.9701144652013525,2026-07-23T19:14:31.272568+00:00
SR_FLIP_RETEST@ATR,LONDON/QUIET/NORMAL/BTC_NEUTRAL,34,0,0,34,0.20588235294117646,-0.2274746651548111,-0.1883056544513601,-0.2680284297128481,NEGATIVE,0.9597643151970866,2026-07-23T11:20:55.188574+00:00
SR_FLIP_RETEST@ATR,NY/VOLATILE_EXPANSION/CASCADE/BTC_NEUTRAL,16,0,0,16,0.375,-0.19937170191599543,-0.24535068462569817,-0.2710354274799433,NEGATIVE,1.0,2026-07-23T17:29:57.778396+00:00
SR_FLIP_RETEST@ATR,NY/MARKDOWN/COMPRESSED/BTC_NEUTRAL,30,0,0,30,0.5,-0.2890234220563737,-0.18003048231799237,-0.3235024824888548,NEGATIVE,0.9116199652919266,2026-07-23T22:27:33.114946+00:00
SR_FLIP_RETEST@ATR,LONDON/RANGE/NORMAL/BTC_NEUTRAL,9,0,0,9,0.3333333333333333,-0.1826123763006935,-0.2820421840245301,,INSUFFICIENT_DATA,1.0,2026-07-22T11:10:19.559164+00:00
SR_FLIP_RETEST@ATR,LONDON/MARKDOWN/CASCADE/BTC_NEUTRAL,2,0,0,2,0.5,0.07214556948180789,-0.04777836024166615,,INSUFFICIENT_DATA,1.0,2026-07-22T10:11:53.822290+00:00
SR_FLIP_RETEST@ATR,OVERLAP/ACCUMULATION/NORMAL/BTC_NEUTRAL,7,0,0,7,0.5714285714285714,-0.0755219359294255,-0.021213668070491964,,INSUFFICIENT_DATA,0.9610560947216289,2026-07-22T16:32:52.216722+00:00
SR_FLIP_RETEST@ATR,OVERLAP/MARKDOWN/COMPRESSED/BTC_NEUTRAL,6,0,0,6,0.6666666666666666,-0.0754624736231473,0.13752864496798997,,INSUFFICIENT_DATA,0.836237773293567,2026-07-23T14:57:03.215290+00:00
SR_FLIP_RETEST@ATR,OFF_HOURS/QUIET/NORMAL/BTC_NEUTRAL,12,0,0,12,0.4166666666666667,-0.16773271787818678,-0.15962419360419675,,INSUFFICIENT_DATA,0.6922118691491179,2026-07-24T00:58:46.752681+00:00
SR_FLIP_RETEST@ATR,OFF_HOURS/ACCUMULATION/NORMAL/BTC_NEUTRAL,4,0,0,4,0.0,-0.8102832423393982,-1.5269880444771333,,INSUFFICIENT_DATA,0.0,2026-07-24T00:58:46.752965+00:00
SR_FLIP_RETEST@ATR,ASIA/DISTRIBUTION/NORMAL/BTC_NEUTRAL,13,0,0,13,0.5384615384615384,0.028897484097681787,0.0104297055832389,,INSUFFICIENT_DATA,0.911481978848713,2026-07-24T01:45:47.737328+00:00
SR_FLIP_RETEST@ATR,ASIA/MARKDOWN/EXPANDED/BTC_RISING,1,0,0,1,0.0,-1.0,-4.26775928046703,,INSUFFICIENT_DATA,0.0,2026-07-15T07:40:47.174119+00:00
SR_FLIP_RETEST@ATR,ASIA/RANGE/NORMAL/BTC_RISING,1,0,0,1,1.0,0.23108177530084076,0.6000000000000031,,INSUFFICIENT_DATA,1.0,2026-07-15T07:55:56.673454+00:00
SR_FLIP_RETEST@ATR,LONDON/ACCUMULATION/NORMAL/BTC_NEUTRAL,13,0,0,13,0.5384615384615384,-0.05249889655451091,0.050853288176235474,,INSUFFICIENT_DATA,0.8976577668161263,2026-07-23T08:47:55.680767+00:00
SR_FLIP_RETEST@ATR,LONDON/RANGE/EXPANDED/BTC_NEUTRAL,2,0,0,2,0.0,-0.41944551922463125,-0.6977891792706605,,INSUFFICIENT_DATA,0.0,2026-07-16T10:38:47.421126+00:00
SR_FLIP_RETEST@ATR,OVERLAP/RANGE/NORMAL/BTC_NEUTRAL,13,0,0,13,0.3076923076923077,-0.13945712758979992,-0.45851616868787703,,INSUFFICIENT_DATA,1.0,2026-07-22T13:15:13.797833+00:00
SR_FLIP_RETEST@ATR,OVERLAP/QUIET/NORMAL/BTC_RISING,4,0,0,4,0.5,-0.02043247787092761,-0.0033656712035925393,,INSUFFICIENT_DATA,1.0,2026-07-21T16:43:10.947553+00:00
SR_FLIP_RETEST@ATR,OVERLAP/VOLATILE_EXPANSION/CASCADE/BTC_RISING,3,0,0,3,0.3333333333333333,-0.41736580473070756,1.9243355089034372e-07,,INSUFFICIENT_DATA,1.0,2026-07-21T16:38:01.779711+00:00
SR_FLIP_RETEST@ATR,OVERLAP/QUIET/EXPANDED/BTC_RISING,1,0,0,1,1.0,0.5070020996803094,0.8653823988474154,,INSUFFICIENT_DATA,1.0,2026-07-15T15:32:56.929498+00:00
SR_FLIP_RETEST@ATR,OVERLAP/MARKDOWN/CASCADE/BTC_RISING,3,0,0,3,0.6666666666666666,0.8144460707198053,0.4807226444329035,,INSUFFICIENT_DATA,1.0,2026-07-15T15:57:59.675694+00:00
SR_FLIP_RETEST@ATR,OVERLAP/MARKDOWN/EXPANDED/BTC_RISING,4,0,0,4,1.0,0.18175847911030146,0.3550010229073126,,INSUFFICIENT_DATA,1.0,2026-07-15T16:33:23.010597+00:00
SR_FLIP_RETEST@ATR,NY/RANGE/EXPANDED/BTC_RISING,2,0,0,2,0.5,0.40353666057470544,-0.15569342264192532,,INSUFFICIENT_DATA,1.0,2026-07-15T17:59:19.405594+00:00
SR_FLIP_RETEST@ATR,NY/QUIET/NORMAL/BTC_RISING,10,0,0,10,0.5,-0.22573402957899474,-0.00023848298610728013,,INSUFFICIENT_DATA,1.0,2026-07-21T18:37:27.667155+00:00
SR_FLIP_RETEST@ATR,NY/MARKDOWN/NORMAL/BTC_RISING,5,0,0,5,0.8,-0.01439442845223191,-0.029192489889104955,,INSUFFICIENT_DATA,1.0,2026-07-18T20:51:55.734474+00:00
SR_FLIP_RETEST@ATR,NY/MARKDOWN/CASCADE/BTC_NEUTRAL,11,0,0,11,0.45454545454545453,-0.07676999836001824,0.03917937637247676,,INSUFFICIENT_DATA,0.9541841540616585,2026-07-23T17:19:35.628043+00:00
SR_FLIP_RETEST@ATR,NY/RANGE/EXPANDED/BTC_NEUTRAL,4,0,0,4,1.0,0.3227093832332738,0.42154865367956085,,INSUFFICIENT_DATA,1.0,2026-07-19T18:12:34.120034+00:00
SR_FLIP_RETEST@ATR,OFF_HOURS/MARKDOWN/NORMAL/BTC_NEUTRAL,4,0,0,4,0.25,-0.2635497503847492,-0.3024986936942725,,INSUFFICIENT_DATA,1.0,2026-07-23T00:29:05.865754+00:00
SR_FLIP_RETEST@ATR,LONDON/QUIET/NORMAL/BTC_FALLING,12,0,0,12,0.5,0.01169306884432751,-0.10180433300808994,,INSUFFICIENT_DATA,1.0,2026-07-17T12:18:31.592840+00:00
SR_FLIP_RETEST@ATR,LONDON/MARKDOWN/EXPANDED/BTC_FALLING,5,0,0,5,0.2,-0.19598182014364002,-0.5341776617843779,,INSUFFICIENT_DATA,1.0,2026-07-17T09:58:41.930745+00:00
SR_FLIP_RETEST@ATR,LONDON/MARKDOWN/EXPANDED/BTC_NEUTRAL,8,0,0,8,0.125,-0.3137268823130478,-0.7181403806965189,,INSUFFICIENT_DATA,1.0,2026-07-22T09:09:19.959828+00:00
SR_FLIP_RETEST@ATR,LONDON/VOLATILE_EXPANSION/CASCADE/BTC_NEUTRAL,2,0,0,2,0.5,-1.2955450502494195,-0.07264027523741326,,INSUFFICIENT_DATA,1.0,2026-07-23T12:55:41.718817+00:00
SR_FLIP_RETEST@ATR,OVERLAP/RANGE/EXPANDED/BTC_NEUTRAL,5,0,0,5,0.4,-0.05553827305705746,-0.14084292187184372,,INSUFFICIENT_DATA,1.0,2026-07-23T14:30:31.584416+00:00
SR_FLIP_RETEST@ATR,OVERLAP/ACCUMULATION/EXPANDED/BTC_NEUTRAL,4,0,0,4,0.75,0.36247387745680326,0.3689411937276792,,INSUFFICIENT_DATA,1.0,2026-07-20T15:40:08.274745+00:00
SR_FLIP_RETEST@ATR,OVERLAP/MARKDOWN/EXPANDED/BTC_NEUTRAL,7,0,0,7,0.7142857142857143,0.04043822678056671,0.03225259276044079,,INSUFFICIENT_DATA,0.8008244747435509,2026-07-23T16:05:44.046250+00:00
SR_FLIP_RETEST@ATR,OFF_HOURS/QUIET/NORMAL/BTC_FALLING,6,0,0,6,0.5,0.03636961118981553,0.07375497668226573,,INSUFFICIENT_DATA,1.0,2026-07-17T00:57:47.324194+00:00
SR_FLIP_RETEST@ATR,OFF_HOURS/ACCUMULATION/NORMAL/BTC_FALLING,2,0,0,2,1.0,0.2300219481713377,0.6392756159624615,,INSUFFICIENT_DATA,1.0,2026-07-17T00:11:46.628456+00:00
SR_FLIP_RETEST@ATR,OFF_HOURS/MARKDOWN/COMPRESSED/BTC_FALLING,1,0,0,1,1.0,0.4223550018012012,0.3776938458120298,,INSUFFICIENT_DATA,1.0,2026-07-17T00:06:43.148083+00:00
SR_FLIP_RETEST@ATR,OFF_HOURS/QUIET/COMPRESSED/BTC_FALLING,1,0,0,1,0.0,-0.018500266165746924,-0.03719088023123797,,INSUFFICIENT_DATA,0.0,2026-07-17T00:26:57.409079+00:00
SR_FLIP_RETEST@ATR,OFF_HOURS/MARKDOWN/CASCADE/BTC_FALLING,1,0,0,1,0.0,-0.07303134870643213,-0.25940337224383936,,INSUFFICIENT_DATA,0.0,2026-07-17T00:32:11.048254+00:00
SR_FLIP_RETEST@ATR,OFF_HOURS/ACCUMULATION/EXPANDED/BTC_FALLING,1,0,0,1,0.0,-0.03243225712293098,-0.0912765680010331,,INSUFFICIENT_DATA,0.0,2026-07-17T00:37:22.335049+00:00
SR_FLIP_RETEST@ATR,OFF_HOURS/MARKDOWN/EXPANDED/BTC_FALLING,1,0,0,1,0.0,-0.017006513494666586,-0.062421972534325215,,INSUFFICIENT_DATA,0.0,2026-07-17T00:37:22.335306+00:00
SR_FLIP_RETEST@ATR,ASIA/MARKDOWN/EXPANDED/BTC_FALLING,10,0,0,10,0.4,0.06653364564551052,-0.05605423577781069,,INSUFFICIENT_DATA,1.0,2026-07-17T07:19:37.862250+00:00
SR_FLIP_RETEST@ATR,ASIA/MARKDOWN/CASCADE/BTC_FALLING,6,0,0,6,0.0,-0.12468776312061763,-0.43407746912854334,,INSUFFICIENT_DATA,0.0,2026-07-17T07:09:27.580540+00:00
SR_FLIP_RETEST@ATR,ASIA/VOLATILE_EXPANSION/CASCADE/BTC_FALLING,1,0,0,1,0.0,-0.3983230599177445,-1.041124414367518,,INSUFFICIENT_DATA,0.0,2026-07-17T03:19:56.724294+00:00
SR_FLIP_RETEST@ATR,ASIA/QUIET/COMPRESSED/BTC_FALLING,6,0,0,6,0.8333333333333334,0.9758437802816932,0.3848828084993143,,INSUFFICIENT_DATA,1.0,2026-07-17T06:39:44.849442+00:00
SR_FLIP_RETEST@ATR,ASIA/ACCUMULATION/NORMAL/BTC_FALLING,1,0,0,1,1.0,0.3147365969420191,0.6471654154801973,,INSUFFICIENT_DATA,1.0,2026-07-17T05:47:23.458351+00:00
SR_FLIP_RETEST@ATR,ASIA/MARKDOWN/COMPRESSED/BTC_FALLING,4,0,0,4,0.75,0.1841137531610468,0.4369307774973229,,INSUFFICIENT_DATA,1.0,2026-07-17T07:29:51.375074+00:00
SR_FLIP_RETEST@ATR,LONDON/RANGE/NORMAL/BTC_FALLING,1,0,0,1,1.0,0.15562478863460533,0.4236597686165955,,INSUFFICIENT_DATA,1.0,2026-07-17T08:36:38.761061+00:00
SR_FLIP_RETEST@ATR,LONDON/MARKDOWN/COMPRESSED/BTC_FALLING,2,0,0,2,0.5,0.01365513596802169,0.1703403565640154,,INSUFFICIENT_DATA,1.0,2026-07-17T12:28:51.576670+00:00
SR_FLIP_RETEST@ATR,LONDON/QUIET/COMPRESSED/BTC_FALLING,2,0,0,2,0.5,0.013388647171640275,0.028471683475562504,,INSUFFICIENT_DATA,1.0,2026-07-17T09:22:49.718980+00:00
SR_FLIP_RETEST@ATR,LONDON/MARKDOWN/NORMAL/BTC_FALLING,6,0,0,6,0.16666666666666666,-0.17499800020826828,-0.14435608955128773,,INSUFFICIENT_DATA,1.0,2026-07-17T09:58:41.931023+00:00
SR_FLIP_RETEST@ATR,LONDON/QUIET/EXPANDED/BTC_FALLING,1,0,0,1,0.0,-0.18012183521888117,-0.4005400540054072,,INSUFFICIENT_DATA,0.0,2026-07-17T09:48:32.563981+00:00
SR_FLIP_RETEST@ATR,LONDON/ACCUMULATION/NORMAL/BTC_FALLING,1,0,0,1,0.0,-0.08209073371525032,-0.27526543452614904,,INSUFFICIENT_DATA,0.0,2026-07-17T09:58:41.930865+00:00
SR_FLIP_RETEST@ATR,LONDON/MARKUP/NORMAL/BTC_FALLING,1,0,0,1,0.0,-0.09409329350050542,-0.3913894324853232,,INSUFFICIENT_DATA,0.0,2026-07-17T10:39:40.937283+00:00
SR_FLIP_RETEST@ATR,OVERLAP/QUIET/NORMAL/BTC_FALLING,5,0,0,5,0.8,0.2557050656995096,0.42436194885006406,,INSUFFICIENT_DATA,1.0,2026-07-17T14:41:35.733467+00:00
SR_FLIP_RETEST@ATR,OVERLAP/QUIET/COMPRESSED/BTC_FALLING,4,0,0,4,1.0,0.20816626057314822,0.8268093828297579,,INSUFFICIENT_DATA,1.0,2026-07-17T14:10:44.663850+00:00
SR_FLIP_RETEST@ATR,OVERLAP/MARKDOWN/COMPRESSED/BTC_FALLING,1,0,0,1,1.0,0.13132942011223464,0.599999999999993,,INSUFFICIENT_DATA,1.0,2026-07-17T14:00:25.247733+00:00
SR_FLIP_RETEST@ATR,OVERLAP/ACCUMULATION/NORMAL/BTC_FALLING,2,0,0,2,0.5,-0.1207710305561353,-0.18379837983798514,,INSUFFICIENT_DATA,1.0,2026-07-17T16:29:01.771978+00:00
SR_FLIP_RETEST@ATR,OVERLAP/RANGE/NORMAL/BTC_FALLING,2,0,0,2,0.0,-0.5395610627910091,-2.2798137153252727,,INSUFFICIENT_DATA,0.0,2026-07-17T14:41:35.733275+00:00
SR_FLIP_RETEST@ATR,OVERLAP/MARKDOWN/CASCADE/BTC_FALLING,5,0,0,5,0.0,-0.3348388746620163,-0.6245169977573918,,INSUFFICIENT_DATA,0.0,2026-07-17T14:51:45.088732+00:00
SR_FLIP_RETEST@ATR,OVERLAP/MARKDOWN/NORMAL/BTC_FALLING,2,0,0,2,0.0,-0.2991625613839745,-0.6481138343299184,,INSUFFICIENT_DATA,0.0,2026-07-17T14:31:26.503475+00:00
SR_FLIP_RETEST@ATR,OVERLAP/VOLATILE_EXPANSION/CASCADE/BTC_FALLING,4,0,0,4,0.0,-0.2349358609194037,-0.6786041943622293,,INSUFFICIENT_DATA,0.0,2026-07-17T16:23:47.427984+00:00
SR_FLIP_RETEST@ATR,OVERLAP/ACCUMULATION/EXPANDED/BTC_FALLING,1,0,0,1,0.0,-0.1966292134831435,-0.7368421052631499,,INSUFFICIENT_DATA,0.0,2026-07-17T16:29:01.772524+00:00
SR_FLIP_RETEST@ATR,OFF_HOURS/MARKDOWN/COMPRESSED/BTC_NEUTRAL,11,0,0,11,0.5454545454545454,0.13564646076909098,0.06077121773798111,,INSUFFICIENT_DATA,0.8788035407758003,2026-07-24T00:58:46.752535+00:00
SR_FLIP_RETEST@ATR,NY/QUIET/EXPANDED/BTC_RISING,1,0,0,1,1.0,0.13070971844419918,0.4545454545454488,,INSUFFICIENT_DATA,1.0,2026-07-18T18:14:32.875555+00:00
SR_FLIP_RETEST@ATR,NY/RANGE/NORMAL/BTC_RISING,4,0,0,4,0.75,0.27567774374589765,0.2583082601873443,,INSUFFICIENT_DATA,1.0,2026-07-21T18:52:51.303669+00:00
SR_FLIP_RETEST@ATR,NY/MARKDOWN/EXPANDED/BTC_RISING,1,0,0,1,1.0,0.1624267025259808,0.5999999999999946,,INSUFFICIENT_DATA,1.0,2026-07-18T18:44:55.743942+00:00
SR_FLIP_RETEST@ATR,NY/MARKDOWN/CASCADE/BTC_RISING,1,0,0,1,0.0,-0.34321866136614415,-1.577052030299259,,INSUFFICIENT_DATA,0.0,2026-07-18T19:56:11.948311+00:00
SR_FLIP_RETEST@ATR,NY/QUIET/COMPRESSED/BTC_RISING,5,0,0,5,0.4,-0.039602893902718414,-0.07498295699576768,,INSUFFICIENT_DATA,1.0,2026-07-21T22:08:40.478489+00:00
SR_FLIP_RETEST@ATR,NY/MARKDOWN/COMPRESSED/BTC_RISING,1,0,0,1,0.0,-1.0,-2.807274860662954,,INSUFFICIENT_DATA,0.0,2026-07-18T22:14:36.751779+00:00
SR_FLIP_RETEST@ATR,NY/VOLATILE_EXPANSION/CASCADE/BTC_RISING,1,0,0,1,0.0,-1.0,-0.3608108108108041,,INSUFFICIENT_DATA,0.0,2026-07-18T22:55:16.004820+00:00
SR_FLIP_RETEST@ATR,OFF_HOURS/QUIET/NORMAL/BTC_RISING,2,0,0,2,0.0,-0.58842254185334,-0.21916310727055494,,INSUFFICIENT_DATA,0.0,2026-07-19T00:01:07.088602+00:00
SR_FLIP_RETEST@ATR,OFF_HOURS/MARKDOWN/COMPRESSED/BTC_RISING,1,0,0,1,0.0,-0.44408579229980427,-2.150934119960664,,INSUFFICIENT_DATA,0.0,2026-07-19T00:11:14.393977+00:00
SR_FLIP_RETEST@ATR,ASIA/QUIET/NORMAL/BTC_RISING,7,0,0,7,0.42857142857142855,0.07781856282854885,-0.044916269957872866,,INSUFFICIENT_DATA,1.0,2026-07-22T02:29:44.563675+00:00
SR_FLIP_RETEST@ATR,ASIA/MARKDOWN/COMPRESSED/BTC_RISING,5,0,0,5,0.2,-0.10180056199105295,-0.19216003687767358,,INSUFFICIENT_DATA,1.0,2026-07-21T07:07:12.833277+00:00
SR_FLIP_RETEST@ATR,ASIA/MARKDOWN/NORMAL/BTC_RISING,7,0,0,7,0.7142857142857143,0.00731031030246908,0.03487640372411172,,INSUFFICIENT_DATA,1.0,2026-07-22T02:55:22.314251+00:00
SR_FLIP_RETEST@ATR,ASIA/QUIET/COMPRESSED/BTC_RISING,6,0,0,6,0.16666666666666666,-0.13845591991175496,-0.22057251896411514,,INSUFFICIENT_DATA,1.0,2026-07-22T01:07:57.799209+00:00
SR_FLIP_RETEST@ATR,LONDON/DISTRIBUTION/EXPANDED/BTC_NEUTRAL,1,0,0,1,0.0,-0.04188372032146445,-0.04441976679623127,,INSUFFICIENT_DATA,0.0,2026-07-19T10:23:24.892368+00:00
SR_FLIP_RETEST@ATR,LONDON/QUIET/EXPANDED/BTC_NEUTRAL,3,0,0,3,0.6666666666666666,0.7751416345773489,0.3730538700751935,,INSUFFICIENT_DATA,1.0,2026-07-20T10:04:34.945813+00:00
SR_FLIP_RETEST@ATR,NY/DISTRIBUTION/EXPANDED/BTC_NEUTRAL,7,0,0,7,0.7142857142857143,0.040636840589753066,0.22273362582223172,,INSUFFICIENT_DATA,0.955080627583647,2026-07-23T17:56:28.747728+00:00
SR_FLIP_RETEST@ATR,OFF_HOURS/MARKDOWN/CASCADE/BTC_NEUTRAL,1,0,0,1,1.0,1.9466666666666599,1.1895062734234991,,INSUFFICIENT_DATA,1.0,2026-07-19T23:22:46.121497+00:00
SR_FLIP_RETEST@ATR,OFF_HOURS/MARKDOWN/EXPANDED/BTC_NEUTRAL,1,0,0,1,0.0,-0.5242469263746848,-1.1727947835537056,,INSUFFICIENT_DATA,0.0,2026-07-20T00:08:37.047346+00:00
SR_FLIP_RETEST@ATR,OFF_HOURS/RANGE/EXPANDED/BTC_NEUTRAL,3,0,0,3,0.3333333333333333,-0.27588622222222847,-0.7891618599021774,,INSUFFICIENT_DATA,1.0,2026-07-20T00:59:43.157960+00:00
SR_FLIP_RETEST@ATR,OFF_HOURS/VOLATILE_EXPANSION/CASCADE/BTC_NEUTRAL,2,0,0,2,0.5,-0.20608961416657418,-0.6240653721485288,,INSUFFICIENT_DATA,1.0,2026-07-20T00:49:30.403848+00:00
SR_FLIP_RETEST@ATR,OFF_HOURS/ACCUMULATION/EXPANDED/BTC_NEUTRAL,1,0,0,1,0.0,-0.4476513478857963,-1.6397998888271308,,INSUFFICIENT_DATA,0.0,2026-07-20T00:34:09.970477+00:00
SR_FLIP_RETEST@ATR,OFF_HOURS/DISTRIBUTION/NORMAL/BTC_NEUTRAL,4,0,0,4,0.0,-1.0,-0.9106758518223559,,INSUFFICIENT_DATA,0.0,2026-07-22T00:37:20.842064+00:00
SR_FLIP_RETEST@ATR,OFF_HOURS/QUIET/EXPANDED/BTC_NEUTRAL,1,0,0,1,0.0,-0.42924595793389597,-1.4983351831298601,,INSUFFICIENT_DATA,0.0,2026-07-20T01:04:47.264500+00:00
SR_FLIP_RETEST@ATR,ASIA/VOLATILE_EXPANSION/CASCADE/BTC_NEUTRAL,8,0,0,8,0.625,0.0666309898983507,0.04512315983603643,,INSUFFICIENT_DATA,1.0,2026-07-20T03:12:01.517409+00:00
SR_FLIP_RETEST@ATR,ASIA/MARKDOWN/EXPANDED/BTC_NEUTRAL,5,0,0,5,0.2,-0.058656352243938184,-0.3394689606262246,,INSUFFICIENT_DATA,1.0,2026-07-24T01:51:01.993036+00:00
SR_FLIP_RETEST@ATR,ASIA/ACCUMULATION/EXPANDED/BTC_NEUTRAL,6,0,0,6,0.16666666666666666,-0.28166645171431604,-0.33860858224878815,,INSUFFICIENT_DATA,1.0,2026-07-20T07:51:27.131263+00:00
SR_FLIP_RETEST@ATR,ASIA/DISTRIBUTION/EXPANDED/BTC_NEUTRAL,4,0,0,4,0.75,-0.10018282441370907,0.2992740047547452,,INSUFFICIENT_DATA,1.0,2026-07-24T01:56:14.086496+00:00
SR_FLIP_RETEST@ATR,ASIA/RANGE/EXPANDED/BTC_NEUTRAL,5,0,0,5,0.6,0.2492517067216966,-0.012616416651528128,,INSUFFICIENT_DATA,1.0,2026-07-20T07:46:22.314644+00:00
SR_FLIP_RETEST@ATR,ASIA/QUIET/EXPANDED/BTC_NEUTRAL,2,0,0,2,0.0,-0.21625494384005817,-0.39290625231213927,,INSUFFICIENT_DATA,0.0,2026-07-20T07:41:17.332317+00:00
SR_FLIP_RETEST@ATR,ASIA/MARKUP/COMPRESSED/BTC_NEUTRAL,1,0,0,1,0.0,-0.11336032388664373,-0.2572898799313991,,INSUFFICIENT_DATA,0.0,2026-07-20T07:00:37.570594+00:00
SR_FLIP_RETEST@ATR,OVERLAP/DISTRIBUTION/NORMAL/BTC_NEUTRAL,6,0,0,6,0.6666666666666666,0.31513249685096295,0.26537246467817704,,INSUFFICIENT_DATA,0.8405964993413549,2026-07-23T13:48:31.861282+00:00
SR_FLIP_RETEST@ATR,OFF_HOURS/RANGE/NORMAL/BTC_NEUTRAL,2,0,0,2,0.5,-0.006676121551043995,-0.33720073664824424,,INSUFFICIENT_DATA,1.0,2026-07-21T23:35:55.765095+00:00
SR_FLIP_RETEST@ATR,ASIA/ACCUMULATION/NORMAL/BTC_RISING,1,0,0,1,1.0,0.15955556522558823,0.7417397167902832,,INSUFFICIENT_DATA,1.0,2026-07-21T05:01:51.418855+00:00
SR_FLIP_RETEST@ATR,LONDON/DISTRIBUTION/NORMAL/BTC_RISING,7,0,0,7,0.7142857142857143,-0.14340526049927788,-0.046232091518754743,,INSUFFICIENT_DATA,1.0,2026-07-21T12:22:12.534794+00:00
SR_FLIP_RETEST@ATR,LONDON/QUIET/COMPRESSED/BTC_RISING,2,0,0,2,0.5,-0.013525868471418762,-0.0011753451800088216,,INSUFFICIENT_DATA,1.0,2026-07-21T11:50:54.733743+00:00
SR_FLIP_RETEST@ATR,LONDON/MARKDOWN/COMPRESSED/BTC_RISING,2,0,0,2,0.5,0.0152453350052153,-0.006939302625915578,,INSUFFICIENT_DATA,1.0,2026-07-21T12:27:35.693548+00:00
SR_FLIP_RETEST@ATR,LONDON/RANGE/NORMAL/BTC_RISING,3,0,0,3,0.3333333333333333,0.04064307401158155,0.021973815071006653,,INSUFFICIENT_DATA,1.0,2026-07-21T12:37:55.739962+00:00
SR_FLIP_RETEST@ATR,LONDON/QUIET/NORMAL/BTC_RISING,2,0,0,2,0.5,-0.008127824018265714,-0.01175352745843894,,INSUFFICIENT_DATA,1.0,2026-07-21T12:27:35.693300+00:00
SR_FLIP_RETEST@ATR,OVERLAP/MARKDOWN/COMPRESSED/BTC_RISING,1,0,0,1,1.0,0.09368339695996962,0.2869440459110357,,INSUFFICIENT_DATA,1.0,2026-07-21T13:19:26.332326+00:00
SR_FLIP_RETEST@ATR,OVERLAP/MARKDOWN/NORMAL/BTC_RISING,3,0,0,3,0.6666666666666666,0.05370580080912637,0.05058925363692376,,INSUFFICIENT_DATA,1.0,2026-07-21T16:48:22.182634+00:00
SR_FLIP_RETEST@ATR,OVERLAP/QUIET/COMPRESSED/BTC_RISING,1,0,0,1,0.0,-0.3933342948171666,-0.3512058066026752,,INSUFFICIENT_DATA,0.0,2026-07-21T14:44:02.152724+00:00
SR_FLIP_RETEST@ATR,OVERLAP/RANGE/NORMAL/BTC_RISING,1,0,0,1,1.0,0.7306528507491934,0.8444134182908667,,INSUFFICIENT_DATA,1.0,2026-07-21T14:44:02.153134+00:00
SR_FLIP_RETEST@ATR,OVERLAP/RANGE/EXPANDED/BTC_RISING,2,0,0,2,0.5,-0.357140650820864,-0.12259706557630035,,INSUFFICIENT_DATA,1.0,2026-07-21T14:59:46.440061+00:00
SR_FLIP_RETEST@ATR,OVERLAP/DISTRIBUTION/EXPANDED/BTC_RISING,1,0,0,1,1.0,0.1861702127659544,0.1742160278745614,,INSUFFICIENT_DATA,1.0,2026-07-21T16:22:39.065376+00:00
SR_FLIP_RETEST@ATR,OVERLAP/DISTRIBUTION/NORMAL/BTC_RISING,2,0,0,2,1.0,0.2119285498032101,0.12521387099066478,,INSUFFICIENT_DATA,1.0,2026-07-21T16:58:42.589707+00:00
SR_FLIP_RETEST@ATR,NY/DISTRIBUTION/EXPANDED/BTC_RISING,1,0,0,1,1.0,0.278018509819404,0.8775045898781574,,INSUFFICIENT_DATA,1.0,2026-07-21T17:24:41.155540+00:00
SR_FLIP_RETEST@ATR,NY/DISTRIBUTION/NORMAL/BTC_RISING,2,0,0,2,1.0,0.5341369309401145,0.6784761367829399,,INSUFFICIENT_DATA,1.0,2026-07-21T18:52:51.303570+00:00
SR_FLIP_RETEST@ATR,OFF_HOURS/MARKDOWN/NORMAL/BTC_RISING,1,0,0,1,0.0,-0.11907951534637291,-0.1257071024512886,,INSUFFICIENT_DATA,0.0,2026-07-22T00:37:20.841460+00:00
SR_FLIP_RETEST@ATR,OFF_HOURS/QUIET/COMPRESSED/BTC_RISING,1,0,0,1,0.0,-0.1287911099898484,-0.5943089277989821,,INSUFFICIENT_DATA,0.0,2026-07-22T00:57:45.138251+00:00
SR_FLIP_RETEST@ATR,LONDON/DISTRIBUTION/NORMAL/BTC_NEUTRAL,2,0,0,2,0.5,-0.5787172230507365,-0.2510122858267607,,INSUFFICIENT_DATA,0.4633888888889091,2026-07-23T12:55:41.719066+00:00
SR_FLIP_RETEST@ATR,OVERLAP/DISTRIBUTION/EXPANDED/BTC_NEUTRAL,2,0,0,2,0.5,-0.0743100339052626,-0.07406885129665293,,INSUFFICIENT_DATA,0.012263066202053072,2026-07-23T16:47:56.422712+00:00
SR_FLIP_RETEST@ATR,OFF_HOURS/MARKUP/NORMAL/BTC_NEUTRAL,1,0,0,1,0.0,-1.0729828178694159,-2.2052782747904707,,INSUFFICIENT_DATA,0.0,2026-07-24T00:48:17.140576+00:00
SR_FLIP_RETEST@FIXED,OVERLAP/QUIET/COMPRESSED/BTC_NEUTRAL,17,0,0,17,0.8235294117647058,0.5092627679953995,0.4128634141113845,0.3171444140694927,STRONG,0.8689784110257999,2026-07-23T13:38:00.957926+00:00
SR_FLIP_RETEST@FIXED,LONDON/MARKDOWN/NORMAL/BTC_NEUTRAL,41,0,0,41,0.7073170731707317,0.27622813749749736,0.22228577484294523,0.17344905197874802,POSITIVE,0.9744121136530628,2026-07-23T12:44:52.445725+00:00
SR_FLIP_RETEST@FIXED,NY/ACCUMULATION/EXPANDED/BTC_NEUTRAL,23,0,0,23,0.6521739130434783,0.28957599375951887,0.31607489762390334,0.13870942172602715,POSITIVE,1.0,2026-07-19T19:23:35.149563+00:00
SR_FLIP_RETEST@FIXED,NY/ACCUMULATION/NORMAL/BTC_NEUTRAL,25,0,0,25,0.56,0.2609433707357681,0.266137734463006,0.12947217373050687,POSITIVE,0.9455287756162225,2026-07-23T19:04:08.229459+00:00
SR_FLIP_RETEST@FIXED,NY/QUIET/EXPANDED/BTC_NEUTRAL,24,0,0,24,0.5833333333333334,0.18678487574601066,0.11451017005743752,0.06327859786629705,POSITIVE,0.9517754133905346,2026-07-23T19:14:31.272775+00:00
SR_FLIP_RETEST@FIXED,OFF_HOURS/QUIET/COMPRESSED/BTC_NEUTRAL,33,0,0,33,0.5757575757575758,0.1454179623724888,0.036069223624806836,0.04529607711068942,FLAT,0.9351585467704928,2026-07-24T01:03:57.400006+00:00
SR_FLIP_RETEST@FIXED,ASIA/QUIET/NORMAL/BTC_FALLING,19,0,0,19,0.47368421052631576,0.14132304310390909,0.0877789281335533,0.02367831677472751,FLAT,1.0,2026-07-17T07:09:27.587713+00:00
SR_FLIP_RETEST@FIXED,LONDON/MARKDOWN/COMPRESSED/BTC_NEUTRAL,28,0,0,28,0.5357142857142857,0.13347305662397246,0.05599729887616462,-0.006481981883454058,FLAT,0.9828261066118804,2026-07-23T08:06:15.227040+00:00
SR_FLIP_RETEST@FIXED,LONDON/QUIET/COMPRESSED/BTC_NEUTRAL,50,0,0,50,0.52,0.04913453239475327,0.029285561546936015,-0.03820888469498185,FLAT,0.9576894477450708,2026-07-23T12:44:52.446482+00:00
SR_FLIP_RETEST@FIXED,NY/MARKDOWN/NORMAL/BTC_NEUTRAL,48,0,0,48,0.5,-0.027593365138490034,-0.13353122890243183,-0.11517829379502897,NEGATIVE,1.0,2026-07-23T20:01:32.107896+00:00
SR_FLIP_RETEST@FIXED,NY/MARKDOWN/EXPANDED/BTC_NEUTRAL,18,0,0,18,0.5555555555555556,-0.03295735231995083,-0.03956134419900743,-0.11720344234856794,NEGATIVE,0.8764214954728298,2026-07-23T20:06:54.057445+00:00
SR_FLIP_RETEST@FIXED,OFF_HOURS/MARKDOWN/NORMAL/BTC_FALLING,18,0,0,18,0.5,0.029184914948561777,0.055393358841232455,-0.11971848326241985,NEGATIVE,1.0,2026-07-17T00:57:47.324540+00:00
SR_FLIP_RETEST@FIXED,ASIA/QUIET/COMPRESSED/BTC_NEUTRAL,49,0,0,49,0.40816326530612246,-0.06428069335974364,-0.025446191139563087,-0.13164961038358905,NEGATIVE,0.9236786771373752,2026-07-24T01:24:47.262490+00:00
SR_FLIP_RETEST@FIXED,ASIA/RANGE/NORMAL/BTC_NEUTRAL,17,0,0,17,0.5882352941176471,-0.0012876707917102322,0.13547664384942565,-0.13878144722641955,NEGATIVE,0.979206328055482,2026-07-24T01:24:47.262099+00:00
SR_FLIP_RETEST@FIXED,OVERLAP/QUIET/NORMAL/BTC_NEUTRAL,23,0,0,23,0.4782608695652174,-0.054731654473860455,-0.06221571884484514,-0.1663841468823531,NEGATIVE,0.9283986753132473,2026-07-23T13:38:00.958121+00:00
SR_FLIP_RETEST@FIXED,OVERLAP/MARKDOWN/CASCADE/BTC_NEUTRAL,20,0,0,20,0.6,-0.08996179155482499,-0.09438480103664529,-0.16883830810599315,NEGATIVE,0.6080579740354111,2026-07-23T16:32:02.683945+00:00
SR_FLIP_RETEST@FIXED,NY/DISTRIBUTION/NORMAL/BTC_NEUTRAL,15,0,0,15,0.4666666666666667,-0.06136316782757532,0.016527880056118178,-0.17185077925589815,NEGATIVE,0.889284026015841,2026-07-23T19:45:52.770994+00:00
SR_FLIP_RETEST@FIXED,OVERLAP/VOLATILE_EXPANSION/CASCADE/BTC_NEUTRAL,42,0,0,42,0.5,-0.10416092187322883,-0.08096230130905067,-0.18453439714830552,NEGATIVE,0.7339557599895251,2026-07-23T16:37:30.316631+00:00
SR_FLIP_RETEST@FIXED,NY/RANGE/NORMAL/BTC_NEUTRAL,18,0,0,18,0.5555555555555556,-0.08404253052067716,-0.03525021296205702,-0.19955036720622468,NEGATIVE,0.9703982501566575,2026-07-23T19:14:31.272425+00:00
SR_FLIP_RETEST@FIXED,ASIA/MARKDOWN/NORMAL/BTC_NEUTRAL,35,0,0,35,0.4857142857142857,-0.09812429172093608,-0.09814393941089725,-0.2021817392386399,NEGATIVE,0.9761777735763906,2026-07-24T02:32:55.314222+00:00
SR_FLIP_RETEST@FIXED,OVERLAP/MARKDOWN/NORMAL/BTC_NEUTRAL,22,0,0,22,0.45454545454545453,-0.10839367323721256,-0.042605375070463296,-0.22406494332534707,NEGATIVE,0.9027772930249104,2026-07-23T16:47:56.424631+00:00
SR_FLIP_RETEST@FIXED,ASIA/QUIET/NORMAL/BTC_NEUTRAL,50,0,0,50,0.46,-0.16108486383886547,-0.11272729183239441,-0.22442468621124345,NEGATIVE,0.8498159535135297,2026-07-24T03:45:36.934050+00:00
SR_FLIP_RETEST@FIXED,ASIA/ACCUMULATION/NORMAL/BTC_NEUTRAL,15,0,0,15,0.6,-0.141213852641366,-0.007597573617192702,-0.24579218989401674,NEGATIVE,0.9430842524352798,2026-07-23T07:45:06.783002+00:00
SR_FLIP_RETEST@FIXED,NY/MARKDOWN/COMPRESSED/BTC_NEUTRAL,30,0,0,30,0.4,-0.1437998340109546,-0.14561287079152202,-0.26892337875671457,NEGATIVE,0.8741090131386674,2026-07-23T22:27:33.114849+00:00
SR_FLIP_RETEST@FIXED,NY/QUIET/NORMAL/BTC_NEUTRAL,50,0,0,50,0.36,-0.26263271918341446,-0.15402037841139138,-0.3038103681432296,NEGATIVE,0.9263559363259039,2026-07-23T20:58:55.293750+00:00
SR_FLIP_RETEST@FIXED,NY/QUIET/COMPRESSED/BTC_NEUTRAL,28,0,0,28,0.2857142857142857,-0.23440242086465207,-0.14385223877608722,-0.30456644963509655,NEGATIVE,0.9419292385488468,2026-07-23T22:53:34.965990+00:00
SR_FLIP_RETEST@FIXED,NY/VOLATILE_EXPANSION/CASCADE/BTC_NEUTRAL,16,0,0,16,0.375,-0.2132362165993082,-0.19756434598650804,-0.3141047943223611,NEGATIVE,1.0,2026-07-23T17:29:57.778208+00:00
SR_FLIP_RETEST@FIXED,ASIA/MARKDOWN/NORMAL/BTC_FALLING,30,0,0,30,0.3333333333333333,-0.2893644833261619,-0.21180629750077726,-0.34096899630175515,NEGATIVE,1.0,2026-07-17T07:29:51.375337+00:00
SR_FLIP_RETEST@FIXED,LONDON/QUIET/NORMAL/BTC_NEUTRAL,34,0,0,34,0.20588235294117646,-0.28741631353133057,-0.17624259750414803,-0.3775184406911067,NEGATIVE,0.9597643151970866,2026-07-23T11:20:55.188522+00:00
SR_FLIP_RETEST@FIXED,ASIA/MARKDOWN/COMPRESSED/BTC_NEUTRAL,31,0,0,31,0.3870967741935484,-0.33928288457771105,-0.1430429596168255,-0.413509945751025,NEGATIVE,0.9472748708532709,2026-07-24T01:56:14.086606+00:00
SR_FLIP_RETEST@FIXED,OVERLAP/QUIET/EXPANDED/BTC_NEUTRAL,16,0,0,16,0.1875,-0.549040075858501,-0.36155330694449583,-0.6211652868263365,NEGATIVE,0.8789555979792324,2026-07-23T13:43:17.637211+00:00
SR_FLIP_RETEST@FIXED,LONDON/RANGE/NORMAL/BTC_NEUTRAL,9,0,0,9,0.2222222222222222,-0.4271082257780778,-0.5991266416475356,,INSUFFICIENT_DATA,1.0,2026-07-22T11:10:19.559103+00:00
SR_FLIP_RETEST@FIXED,LONDON/MARKDOWN/CASCADE/BTC_NEUTRAL,2,0,0,2,0.5,0.5204771047164227,0.47786568179614924,,INSUFFICIENT_DATA,1.0,2026-07-22T10:11:53.822206+00:00
SR_FLIP_RETEST@FIXED,OVERLAP/ACCUMULATION/NORMAL/BTC_NEUTRAL,7,0,0,7,0.5714285714285714,0.19379806525886378,0.023055510996145192,,INSUFFICIENT_DATA,0.9610560947216289,2026-07-22T16:32:52.216659+00:00
SR_FLIP_RETEST@FIXED,OVERLAP/MARKDOWN/COMPRESSED/BTC_NEUTRAL,6,0,0,6,0.6666666666666666,-0.07142712140501717,-0.13972277411853942,,INSUFFICIENT_DATA,0.836237773293567,2026-07-23T14:57:03.215238+00:00
SR_FLIP_RETEST@FIXED,OFF_HOURS/QUIET/NORMAL/BTC_NEUTRAL,12,0,0,12,0.4166666666666667,-0.3908304210534285,-0.16541069372423622,,INSUFFICIENT_DATA,0.6922118691491179,2026-07-24T00:58:46.752619+00:00
SR_FLIP_RETEST@FIXED,OFF_HOURS/ACCUMULATION/NORMAL/BTC_NEUTRAL,4,0,0,4,0.0,-0.8443042052726472,-0.6940422582525472,,INSUFFICIENT_DATA,0.0,2026-07-24T00:58:46.752904+00:00
SR_FLIP_RETEST@FIXED,ASIA/DISTRIBUTION/NORMAL/BTC_NEUTRAL,13,0,0,13,0.46153846153846156,-0.17600342944749728,-0.09690280024669193,,INSUFFICIENT_DATA,0.8868146737936458,2026-07-24T01:45:47.737274+00:00
SR_FLIP_RETEST@FIXED,ASIA/MARKDOWN/EXPANDED/BTC_RISING,1,0,0,1,0.0,-1.0,-2.9999999999999947,,INSUFFICIENT_DATA,0.0,2026-07-15T07:40:47.174008+00:00
SR_FLIP_RETEST@FIXED,ASIA/RANGE/NORMAL/BTC_RISING,1,0,0,1,1.0,0.6453913043478383,0.6000000000000031,,INSUFFICIENT_DATA,1.0,2026-07-15T07:55:56.673337+00:00
SR_FLIP_RETEST@FIXED,LONDON/ACCUMULATION/NORMAL/BTC_NEUTRAL,13,0,0,13,0.46153846153846156,-0.07022679703474512,-0.027342466418226668,,INSUFFICIENT_DATA,0.9239524217216631,2026-07-23T08:47:55.680704+00:00
SR_FLIP_RETEST@FIXED,LONDON/RANGE/EXPANDED/BTC_NEUTRAL,2,0,0,2,0.0,-0.5849089096426195,-0.6977891792706605,,INSUFFICIENT_DATA,0.0,2026-07-16T10:38:47.420866+00:00
SR_FLIP_RETEST@FIXED,OVERLAP/RANGE/NORMAL/BTC_NEUTRAL,13,0,0,13,0.23076923076923078,-0.5173079831032592,-0.3319887940381638,,INSUFFICIENT_DATA,1.0,2026-07-22T13:15:13.797745+00:00
SR_FLIP_RETEST@FIXED,OVERLAP/QUIET/NORMAL/BTC_RISING,4,0,0,4,0.0,-0.6336144142643205,-0.41149223612530406,,INSUFFICIENT_DATA,0.0,2026-07-21T16:43:10.947491+00:00
SR_FLIP_RETEST@FIXED,OVERLAP/VOLATILE_EXPANSION/CASCADE/BTC_RISING,3,0,0,3,0.6666666666666666,-0.0013727749693355773,0.0361678473431821,,INSUFFICIENT_DATA,1.0,2026-07-21T16:38:01.779612+00:00
SR_FLIP_RETEST@FIXED,OVERLAP/QUIET/EXPANDED/BTC_RISING,1,0,0,1,1.0,1.200000000000033,0.8653823988474154,,INSUFFICIENT_DATA,1.0,2026-07-15T15:32:56.929342+00:00
SR_FLIP_RETEST@FIXED,OVERLAP/MARKDOWN/CASCADE/BTC_RISING,3,0,0,3,1.0,0.9791831357048583,0.6702577470114806,,INSUFFICIENT_DATA,1.0,2026-07-15T15:57:59.675613+00:00
SR_FLIP_RETEST@FIXED,OVERLAP/MARKDOWN/EXPANDED/BTC_RISING,4,0,0,4,1.0,0.533724059816723,0.3550010229073126,,INSUFFICIENT_DATA,1.0,2026-07-15T16:33:23.010524+00:00
SR_FLIP_RETEST@FIXED,NY/RANGE/EXPANDED/BTC_RISING,2,0,0,2,0.5,0.09999999999999287,-0.06374766663007231,,INSUFFICIENT_DATA,1.0,2026-07-15T17:59:19.405512+00:00
SR_FLIP_RETEST@FIXED,NY/QUIET/NORMAL/BTC_RISING,10,0,0,10,0.6,0.13493201137662975,0.07862407578033123,,INSUFFICIENT_DATA,1.0,2026-07-21T18:37:27.667051+00:00
SR_FLIP_RETEST@FIXED,NY/MARKDOWN/NORMAL/BTC_RISING,5,0,0,5,0.8,0.420859662742797,0.48703957369306705,,INSUFFICIENT_DATA,1.0,2026-07-18T20:51:55.734394+00:00
SR_FLIP_RETEST@FIXED,NY/MARKDOWN/CASCADE/BTC_NEUTRAL,11,0,0,11,0.36363636363636365,-0.22909683032874203,-0.03978117020884478,,INSUFFICIENT_DATA,0.9537892304469345,2026-07-23T17:19:35.627981+00:00
SR_FLIP_RETEST@FIXED,NY/RANGE/EXPANDED/BTC_NEUTRAL,4,0,0,4,1.0,0.4456336174341874,0.42154865367956085,,INSUFFICIENT_DATA,1.0,2026-07-19T18:12:34.119998+00:00
SR_FLIP_RETEST@FIXED,OFF_HOURS/MARKDOWN/NORMAL/BTC_NEUTRAL,4,0,0,4,0.25,-0.11472815392559893,-0.1504060415553014,,INSUFFICIENT_DATA,1.0,2026-07-23T00:29:05.865679+00:00
SR_FLIP_RETEST@FIXED,LONDON/QUIET/NORMAL/BTC_FALLING,12,0,0,12,0.5,-0.0956850626083643,-0.074170740271385,,INSUFFICIENT_DATA,1.0,2026-07-17T12:18:31.592791+00:00
SR_FLIP_RETEST@FIXED,LONDON/MARKDOWN/EXPANDED/BTC_FALLING,5,0,0,5,0.2,-0.6095450182449114,-0.5557538133068103,,INSUFFICIENT_DATA,1.0,2026-07-17T09:58:41.930696+00:00
SR_FLIP_RETEST@FIXED,LONDON/MARKDOWN/EXPANDED/BTC_NEUTRAL,8,0,0,8,0.25,-0.4903346256073594,-0.11608668742875383,,INSUFFICIENT_DATA,1.0,2026-07-22T09:09:19.959782+00:00
SR_FLIP_RETEST@FIXED,LONDON/VOLATILE_EXPANSION/CASCADE/BTC_NEUTRAL,2,0,0,2,1.0,0.07811142097299947,0.0390557104864994,,INSUFFICIENT_DATA,0.34242661169624083,2026-07-23T12:55:41.712606+00:00
SR_FLIP_RETEST@FIXED,OVERLAP/RANGE/EXPANDED/BTC_NEUTRAL,5,0,0,5,0.0,-1.034880325956161,-0.7720642377743769,,INSUFFICIENT_DATA,0.0,2026-07-23T14:30:31.584369+00:00
SR_FLIP_RETEST@FIXED,OVERLAP/ACCUMULATION/EXPANDED/BTC_NEUTRAL,4,0,0,4,0.25,-0.4500000000000105,-0.38293749887687656,,INSUFFICIENT_DATA,1.0,2026-07-20T15:40:08.274637+00:00
SR_FLIP_RETEST@FIXED,OVERLAP/MARKDOWN/EXPANDED/BTC_NEUTRAL,7,0,0,7,0.5714285714285714,-0.3043001443917141,-0.20796484523603662,,INSUFFICIENT_DATA,0.7121482777439602,2026-07-23T16:05:44.045967+00:00
SR_FLIP_RETEST@FIXED,OFF_HOURS/QUIET/NORMAL/BTC_FALLING,6,0,0,6,0.5,0.08238655753438169,0.07375497668226573,,INSUFFICIENT_DATA,1.0,2026-07-17T00:57:47.324089+00:00
SR_FLIP_RETEST@FIXED,OFF_HOURS/ACCUMULATION/NORMAL/BTC_FALLING,2,0,0,2,1.0,0.6896055424846456,0.6392756159624615,,INSUFFICIENT_DATA,1.0,2026-07-17T00:11:46.628346+00:00
SR_FLIP_RETEST@FIXED,OFF_HOURS/MARKDOWN/COMPRESSED/BTC_FALLING,1,0,0,1,1.0,0.7553876916240492,0.3776938458120298,,INSUFFICIENT_DATA,1.0,2026-07-17T00:06:43.148038+00:00
SR_FLIP_RETEST@FIXED,OFF_HOURS/QUIET/COMPRESSED/BTC_FALLING,1,0,0,1,0.0,-0.05301843811260029,-0.03719088023123797,,INSUFFICIENT_DATA,0.0,2026-07-17T00:26:57.408994+00:00
SR_FLIP_RETEST@FIXED,OFF_HOURS/MARKDOWN/CASCADE/BTC_FALLING,1,0,0,1,0.0,-0.2828282256912682,-0.25940337224383936,,INSUFFICIENT_DATA,0.0,2026-07-17T00:32:11.048179+00:00
SR_FLIP_RETEST@FIXED,OFF_HOURS/ACCUMULATION/EXPANDED/BTC_FALLING,1,0,0,1,0.0,-0.13316845809948127,-0.0912765680010331,,INSUFFICIENT_DATA,0.0,2026-07-17T00:37:22.334961+00:00
SR_FLIP_RETEST@FIXED,OFF_HOURS/MARKDOWN/EXPANDED/BTC_FALLING,1,0,0,1,0.0,-0.08759251959881707,-0.062421972534325215,,INSUFFICIENT_DATA,0.0,2026-07-17T00:37:22.335264+00:00
SR_FLIP_RETEST@FIXED,ASIA/MARKDOWN/EXPANDED/BTC_FALLING,10,0,0,10,0.3,-0.27999056598389227,-0.21557324311642717,,INSUFFICIENT_DATA,1.0,2026-07-17T07:19:37.862204+00:00
SR_FLIP_RETEST@FIXED,ASIA/MARKDOWN/CASCADE/BTC_FALLING,6,0,0,6,0.0,-0.5041056026184371,-0.4024682737262462,,INSUFFICIENT_DATA,0.0,2026-07-17T07:09:27.580481+00:00
SR_FLIP_RETEST@FIXED,ASIA/VOLATILE_EXPANSION/CASCADE/BTC_FALLING,1,0,0,1,0.0,-1.0,-0.9500260281103557,,INSUFFICIENT_DATA,0.0,2026-07-17T03:19:56.724220+00:00
SR_FLIP_RETEST@FIXED,ASIA/QUIET/COMPRESSED/BTC_FALLING,6,0,0,6,1.0,0.5371517803192373,0.44231635879767134,,INSUFFICIENT_DATA,1.0,2026-07-17T06:39:44.849390+00:00
SR_FLIP_RETEST@FIXED,ASIA/ACCUMULATION/NORMAL/BTC_FALLING,1,0,0,1,1.0,0.673724605635297,0.6471654154801973,,INSUFFICIENT_DATA,1.0,2026-07-17T05:47:23.458291+00:00
SR_FLIP_RETEST@FIXED,ASIA/MARKDOWN/COMPRESSED/BTC_FALLING,4,0,0,4,0.75,0.414562673506087,0.4369307774973229,,INSUFFICIENT_DATA,1.0,2026-07-17T07:29:51.375001+00:00
SR_FLIP_RETEST@FIXED,LONDON/RANGE/NORMAL/BTC_FALLING,1,0,0,1,1.0,0.2272159232919095,0.4236597686165955,,INSUFFICIENT_DATA,1.0,2026-07-17T08:36:38.761015+00:00
SR_FLIP_RETEST@FIXED,LONDON/MARKDOWN/COMPRESSED/BTC_FALLING,2,0,0,2,0.5,0.20691402836719142,0.1703403565640154,,INSUFFICIENT_DATA,1.0,2026-07-17T12:28:51.576622+00:00
SR_FLIP_RETEST@FIXED,LONDON/QUIET/COMPRESSED/BTC_FALLING,2,0,0,2,0.5,-0.17165943615171997,-0.011972459270750357,,INSUFFICIENT_DATA,1.0,2026-07-17T09:22:49.718821+00:00
SR_FLIP_RETEST@FIXED,LONDON/MARKDOWN/NORMAL/BTC_FALLING,6,0,0,6,0.16666666666666666,-0.4280135574054175,-0.15695233388213062,,INSUFFICIENT_DATA,1.0,2026-07-17T09:58:41.930975+00:00
SR_FLIP_RETEST@FIXED,LONDON/QUIET/EXPANDED/BTC_FALLING,1,0,0,1,0.0,-0.46842105263158534,-0.4005400540054072,,INSUFFICIENT_DATA,0.0,2026-07-17T09:48:32.563914+00:00
SR_FLIP_RETEST@FIXED,LONDON/ACCUMULATION/NORMAL/BTC_FALLING,1,0,0,1,0.0,-0.29195618988830596,-0.27526543452614904,,INSUFFICIENT_DATA,0.0,2026-07-17T09:58:41.930807+00:00
SR_FLIP_RETEST@FIXED,LONDON/MARKUP/NORMAL/BTC_FALLING,1,0,0,1,0.0,-1.0,-0.5000000000000022,,INSUFFICIENT_DATA,0.0,2026-07-17T10:39:40.937220+00:00
SR_FLIP_RETEST@FIXED,OVERLAP/QUIET/NORMAL/BTC_FALLING,5,0,0,5,0.8,0.7510118309692814,0.4376194001855083,,INSUFFICIENT_DATA,1.0,2026-07-17T14:41:35.733423+00:00
SR_FLIP_RETEST@FIXED,OVERLAP/QUIET/COMPRESSED/BTC_FALLING,4,0,0,4,0.75,0.47150963578437377,0.42570998313689135,,INSUFFICIENT_DATA,1.0,2026-07-17T14:10:44.663734+00:00
SR_FLIP_RETEST@FIXED,OVERLAP/MARKDOWN/COMPRESSED/BTC_FALLING,1,0,0,1,1.0,1.1999999999999766,0.599999999999993,,INSUFFICIENT_DATA,1.0,2026-07-17T14:00:25.247677+00:00
SR_FLIP_RETEST@FIXED,OVERLAP/ACCUMULATION/NORMAL/BTC_FALLING,2,0,0,2,0.5,-0.17905146920129072,-0.18379837983798514,,INSUFFICIENT_DATA,1.0,2026-07-17T16:29:01.771555+00:00
SR_FLIP_RETEST@FIXED,OVERLAP/RANGE/NORMAL/BTC_FALLING,2,0,0,2,0.0,-1.0,-1.0447909747427846,,INSUFFICIENT_DATA,0.0,2026-07-17T14:41:35.733223+00:00
SR_FLIP_RETEST@FIXED,OVERLAP/MARKDOWN/CASCADE/BTC_FALLING,5,0,0,5,0.0,-0.885149069192367,-0.6442461157011672,,INSUFFICIENT_DATA,0.0,2026-07-17T14:51:45.088685+00:00
SR_FLIP_RETEST@FIXED,OVERLAP/MARKDOWN/NORMAL/BTC_FALLING,2,0,0,2,0.0,-1.0,-0.7525309892729417,,INSUFFICIENT_DATA,0.0,2026-07-17T14:31:26.503407+00:00
SR_FLIP_RETEST@FIXED,OVERLAP/VOLATILE_EXPANSION/CASCADE/BTC_FALLING,4,0,0,4,0.0,-1.0,-0.6668208670610218,,INSUFFICIENT_DATA,0.0,2026-07-17T16:23:47.427782+00:00
SR_FLIP_RETEST@FIXED,OVERLAP/ACCUMULATION/EXPANDED/BTC_FALLING,1,0,0,1,0.0,-0.6865151266252552,-0.7368421052631499,,INSUFFICIENT_DATA,0.0,2026-07-17T16:29:01.772471+00:00
SR_FLIP_RETEST@FIXED,OFF_HOURS/MARKDOWN/COMPRESSED/BTC_NEUTRAL,11,0,0,11,0.45454545454545453,-0.08373082487377773,-0.034510738809126244,,INSUFFICIENT_DATA,0.8596853395064797,2026-07-24T00:58:46.752382+00:00
SR_FLIP_RETEST@FIXED,NY/QUIET/EXPANDED/BTC_RISING,1,0,0,1,1.0,0.44387393980108786,0.4545454545454488,,INSUFFICIENT_DATA,1.0,2026-07-18T18:14:32.875495+00:00
SR_FLIP_RETEST@FIXED,NY/RANGE/NORMAL/BTC_RISING,4,0,0,4,0.5,-0.05957053391593861,-0.04156766360485842,,INSUFFICIENT_DATA,1.0,2026-07-21T18:52:51.303626+00:00
SR_FLIP_RETEST@FIXED,NY/MARKDOWN/EXPANDED/BTC_RISING,1,0,0,1,1.0,0.5846899480547432,0.5999999999999946,,INSUFFICIENT_DATA,1.0,2026-07-18T18:44:55.743827+00:00
SR_FLIP_RETEST@FIXED,NY/MARKDOWN/CASCADE/BTC_RISING,1,0,0,1,0.0,-1.0,-1.0510741338631506,,INSUFFICIENT_DATA,0.0,2026-07-18T19:56:11.948250+00:00
SR_FLIP_RETEST@FIXED,NY/QUIET/COMPRESSED/BTC_RISING,5,0,0,5,0.4,-0.269032212372761,-0.1726275218291212,,INSUFFICIENT_DATA,1.0,2026-07-21T22:08:40.478442+00:00
SR_FLIP_RETEST@FIXED,NY/MARKDOWN/COMPRESSED/BTC_RISING,1,0,0,1,0.0,-1.0,-2.999999999999994,,INSUFFICIENT_DATA,0.0,2026-07-18T22:14:36.747345+00:00
SR_FLIP_RETEST@FIXED,NY/VOLATILE_EXPANSION/CASCADE/BTC_RISING,1,0,0,1,0.0,-0.5912162162162224,-0.4729729729729809,,INSUFFICIENT_DATA,0.0,2026-07-18T22:55:16.004677+00:00
SR_FLIP_RETEST@FIXED,OFF_HOURS/QUIET/NORMAL/BTC_RISING,2,0,0,2,0.0,-0.19279243861827833,-0.12557153051245964,,INSUFFICIENT_DATA,0.0,2026-07-19T00:01:07.088509+00:00
SR_FLIP_RETEST@FIXED,OFF_HOURS/MARKDOWN/COMPRESSED/BTC_RISING,1,0,0,1,0.0,-1.0,-0.7140818584070855,,INSUFFICIENT_DATA,0.0,2026-07-19T00:11:14.393858+00:00
SR_FLIP_RETEST@FIXED,ASIA/QUIET/NORMAL/BTC_RISING,7,0,0,7,0.42857142857142855,0.07482992942698985,0.03546036957330721,,INSUFFICIENT_DATA,1.0,2026-07-22T02:29:44.563597+00:00
SR_FLIP_RETEST@FIXED,ASIA/MARKDOWN/COMPRESSED/BTC_RISING,5,0,0,5,0.0,-0.6344293532217467,-0.4010126030757739,,INSUFFICIENT_DATA,0.0,2026-07-21T07:07:12.833227+00:00
SR_FLIP_RETEST@FIXED,ASIA/MARKDOWN/NORMAL/BTC_RISING,7,0,0,7,0.7142857142857143,0.009922006360742395,0.11541255157109151,,INSUFFICIENT_DATA,1.0,2026-07-22T02:55:22.313845+00:00
SR_FLIP_RETEST@FIXED,ASIA/QUIET/COMPRESSED/BTC_RISING,6,0,0,6,0.0,-0.8591696216921489,-0.49908275106599587,,INSUFFICIENT_DATA,0.0,2026-07-22T01:07:57.799169+00:00
SR_FLIP_RETEST@FIXED,LONDON/DISTRIBUTION/EXPANDED/BTC_NEUTRAL,1,0,0,1,0.0,-0.05552470849528924,-0.04441976679623127,,INSUFFICIENT_DATA,0.0,2026-07-19T10:23:24.892300+00:00
SR_FLIP_RETEST@FIXED,LONDON/QUIET/EXPANDED/BTC_NEUTRAL,3,0,0,3,0.6666666666666666,0.4586425049053345,0.3730538700751935,,INSUFFICIENT_DATA,1.0,2026-07-20T10:04:34.945765+00:00
SR_FLIP_RETEST@FIXED,NY/DISTRIBUTION/EXPANDED/BTC_NEUTRAL,7,0,0,7,0.7142857142857143,0.4649310631965671,0.13612268564022018,,INSUFFICIENT_DATA,0.955080627583647,2026-07-23T17:56:28.747665+00:00
SR_FLIP_RETEST@FIXED,OFF_HOURS/MARKDOWN/CASCADE/BTC_NEUTRAL,1,0,0,1,1.0,1.2152488763109783,1.1895062734234991,,INSUFFICIENT_DATA,1.0,2026-07-19T23:22:46.121444+00:00
SR_FLIP_RETEST@FIXED,OFF_HOURS/MARKDOWN/EXPANDED/BTC_NEUTRAL,1,0,0,1,0.0,-1.0,-1.5877689730121252,,INSUFFICIENT_DATA,0.0,2026-07-20T00:08:37.047235+00:00
SR_FLIP_RETEST@FIXED,OFF_HOURS/RANGE/EXPANDED/BTC_NEUTRAL,3,0,0,3,0.3333333333333333,-0.2666666712986758,-0.34235104775665187,,INSUFFICIENT_DATA,1.0,2026-07-20T00:59:43.157818+00:00
SR_FLIP_RETEST@FIXED,OFF_HOURS/VOLATILE_EXPANSION/CASCADE/BTC_NEUTRAL,2,0,0,2,0.5,-0.40676425341476147,-0.41928297401649584,,INSUFFICIENT_DATA,1.0,2026-07-20T00:49:30.403797+00:00
SR_FLIP_RETEST@FIXED,OFF_HOURS/ACCUMULATION/EXPANDED/BTC_NEUTRAL,1,0,0,1,0.0,-1.0,-1.3956170094496925,,INSUFFICIENT_DATA,0.0,2026-07-20T00:34:09.970426+00:00
SR_FLIP_RETEST@FIXED,OFF_HOURS/DISTRIBUTION/NORMAL/BTC_NEUTRAL,4,0,0,4,0.0,-1.0,-0.7869377521104949,,INSUFFICIENT_DATA,0.0,2026-07-22T00:37:20.842020+00:00
SR_FLIP_RETEST@FIXED,OFF_HOURS/QUIET/EXPANDED/BTC_NEUTRAL,1,0,0,1,0.0,-1.0,-0.5000000000000071,,INSUFFICIENT_DATA,0.0,2026-07-20T01:04:47.264340+00:00
SR_FLIP_RETEST@FIXED,ASIA/VOLATILE_EXPANSION/CASCADE/BTC_NEUTRAL,8,0,0,8,0.625,0.11272275956127167,0.10953755112780163,,INSUFFICIENT_DATA,1.0,2026-07-20T03:12:01.517360+00:00
SR_FLIP_RETEST@FIXED,ASIA/MARKDOWN/EXPANDED/BTC_NEUTRAL,5,0,0,5,0.2,-0.5830137686589149,-0.06916678563037319,,INSUFFICIENT_DATA,1.0,2026-07-24T01:51:01.992960+00:00
SR_FLIP_RETEST@FIXED,ASIA/ACCUMULATION/EXPANDED/BTC_NEUTRAL,6,0,0,6,0.16666666666666666,-0.4414083530187385,-0.3838726767722511,,INSUFFICIENT_DATA,1.0,2026-07-20T07:51:27.131210+00:00
SR_FLIP_RETEST@FIXED,ASIA/DISTRIBUTION/EXPANDED/BTC_NEUTRAL,4,0,0,4,0.75,0.5508390063389625,0.2328778435678135,,INSUFFICIENT_DATA,1.0,2026-07-24T01:56:14.086411+00:00
SR_FLIP_RETEST@FIXED,ASIA/RANGE/EXPANDED/BTC_NEUTRAL,5,0,0,5,0.6,0.1281627389562237,-0.012616416651528128,,INSUFFICIENT_DATA,1.0,2026-07-20T07:46:22.314593+00:00
SR_FLIP_RETEST@FIXED,ASIA/QUIET/EXPANDED/BTC_NEUTRAL,2,0,0,2,0.0,-0.545687082320134,-0.3413718000918781,,INSUFFICIENT_DATA,0.0,2026-07-20T07:41:17.332271+00:00
SR_FLIP_RETEST@FIXED,ASIA/MARKUP/COMPRESSED/BTC_NEUTRAL,1,0,0,1,0.0,-1.0,-0.5078830760434598,,INSUFFICIENT_DATA,0.0,2026-07-20T07:00:37.570413+00:00
SR_FLIP_RETEST@FIXED,OVERLAP/DISTRIBUTION/NORMAL/BTC_NEUTRAL,6,0,0,6,0.5,-0.1296004403465045,-0.02301671771421704,,INSUFFICIENT_DATA,0.7760625955450512,2026-07-23T13:48:31.861207+00:00
SR_FLIP_RETEST@FIXED,OFF_HOURS/RANGE/NORMAL/BTC_NEUTRAL,2,0,0,2,0.5,-0.228545715415748,-0.33720073664824424,,INSUFFICIENT_DATA,1.0,2026-07-21T23:35:55.765050+00:00
SR_FLIP_RETEST@FIXED,ASIA/ACCUMULATION/NORMAL/BTC_RISING,1,0,0,1,1.0,1.4836795252225319,0.7417397167902832,,INSUFFICIENT_DATA,1.0,2026-07-21T05:01:51.418773+00:00
SR_FLIP_RETEST@FIXED,LONDON/DISTRIBUTION/NORMAL/BTC_RISING,7,0,0,7,0.42857142857142855,-0.16179389256307447,-0.05236713764132918,,INSUFFICIENT_DATA,1.0,2026-07-21T12:22:12.534734+00:00
SR_FLIP_RETEST@FIXED,LONDON/QUIET/COMPRESSED/BTC_RISING,2,0,0,2,0.5,-0.002350690360021057,-0.0011753451800088216,,INSUFFICIENT_DATA,1.0,2026-07-21T11:50:54.733655+00:00
SR_FLIP_RETEST@FIXED,LONDON/MARKDOWN/COMPRESSED/BTC_RISING,2,0,0,2,0.5,-0.08204499001844895,-0.006939302625915578,,INSUFFICIENT_DATA,1.0,2026-07-21T12:27:35.693503+00:00
SR_FLIP_RETEST@FIXED,LONDON/RANGE/NORMAL/BTC_RISING,3,0,0,3,0.3333333333333333,0.06534747233064815,0.021973815071006653,,INSUFFICIENT_DATA,1.0,2026-07-21T12:37:55.739908+00:00
SR_FLIP_RETEST@FIXED,LONDON/QUIET/NORMAL/BTC_RISING,2,0,0,2,0.5,-0.02352899842003696,-0.01175352745843894,,INSUFFICIENT_DATA,1.0,2026-07-21T12:27:35.693056+00:00
SR_FLIP_RETEST@FIXED,OVERLAP/MARKDOWN/COMPRESSED/BTC_RISING,1,0,0,1,1.0,0.2466958178891361,0.2869440459110357,,INSUFFICIENT_DATA,1.0,2026-07-21T13:19:26.332176+00:00
SR_FLIP_RETEST@FIXED,OVERLAP/MARKDOWN/NORMAL/BTC_RISING,3,0,0,3,0.6666666666666666,0.11843534997792453,0.05058925363692376,,INSUFFICIENT_DATA,1.0,2026-07-21T16:48:22.182557+00:00
SR_FLIP_RETEST@FIXED,OVERLAP/QUIET/COMPRESSED/BTC_RISING,1,0,0,1,0.0,-1.0,-0.49988293139781576,,INSUFFICIENT_DATA,0.0,2026-07-21T14:44:02.152664+00:00
SR_FLIP_RETEST@FIXED,OVERLAP/RANGE/NORMAL/BTC_RISING,1,0,0,1,1.0,1.200000000000033,0.8444134182908667,,INSUFFICIENT_DATA,1.0,2026-07-21T14:44:02.153069+00:00
SR_FLIP_RETEST@FIXED,OVERLAP/RANGE/EXPANDED/BTC_RISING,2,0,0,2,0.5,0.3344915209466564,0.12379475588568084,,INSUFFICIENT_DATA,1.0,2026-07-21T14:59:46.440012+00:00
SR_FLIP_RETEST@FIXED,OVERLAP/DISTRIBUTION/EXPANDED/BTC_RISING,1,0,0,1,1.0,0.13574660633483815,0.1742160278745614,,INSUFFICIENT_DATA,1.0,2026-07-21T16:22:39.065302+00:00
SR_FLIP_RETEST@FIXED,OVERLAP/DISTRIBUTION/NORMAL/BTC_RISING,2,0,0,2,1.0,0.17895165490120313,0.12521387099066478,,INSUFFICIENT_DATA,1.0,2026-07-21T16:58:42.589643+00:00
SR_FLIP_RETEST@FIXED,NY/DISTRIBUTION/EXPANDED/BTC_RISING,1,0,0,1,1.0,0.6939529853982881,0.8775045898781574,,INSUFFICIENT_DATA,1.0,2026-07-21T17:24:41.155398+00:00
SR_FLIP_RETEST@FIXED,NY/DISTRIBUTION/NORMAL/BTC_RISING,2,0,0,2,1.0,0.8999475039059982,0.6784761367829399,,INSUFFICIENT_DATA,1.0,2026-07-21T18:52:51.303463+00:00
SR_FLIP_RETEST@FIXED,OFF_HOURS/MARKDOWN/NORMAL/BTC_RISING,1,0,0,1,0.0,-0.23581040371920098,-0.1257071024512886,,INSUFFICIENT_DATA,0.0,2026-07-22T00:37:20.841330+00:00
SR_FLIP_RETEST@FIXED,OFF_HOURS/QUIET/COMPRESSED/BTC_RISING,1,0,0,1,0.0,-1.0,-0.4999999999999983,,INSUFFICIENT_DATA,0.0,2026-07-22T00:57:45.138134+00:00
SR_FLIP_RETEST@FIXED,LONDON/DISTRIBUTION/NORMAL/BTC_NEUTRAL,2,0,0,2,0.5,-0.5494683420855482,-0.2602339786727357,,INSUFFICIENT_DATA,0.4633888888889091,2026-07-23T12:55:41.718970+00:00
SR_FLIP_RETEST@FIXED,OVERLAP/DISTRIBUTION/EXPANDED/BTC_NEUTRAL,2,0,0,2,0.5,-0.04987852409840941,-0.07406885129665293,,INSUFFICIENT_DATA,0.012263066202053072,2026-07-23T16:47:56.422645+00:00
SR_FLIP_RETEST@FIXED,OFF_HOURS/MARKUP/NORMAL/BTC_NEUTRAL,1,0,0,1,0.0,-0.26973192704900045,-0.8091957811470013,,INSUFFICIENT_DATA,0.0,2026-07-24T00:48:17.140471+00:00
TREND_PULLBACK_EMA,OFF_HOURS/MARKDOWN/COMPRESSED/BTC_NEUTRAL,40,0,40,0,1.0,0.39687534564760585,1.1906260369428168,0.3620993263453942,STRONG,0.8881119746547207,2026-07-23T00:03:06.786777+00:00
TREND_PULLBACK_EMA,OFF_HOURS/MARKDOWN/COMPRESSED/BTC_NEUTRAL/ALTCOIN,40,0,40,0,1.0,0.39687534564760585,1.1906260369428168,0.3620993263453942,STRONG,0.8881119746547207,2026-07-23T00:03:06.786789+00:00
TREND_PULLBACK_EMA,ASIA/MARKDOWN/COMPRESSED/BTC_NEUTRAL,50,0,50,0,1.0,0.2855291526550655,0.6557677858340503,0.2651566378553623,STRONG,1.0,2026-07-18T06:54:45.579227+00:00
TREND_PULLBACK_EMA,NY/MARKDOWN/NORMAL/BTC_RISING,33,0,33,0,0.9393939393939394,0.3003596254532069,0.9455314311285611,0.25207064585309064,STRONG,1.0,2026-07-20T19:05:58.438473+00:00
TREND_PULLBACK_EMA,ASIA/MARKUP/NORMAL/BTC_NEUTRAL/MIDCAP,23,0,23,0,0.5217391304347826,0.47057045087990834,1.810891440273485,0.12119169262008633,POSITIVE,1.0,2026-07-21T03:14:24.719385+00:00
TREND_PULLBACK_EMA,OFF_HOURS/MARKUP/NORMAL/BTC_NEUTRAL,17,0,17,0,0.9411764705882353,0.11971498112178415,0.22970286833097991,0.07968851407524322,POSITIVE,1.0,2026-07-17T23:40:23.546465+00:00
TREND_PULLBACK_EMA,ASIA/MARKDOWN/NORMAL/BTC_FALLING,29,0,29,0,0.0,-0.11494252873564607,-0.09868664522974742,-0.11494252873564607,NEGATIVE,0.0,2026-07-17T08:00:48.094591+00:00
TREND_PULLBACK_EMA,NY/MARKUP/EXPANDED/BTC_NEUTRAL,36,0,36,0,0.0,-0.13456318029632555,-0.13118549374539817,-0.13456318029632555,NEGATIVE,0.0,2026-07-22T20:04:37.743404+00:00
TREND_PULLBACK_EMA,ASIA/MARKUP/NORMAL/BTC_NEUTRAL,38,0,38,0,0.3157894736842105,-0.10991788499373971,0.7625681334121761,-0.33714253017191004,NEGATIVE,1.0,2026-07-21T03:14:24.719379+00:00
TREND_PULLBACK_EMA,OFF_HOURS/MARKUP/COMPRESSED/BTC_FALLING,48,0,48,0,0.375,-0.3864677148526961,0.22579948179559842,-0.4646104309147443,NEGATIVE,1.0,2026-07-17T00:52:40.525803+00:00
TREND_PULLBACK_EMA,OFF_HOURS/MARKDOWN/COMPRESSED/BTC_FALLING,36,0,36,0,0.1388888888888889,-0.41053559393817873,-0.8438326703479292,-0.5090114204489449,NEGATIVE,1.0,2026-07-13T23:47:04.709644+00:00
TREND_PULLBACK_EMA,OVERLAP/MARKUP/CASCADE/BTC_RISING,17,0,17,0,0.0,-0.5136252075455088,-0.7053587374778704,-0.5136252075455088,NEGATIVE,0.0,2026-07-15T15:07:41.195236+00:00
TREND_PULLBACK_EMA,NY/MARKUP/NORMAL/BTC_RISING,42,0,42,0,0.0,-0.8130495262591549,-0.7035935229706838,-0.8130495262591549,NEGATIVE,0.0,2026-07-21T17:24:38.506913+00:00
TREND_PULLBACK_EMA,NY/MARKUP/NORMAL/BTC_RISING/ALTCOIN,42,0,42,0,0.0,-0.8130495262591549,-0.7035935229706838,-0.8130495262591549,NEGATIVE,0.0,2026-07-21T17:24:38.506924+00:00
TREND_PULLBACK_EMA,OFF_HOURS/MARKDOWN/NORMAL/BTC_NEUTRAL,18,0,18,0,0.0,-0.8870799796307742,-1.567399512835401,-0.8870799796307742,NEGATIVE,0.0,2026-07-21T00:48:45.063129+00:00
TREND_PULLBACK_EMA,ASIA/MARKUP/NORMAL/BTC_FALLING,10,0,10,0,0.0,-0.5934406803290126,-0.8923475755051756,,INSUFFICIENT_DATA,0.0,2026-07-17T05:06:41.464697+00:00
TREND_PULLBACK_EMA,NY/MARKUP/NORMAL/BTC_FALLING,5,0,5,0,0.0,-1.0,-2.999999999999994,,INSUFFICIENT_DATA,0.0,2026-07-13T21:10:56.466259+00:00
TREND_PULLBACK_EMA,NY/MARKDOWN/COMPRESSED/BTC_NEUTRAL,14,0,14,0,0.0,-0.17794956182312155,-0.5338486854693647,,INSUFFICIENT_DATA,0.0,2026-07-14T18:59:46.326911+00:00
TREND_PULLBACK_EMA,ASIA/MARKUP/COMPRESSED/BTC_NEUTRAL,2,0,2,0,1.0,0.26099925428784154,0.7829977628635255,,INSUFFICIENT_DATA,1.0,2026-07-15T04:57:46.316524+00:00
TREND_PULLBACK_EMA,NY/MARKUP/COMPRESSED/BTC_NEUTRAL,11,0,11,0,0.0,-1.0,-0.886436429466654,,INSUFFICIENT_DATA,0.0,2026-07-16T18:39:35.027631+00:00
TREND_PULLBACK_EMA,ASIA/MARKDOWN/NORMAL/BTC_NEUTRAL,12,0,12,0,1.0,0.4471930031158935,0.7493508122421645,,INSUFFICIENT_DATA,1.0,2026-07-18T06:54:45.578471+00:00
TREND_PULLBACK_EMA,NY/MARKDOWN/NORMAL/BTC_RISING/ALTCOIN,2,0,2,0,0.0,-0.5695388572478388,-0.9751494180559854,,INSUFFICIENT_DATA,0.0,2026-07-20T19:05:58.438498+00:00
TREND_PULLBACK_EMA,OFF_HOURS/MARKDOWN/NORMAL/BTC_NEUTRAL/MIDCAP,12,0,12,0,0.0,-1.0,-1.9781568824218185,,INSUFFICIENT_DATA,0.0,2026-07-21T00:48:45.063137+00:00
TREND_PULLBACK_EMA,ASIA/MARKDOWN/NORMAL/BTC_RISING,1,0,1,0,1.0,1.0867154579729397,3.260146373918825,,INSUFFICIENT_DATA,1.0,2026-07-22T01:43:44.004255+00:00
TREND_PULLBACK_EMA,ASIA/MARKDOWN/NORMAL/BTC_RISING/MIDCAP,1,0,1,0,1.0,1.0867154579729397,3.260146373918825,,INSUFFICIENT_DATA,1.0,2026-07-22T01:43:44.004277+00:00
TREND_PULLBACK_EMA,OVERLAP/MARKUP/CASCADE/BTC_NEUTRAL,5,0,5,0,1.0,0.39273701097080027,0.31418960877664037,,INSUFFICIENT_DATA,0.6768561872909626,2026-07-22T16:06:55.831252+00:00
TREND_PULLBACK_EMA,OVERLAP/MARKUP/CASCADE/BTC_NEUTRAL/MAJOR,5,0,5,0,1.0,0.39273701097080027,0.31418960877664037,,INSUFFICIENT_DATA,0.6768561872909626,2026-07-22T16:06:55.831260+00:00
TREND_PULLBACK_EMA,NY/MARKUP/NORMAL/BTC_NEUTRAL,1,0,1,0,1.0,0.64118345380678,1.9235503614203422,,INSUFFICIENT_DATA,0.9276603053435111,2026-07-22T17:24:41.140187+00:00
TREND_PULLBACK_EMA,NY/MARKUP/NORMAL/BTC_NEUTRAL/MIDCAP,1,0,1,0,1.0,0.64118345380678,1.9235503614203422,,INSUFFICIENT_DATA,0.9276603053435111,2026-07-22T17:24:41.140221+00:00
TREND_PULLBACK_EMA,NY/MARKUP/EXPANDED/BTC_NEUTRAL/MIDCAP,2,0,2,0,0.0,-1.1687588669553186,-1.038842184747037,,INSUFFICIENT_DATA,0.0,2026-07-22T20:04:37.743413+00:00
TREND_PULLBACK_EMA,LONDON/MARKDOWN/COMPRESSED/BTC_NEUTRAL,2,0,2,0,1.0,-0.053938592801776805,-0.12267012845039267,,INSUFFICIENT_DATA,-4.488499999999272,2026-07-23T11:36:37.884084+00:00
TREND_PULLBACK_EMA,LONDON/MARKDOWN/COMPRESSED/BTC_NEUTRAL/ALTCOIN,2,0,2,0,1.0,-0.053938592801776805,-0.12267012845039267,,INSUFFICIENT_DATA,-4.488499999999272,2026-07-23T11:36:37.884094+00:00
TREND_PULLBACK_EMA,LONDON/MARKUP/NORMAL/BTC_NEUTRAL,14,0,14,0,0.0,-1.1282242645825646,-1.3198253874828352,,INSUFFICIENT_DATA,0.0,2026-07-23T11:57:29.780385+00:00
TREND_PULLBACK_EMA,LONDON/MARKUP/NORMAL/BTC_NEUTRAL/ALTCOIN,14,0,14,0,0.0,-1.1282242645825646,-1.3198253874828352,,INSUFFICIENT_DATA,0.0,2026-07-23T11:57:29.780394+00:00
TREND_PULLBACK_EMA@ATR,ASIA/MARKDOWN/COMPRESSED/BTC_NEUTRAL,1,0,0,1,1.0,0.10515770889025351,0.35434539350988287,,INSUFFICIENT_DATA,1.0,2026-07-15T04:22:28.785258+00:00
TREND_PULLBACK_EMA@ATR,ASIA/MARKUP/COMPRESSED/BTC_NEUTRAL,1,0,0,1,1.0,0.23505445428190544,0.7829977628635255,,INSUFFICIENT_DATA,1.0,2026-07-15T04:57:48.667115+00:00
TREND_PULLBACK_EMA@ATR,LONDON/MARKUP/NORMAL/BTC_NEUTRAL,3,0,0,3,0.6666666666666666,0.16196508982150618,0.39025477968629313,,INSUFFICIENT_DATA,1.0,2026-07-23T11:52:23.484135+00:00
TREND_PULLBACK_EMA@ATR,OVERLAP/MARKDOWN/EXPANDED/BTC_RISING,1,0,0,1,0.0,-0.03580507715993731,-0.11655011655010371,,INSUFFICIENT_DATA,0.0,2026-07-15T16:03:02.853354+00:00
TREND_PULLBACK_EMA@ATR,OFF_HOURS/MARKDOWN/COMPRESSED/BTC_NEUTRAL,1,0,0,1,1.0,0.17534337002221598,0.34656745323888016,,INSUFFICIENT_DATA,1.0,2026-07-16T00:44:44.344015+00:00
TREND_PULLBACK_EMA@ATR,NY/MARKUP/NORMAL/BTC_NEUTRAL,1,0,0,1,1.0,0.6427071240105582,1.1968738853503211,,INSUFFICIENT_DATA,1.0,2026-07-16T22:18:54.713505+00:00
TREND_PULLBACK_EMA@ATR,ASIA/MARKDOWN/NORMAL/BTC_FALLING,3,0,0,3,0.3333333333333333,-0.04730254025006342,-0.05647949300375288,,INSUFFICIENT_DATA,1.0,2026-07-17T08:00:50.509425+00:00
TREND_PULLBACK_EMA@ATR,ASIA/MARKUP/NORMAL/BTC_RISING,1,0,0,1,1.0,0.08363564132855225,0.24198427102238373,,INSUFFICIENT_DATA,1.0,2026-07-19T04:04:14.487617+00:00
TREND_PULLBACK_EMA@ATR,ASIA/MARKUP/NORMAL/BTC_NEUTRAL,2,0,0,2,1.0,0.34905602385110457,0.7460653753026598,,INSUFFICIENT_DATA,1.0,2026-07-21T03:09:23.216998+00:00
TREND_PULLBACK_EMA@ATR,LONDON/MARKUP/CASCADE/BTC_NEUTRAL,1,0,0,1,0.0,-0.055519159662001924,-0.16035920461835246,,INSUFFICIENT_DATA,0.0,2026-07-20T10:22:18.554986+00:00
TREND_PULLBACK_EMA@ATR,NY/MARKDOWN/NORMAL/BTC_RISING,1,0,0,1,0.0,-0.2051764020663237,-0.9751494180559854,,INSUFFICIENT_DATA,0.0,2026-07-20T19:06:01.494776+00:00
TREND_PULLBACK_EMA@ATR,LONDON/MARKUP/NORMAL/BTC_RISING,2,0,0,2,0.5,0.09332796110454983,0.6938478905998793,,INSUFFICIENT_DATA,1.0,2026-07-21T10:02:50.641500+00:00
TREND_PULLBACK_EMA@ATR,OVERLAP/MARKUP/EXPANDED/BTC_RISING,1,0,0,1,0.0,-0.338185671448863,-1.4395393474088305,,INSUFFICIENT_DATA,0.0,2026-07-21T16:58:42.589333+00:00
TREND_PULLBACK_EMA@ATR,NY/MARKUP/NORMAL/BTC_RISING,1,0,0,1,0.0,-0.29458093815845915,-0.5611847233047479,,INSUFFICIENT_DATA,0.0,2026-07-21T17:19:29.722938+00:00
TREND_PULLBACK_EMA@ATR,OVERLAP/MARKUP/CASCADE/BTC_NEUTRAL,1,0,0,1,1.0,0.20383264733332052,0.31418960877664037,,INSUFFICIENT_DATA,0.6768561872909626,2026-07-22T16:06:58.778342+00:00
TREND_PULLBACK_EMA@ATR,NY/MARKUP/EXPANDED/BTC_NEUTRAL,1,0,0,1,0.0,-0.49467102092155896,-2.4152907123080816,,INSUFFICIENT_DATA,0.0,2026-07-22T20:04:44.094405+00:00
TREND_PULLBACK_EMA@ATR,LONDON/MARKDOWN/COMPRESSED/BTC_NEUTRAL,1,0,0,1,1.0,-0.04887862832749678,-0.12267012845039267,,INSUFFICIENT_DATA,-4.488499999999272,2026-07-23T11:36:42.677817+00:00
TREND_PULLBACK_EMA@FIXED,ASIA/MARKDOWN/COMPRESSED/BTC_NEUTRAL,1,0,0,1,1.0,0.11811513116996059,0.35434539350988287,,INSUFFICIENT_DATA,1.0,2026-07-15T04:22:28.785202+00:00
TREND_PULLBACK_EMA@FIXED,ASIA/MARKUP/COMPRESSED/BTC_NEUTRAL,1,0,0,1,1.0,0.26099925428784154,0.7829977628635255,,INSUFFICIENT_DATA,1.0,2026-07-15T04:57:48.666997+00:00
TREND_PULLBACK_EMA@FIXED,LONDON/MARKUP/NORMAL/BTC_NEUTRAL,3,0,0,3,0.6666666666666666,0.004012138371199736,0.22266600197391254,,INSUFFICIENT_DATA,1.0,2026-07-23T11:52:23.480854+00:00
TREND_PULLBACK_EMA@FIXED,OVERLAP/MARKDOWN/EXPANDED/BTC_RISING,1,0,0,1,0.0,-0.09417039725310183,-0.11655011655010371,,INSUFFICIENT_DATA,0.0,2026-07-15T16:03:02.853272+00:00
TREND_PULLBACK_EMA@FIXED,OFF_HOURS/MARKDOWN/COMPRESSED/BTC_NEUTRAL,1,0,0,1,1.0,0.13355780026194222,0.34656745323888016,,INSUFFICIENT_DATA,1.0,2026-07-16T00:44:44.343848+00:00
TREND_PULLBACK_EMA@FIXED,NY/MARKUP/NORMAL/BTC_NEUTRAL,1,0,0,1,1.0,0.5055203672496954,1.1968738853503211,,INSUFFICIENT_DATA,1.0,2026-07-16T22:18:54.713387+00:00
TREND_PULLBACK_EMA@FIXED,ASIA/MARKDOWN/NORMAL/BTC_FALLING,3,0,0,3,0.3333333333333333,-0.26703974748154485,-0.1641979017401012,,INSUFFICIENT_DATA,1.0,2026-07-17T08:00:50.509285+00:00
TREND_PULLBACK_EMA@FIXED,ASIA/MARKUP/NORMAL/BTC_RISING,1,0,0,1,1.0,0.15642457226678344,0.24198427102238373,,INSUFFICIENT_DATA,1.0,2026-07-19T04:04:14.487503+00:00
TREND_PULLBACK_EMA@FIXED,ASIA/MARKUP/NORMAL/BTC_NEUTRAL,2,0,0,2,0.5,-0.4217877138666076,-0.1289346246973398,,INSUFFICIENT_DATA,1.0,2026-07-21T03:09:23.216946+00:00
TREND_PULLBACK_EMA@FIXED,LONDON/MARKUP/CASCADE/BTC_NEUTRAL,1,0,0,1,0.0,-0.10646225912914375,-0.16035920461835246,,INSUFFICIENT_DATA,0.0,2026-07-20T10:22:18.554843+00:00
TREND_PULLBACK_EMA@FIXED,NY/MARKDOWN/NORMAL/BTC_RISING,1,0,0,1,0.0,-0.5695388572478388,-0.9751494180559854,,INSUFFICIENT_DATA,0.0,2026-07-20T19:06:01.494702+00:00
TREND_PULLBACK_EMA@FIXED,LONDON/MARKUP/NORMAL/BTC_RISING,2,0,0,2,0.5,0.17024363531411185,0.6938478905998793,,INSUFFICIENT_DATA,1.0,2026-07-21T10:02:50.641385+00:00
TREND_PULLBACK_EMA@FIXED,OVERLAP/MARKUP/EXPANDED/BTC_RISING,1,0,0,1,0.0,-1.0,-1.5640706973768286,,INSUFFICIENT_DATA,0.0,2026-07-21T16:58:42.589262+00:00
TREND_PULLBACK_EMA@FIXED,NY/MARKUP/NORMAL/BTC_RISING,1,0,0,1,0.0,-1.0,-0.5999999999999928,,INSUFFICIENT_DATA,0.0,2026-07-21T17:19:29.722740+00:00
TREND_PULLBACK_EMA@FIXED,OVERLAP/MARKUP/CASCADE/BTC_NEUTRAL,1,0,0,1,1.0,0.39273701097080027,0.31418960877664037,,INSUFFICIENT_DATA,0.6768561872909626,2026-07-22T16:06:58.778205+00:00
TREND_PULLBACK_EMA@FIXED,NY/MARKUP/EXPANDED/BTC_NEUTRAL,1,0,0,1,0.0,-1.1687588669553186,-1.038842184747037,,INSUFFICIENT_DATA,0.0,2026-07-22T20:04:44.094218+00:00
TREND_PULLBACK_EMA@FIXED,LONDON/MARKDOWN/COMPRESSED/BTC_NEUTRAL,1,0,0,1,1.0,-0.053938592801776805,-0.12267012845039267,,INSUFFICIENT_DATA,-4.488499999999272,2026-07-23T11:36:42.677755+00:00
VOLUME_SURGE_BREAKOUT,OVERLAP/MARKUP/CASCADE/BTC_FALLING,29,0,29,0,0.6896551724137931,1.7717192394867594,1.1800736876576623,1.2223836628126072,STRONG,1.0,2026-07-17T14:51:42.711539+00:00
VOLUME_SURGE_BREAKOUT,NY/MARKUP/CASCADE/BTC_NEUTRAL,50,0,50,0,1.0,0.9913732215392703,0.7930985772314165,0.9206387083029389,STRONG,0.8409498183738717,2026-07-22T19:07:48.776210+00:00
VOLUME_SURGE_BREAKOUT,NY/MARKUP/CASCADE/BTC_NEUTRAL/MAJOR,50,0,50,0,1.0,0.9913732215392703,0.7930985772314165,0.9206387083029389,STRONG,0.8409498183738717,2026-07-22T19:07:48.776222+00:00
VOLUME_SURGE_BREAKOUT,LONDON/MARKUP/CASCADE/BTC_NEUTRAL,50,0,50,0,1.0,0.8897860314897101,0.7117713547553699,0.8262997677350878,STRONG,1.0,2026-07-20T08:57:33.727610+00:00
VOLUME_SURGE_BREAKOUT,LONDON/MARKUP/CASCADE/BTC_NEUTRAL/ALTCOIN,50,0,50,0,1.0,0.8897860314897101,0.7117713547553699,0.8262997677350878,STRONG,1.0,2026-07-20T08:57:33.727619+00:00
VOLUME_SURGE_BREAKOUT,ASIA/MARKUP/NORMAL/BTC_NEUTRAL,31,0,31,0,0.45161290322580644,1.3157941578679586,0.9346915161521939,0.8067676767517152,STRONG,0.9503870276754348,2026-07-23T05:55:28.719163+00:00
VOLUME_SURGE_BREAKOUT,ASIA/MARKUP/NORMAL/BTC_NEUTRAL/ALTCOIN,31,0,31,0,0.45161290322580644,1.3157941578679586,0.9346915161521939,0.8067676767517152,STRONG,0.9503870276754348,2026-07-23T05:55:28.719172+00:00
VOLUME_SURGE_BREAKOUT,NY/VOLATILE_EXPANSION/CASCADE/BTC_NEUTRAL,38,0,38,0,1.0,0.877995140980132,0.7023961127841034,0.797383832292384,STRONG,0.8240254762424146,2026-07-22T18:57:29.954480+00:00
VOLUME_SURGE_BREAKOUT,NY/VOLATILE_EXPANSION/CASCADE/BTC_NEUTRAL/MAJOR,38,0,38,0,1.0,0.877995140980132,0.7023961127841034,0.797383832292384,STRONG,0.8240254762424146,2026-07-22T18:57:29.954490+00:00
VOLUME_SURGE_BREAKOUT,NY/MARKUP/EXPANDED/BTC_NEUTRAL,43,0,43,0,1.0,0.357257893032136,0.46610479391005644,0.3279582550634873,STRONG,1.0,2026-07-16T18:19:18.340673+00:00
VOLUME_SURGE_BREAKOUT,OVERLAP/MARKUP/EXPANDED/BTC_NEUTRAL,21,0,21,0,0.0,-0.10428557335926311,-0.288734692756334,-0.10428557335926311,NEGATIVE,0.0,2026-07-20T13:57:48.643590+00:00
VOLUME_SURGE_BREAKOUT,OVERLAP/MARKUP/EXPANDED/BTC_NEUTRAL/ALTCOIN,21,0,21,0,0.0,-0.10428557335926311,-0.288734692756334,-0.10428557335926311,NEGATIVE,0.0,2026-07-20T13:57:48.643597+00:00
VOLUME_SURGE_BREAKOUT,OVERLAP/MARKUP/NORMAL/BTC_NEUTRAL,34,0,34,0,0.0,-0.4841707250341948,-0.634009405109592,-0.4841707250341948,NEGATIVE,0.0,2026-07-22T15:30:13.705706+00:00
VOLUME_SURGE_BREAKOUT,OVERLAP/MARKUP/NORMAL/BTC_NEUTRAL/ALTCOIN,34,0,34,0,0.0,-0.4841707250341948,-0.634009405109592,-0.4841707250341948,NEGATIVE,0.0,2026-07-22T15:30:13.705714+00:00
VOLUME_SURGE_BREAKOUT,LONDON/VOLATILE_EXPANSION/CASCADE/BTC_NEUTRAL,16,0,16,0,0.0,-0.5314385008218246,-0.522243343132277,-0.5314385008218246,NEGATIVE,0.0,2026-07-22T09:25:40.108867+00:00
VOLUME_SURGE_BREAKOUT,NY/MARKUP/NORMAL/BTC_NEUTRAL,24,1,23,0,0.0,-0.5631242379943754,-0.623970939425916,-0.5631242379943754,NEGATIVE,0.0,2026-07-22T21:53:30.704340+00:00
VOLUME_SURGE_BREAKOUT,OVERLAP/VOLATILE_EXPANSION/CASCADE/BTC_NEUTRAL,25,0,25,0,0.28,-0.5737397604078986,-0.651055325739336,-0.6351430032506163,NEGATIVE,1.0,2026-07-19T14:40:16.437830+00:00
VOLUME_SURGE_BREAKOUT,ASIA/DISTRIBUTION/EXPANDED/BTC_NEUTRAL,20,0,20,0,0.0,-0.7740656851642118,-0.9293777297184578,-0.7740656851642118,NEGATIVE,0.0,2026-07-19T06:56:52.713116+00:00
VOLUME_SURGE_BREAKOUT,ASIA/DISTRIBUTION/NORMAL/BTC_NEUTRAL,26,0,26,0,0.0,-1.0,-1.1999569665067629,-1.0,NEGATIVE,0.0,2026-07-21T06:13:28.494784+00:00
VOLUME_SURGE_BREAKOUT,ASIA/VOLATILE_EXPANSION/CASCADE/BTC_NEUTRAL,50,0,50,0,0.0,-1.0,-1.1414901991047972,-1.0,NEGATIVE,0.0,2026-07-20T04:28:10.187421+00:00
VOLUME_SURGE_BREAKOUT,OVERLAP/MARKUP/NORMAL/BTC_FALLING,22,0,22,0,0.0,-1.0,-0.7999999999999985,-1.0,NEGATIVE,0.0,2026-07-17T14:10:42.174113+00:00
VOLUME_SURGE_BREAKOUT,OVERLAP/DISTRIBUTION/EXPANDED/BTC_NEUTRAL,16,0,16,0,0.0,-1.0,-1.0783295486198816,-1.0,NEGATIVE,0.0,2026-07-20T14:43:52.201173+00:00
VOLUME_SURGE_BREAKOUT,OVERLAP/DISTRIBUTION/EXPANDED/BTC_NEUTRAL/ALTCOIN,15,0,15,0,0.0,-1.0,-1.096884851861207,-1.0,NEGATIVE,0.0,2026-07-19T14:40:16.496779+00:00
VOLUME_SURGE_BREAKOUT,ASIA/VOLATILE_EXPANSION/CASCADE/BTC_NEUTRAL/MIDCAP,35,0,35,0,0.0,-1.0,-0.7999999999999936,-1.0,NEGATIVE,0.0,2026-07-20T04:28:10.187446+00:00
VOLUME_SURGE_BREAKOUT,ASIA/MARKUP/COMPRESSED/BTC_RISING,29,0,29,0,0.0,-1.0,-2.546942776715469,-1.0,NEGATIVE,0.0,2026-07-22T01:18:11.203433+00:00
VOLUME_SURGE_BREAKOUT,ASIA/MARKUP/COMPRESSED/BTC_RISING/MAJOR,29,0,29,0,0.0,-1.0,-2.546942776715469,-1.0,NEGATIVE,0.0,2026-07-22T01:18:11.203445+00:00
VOLUME_SURGE_BREAKOUT,OFF_HOURS/ACCUMULATION/NORMAL/BTC_NEUTRAL,35,1,34,0,0.0,-1.1851266391856785,-0.9638953211940609,-1.1851266391856785,NEGATIVE,-21.3248054031397,2026-07-24T00:00:27.319675+00:00
VOLUME_SURGE_BREAKOUT,OFF_HOURS/ACCUMULATION/NORMAL/BTC_NEUTRAL/ALTCOIN,35,1,34,0,0.0,-1.1851266391856785,-0.9638953211940609,-1.1851266391856785,NEGATIVE,-21.3248054031397,2026-07-24T00:00:29.307357+00:00
VOLUME_SURGE_BREAKOUT,ASIA/MARKUP/CASCADE/BTC_FALLING,1,0,1,0,1.0,1.9940179461615337,1.5952143569292163,,INSUFFICIENT_DATA,1.0,2026-07-13T06:51:41.834945+00:00
VOLUME_SURGE_BREAKOUT,LONDON/MARKUP/CASCADE/BTC_FALLING,11,0,11,0,0.0,-0.6038037712720917,-0.4830430170176718,,INSUFFICIENT_DATA,0.0,2026-07-13T09:03:16.398545+00:00
VOLUME_SURGE_BREAKOUT,LONDON/RANGE/EXPANDED/BTC_NEUTRAL,1,1,0,0,0.0,-0.08334471346804494,-0.1499999999999888,,INSUFFICIENT_DATA,-0.04050955414012436,2026-07-13T12:46:03.369038+00:00
VOLUME_SURGE_BREAKOUT,OVERLAP/QUIET/COMPRESSED/BTC_NEUTRAL,10,0,10,0,0.0,-1.0,-0.9989060489060458,,INSUFFICIENT_DATA,0.0,2026-07-14T13:13:36.139059+00:00
VOLUME_SURGE_BREAKOUT,ASIA/MARKUP/NORMAL/BTC_RISING,6,0,6,0,0.6666666666666666,0.34532188943953956,0.2616223409347647,,INSUFFICIENT_DATA,1.0,2026-07-19T01:22:11.412345+00:00
VOLUME_SURGE_BREAKOUT,LONDON/MARKUP/EXPANDED/BTC_NEUTRAL,6,0,6,0,0.0,-1.0,-3.0000000000000067,,INSUFFICIENT_DATA,0.0,2026-07-15T10:13:45.276220+00:00
VOLUME_SURGE_BREAKOUT,OVERLAP/ACCUMULATION/EXPANDED/BTC_NEUTRAL,5,0,5,0,0.0,-1.0,-1.55915139993088,,INSUFFICIENT_DATA,0.0,2026-07-18T14:24:31.974410+00:00
VOLUME_SURGE_BREAKOUT,NY/MARKUP/NORMAL/BTC_RISING,8,0,8,0,1.0,0.1265502404454597,0.10124019235636837,,INSUFFICIENT_DATA,1.0,2026-07-18T22:04:25.749333+00:00
VOLUME_SURGE_BREAKOUT,ASIA/DISTRIBUTION/NORMAL/BTC_RISING,1,1,0,0,0.0,-1.0,-1.3443528011717285,,INSUFFICIENT_DATA,-7.353609822409348,2026-07-19T03:44:07.745164+00:00
VOLUME_SURGE_BREAKOUT,OVERLAP/VOLATILE_EXPANSION/CASCADE/BTC_NEUTRAL/ALTCOIN,10,0,10,0,0.0,-1.0,-1.0982401351882904,,INSUFFICIENT_DATA,0.0,2026-07-19T14:40:16.437840+00:00
VOLUME_SURGE_BREAKOUT,LONDON/MARKUP/NORMAL/BTC_NEUTRAL,11,0,11,0,0.0,-1.0,-0.8000000000000006,,INSUFFICIENT_DATA,0.0,2026-07-20T09:28:04.567606+00:00
VOLUME_SURGE_BREAKOUT,LONDON/MARKUP/NORMAL/BTC_NEUTRAL/ALTCOIN,11,0,11,0,0.0,-1.0,-0.8000000000000006,,INSUFFICIENT_DATA,0.0,2026-07-20T09:28:04.567613+00:00
VOLUME_SURGE_BREAKOUT,OVERLAP/DISTRIBUTION/EXPANDED/BTC_NEUTRAL/MAJOR,1,0,1,0,0.0,-1.0,-0.7999999999999989,,INSUFFICIENT_DATA,0.0,2026-07-20T14:43:52.201203+00:00
VOLUME_SURGE_BREAKOUT,OVERLAP/MARKUP/CASCADE/BTC_NEUTRAL,4,1,3,0,0.75,0.9189557640437325,0.7217660292463356,,INSUFFICIENT_DATA,0.40458485769973723,2026-07-22T17:03:59.016766+00:00
VOLUME_SURGE_BREAKOUT,OVERLAP/MARKUP/CASCADE/BTC_NEUTRAL/ALTCOIN,1,1,0,0,0.0,-0.12050709005669254,-0.14999999999999378,,INSUFFICIENT_DATA,-0.04110936270652871,2026-07-20T14:43:56.446782+00:00
VOLUME_SURGE_BREAKOUT,NY/DISTRIBUTION/NORMAL/BTC_NEUTRAL,6,0,6,0,0.0,-1.0,-2.999999999999993,,INSUFFICIENT_DATA,0.0,2026-07-20T22:15:32.201513+00:00
VOLUME_SURGE_BREAKOUT,NY/DISTRIBUTION/NORMAL/BTC_NEUTRAL/ALTCOIN,6,0,6,0,0.0,-1.0,-2.999999999999993,,INSUFFICIENT_DATA,0.0,2026-07-20T22:15:32.201521+00:00
VOLUME_SURGE_BREAKOUT,ASIA/MARKUP/CASCADE/BTC_NEUTRAL,1,1,0,0,0.0,-1.8051252740061863,-2.999554962171776,,INSUFFICIENT_DATA,-1.4867647058823479,2026-07-21T00:47:33.187932+00:00
VOLUME_SURGE_BREAKOUT,ASIA/MARKUP/CASCADE/BTC_NEUTRAL/ALTCOIN,1,1,0,0,0.0,-1.8051252740061863,-2.999554962171776,,INSUFFICIENT_DATA,-1.4867647058823479,2026-07-21T00:47:34.166591+00:00
VOLUME_SURGE_BREAKOUT,ASIA/DISTRIBUTION/NORMAL/BTC_NEUTRAL/ALTCOIN,9,0,9,0,0.0,-1.0,-0.9305903187721343,,INSUFFICIENT_DATA,0.0,2026-07-21T06:13:28.494792+00:00
VOLUME_SURGE_BREAKOUT,ASIA/RANGE/NORMAL/BTC_NEUTRAL,3,0,3,0,0.0,-1.0,-1.1344393592677333,,INSUFFICIENT_DATA,0.0,2026-07-22T06:04:43.274806+00:00
VOLUME_SURGE_BREAKOUT,ASIA/RANGE/NORMAL/BTC_NEUTRAL/ALTCOIN,3,0,3,0,0.0,-1.0,-1.1344393592677333,,INSUFFICIENT_DATA,0.0,2026-07-22T06:04:43.274814+00:00
VOLUME_SURGE_BREAKOUT,LONDON/VOLATILE_EXPANSION/CASCADE/BTC_NEUTRAL/ALTCOIN,14,0,14,0,0.0,-0.4645011437963709,-0.37160091503709747,,INSUFFICIENT_DATA,0.0,2026-07-22T09:25:40.108983+00:00
VOLUME_SURGE_BREAKOUT,OVERLAP/MARKUP/CASCADE/BTC_NEUTRAL/MIDCAP,3,0,3,0,1.0,1.2654433820772073,1.0123547056617788,,INSUFFICIENT_DATA,0.8709516129032244,2026-07-22T17:03:59.016795+00:00
VOLUME_SURGE_BREAKOUT,NY/MARKUP/CASCADE/BTC_NEUTRAL/MIDCAP,1,0,1,0,1.0,1.1475196739741216,0.9180157391793057,,INSUFFICIENT_DATA,0.8595526315789462,2026-07-22T17:03:59.072266+00:00
VOLUME_SURGE_BREAKOUT,NY/MARKUP/NORMAL/BTC_NEUTRAL/MIDCAP,10,1,9,0,0.0,-1.020327123047201,-1.1926905311778215,,INSUFFICIENT_DATA,0.0,2026-07-22T21:53:30.704350+00:00
VOLUME_SURGE_BREAKOUT@ATR,OVERLAP/QUIET/COMPRESSED/BTC_NEUTRAL,1,0,0,1,0.0,-0.1334808648154987,-0.4890604890604924,,INSUFFICIENT_DATA,0.0,2026-07-14T13:08:35.197086+00:00
VOLUME_SURGE_BREAKOUT@ATR,ASIA/MARKDOWN/CASCADE/BTC_NEUTRAL,1,0,0,1,1.0,2.2180895757754295,4.552885401340527,,INSUFFICIENT_DATA,1.0,2026-07-15T05:02:51.715476+00:00
VOLUME_SURGE_BREAKOUT@ATR,ASIA/MARKUP/NORMAL/BTC_RISING,1,0,0,1,1.0,0.2090781743293828,0.6031363088057917,,INSUFFICIENT_DATA,1.0,2026-07-15T07:09:51.153994+00:00
VOLUME_SURGE_BREAKOUT@ATR,LONDON/DISTRIBUTION/NORMAL/BTC_NEUTRAL,1,0,0,1,0.0,-1.0,-2.393941057022111,,INSUFFICIENT_DATA,0.0,2026-07-15T09:27:52.514283+00:00
VOLUME_SURGE_BREAKOUT@ATR,LONDON/MARKUP/EXPANDED/BTC_NEUTRAL,1,0,0,1,0.0,-1.0,-2.3921030984370653,,INSUFFICIENT_DATA,0.0,2026-07-15T10:08:44.811811+00:00
VOLUME_SURGE_BREAKOUT@ATR,OVERLAP/DISTRIBUTION/NORMAL/BTC_NEUTRAL,1,0,0,1,1.0,0.24166328785588184,1.0183299389002014,,INSUFFICIENT_DATA,1.0,2026-07-15T13:56:41.994764+00:00
VOLUME_SURGE_BREAKOUT@ATR,ASIA/MARKUP/NORMAL/BTC_NEUTRAL,5,0,0,5,0.4,0.22570477840866246,0.7900448398249654,,INSUFFICIENT_DATA,0.9503909240841624,2026-07-23T06:47:39.347257+00:00
VOLUME_SURGE_BREAKOUT@ATR,OVERLAP/VOLATILE_EXPANSION/CASCADE/BTC_NEUTRAL,2,0,0,2,0.5,0.033791938209029954,0.06326189234399165,,INSUFFICIENT_DATA,1.0,2026-07-16T13:27:27.795389+00:00
VOLUME_SURGE_BREAKOUT@ATR,OVERLAP/MARKUP/CASCADE/BTC_FALLING,1,0,0,1,0.0,-1.0,-0.4783939878922781,,INSUFFICIENT_DATA,0.0,2026-07-17T14:41:35.733163+00:00
VOLUME_SURGE_BREAKOUT@ATR,NY/MARKUP/NORMAL/BTC_RISING,1,0,0,1,1.0,0.04984423676012601,0.10124019235636837,,INSUFFICIENT_DATA,1.0,2026-07-18T22:04:26.831857+00:00
VOLUME_SURGE_BREAKOUT@ATR,ASIA/DISTRIBUTION/NORMAL/BTC_RISING,1,0,0,1,0.0,-0.31314831487062833,-0.7312614259597813,,INSUFFICIENT_DATA,0.0,2026-07-19T03:49:01.446314+00:00
VOLUME_SURGE_BREAKOUT@ATR,ASIA/VOLATILE_EXPANSION/CASCADE/BTC_NEUTRAL,1,0,0,1,0.0,-0.5267523146972681,-1.342536669542699,,INSUFFICIENT_DATA,0.0,2026-07-20T04:23:08.100919+00:00
VOLUME_SURGE_BREAKOUT@ATR,LONDON/MARKUP/CASCADE/BTC_NEUTRAL,1,0,0,1,1.0,0.42305966964875186,0.9365412562570627,,INSUFFICIENT_DATA,1.0,2026-07-20T08:52:30.820335+00:00
VOLUME_SURGE_BREAKOUT@ATR,LONDON/MARKUP/NORMAL/BTC_NEUTRAL,1,0,0,1,0.0,-0.163160654973488,-0.38781163434903393,,INSUFFICIENT_DATA,0.0,2026-07-20T09:22:59.492361+00:00
VOLUME_SURGE_BREAKOUT@ATR,OVERLAP/MARKUP/EXPANDED/BTC_NEUTRAL,1,0,0,1,0.0,-0.04114464399596453,-0.16420361247946075,,INSUFFICIENT_DATA,0.0,2026-07-20T13:47:34.828719+00:00
VOLUME_SURGE_BREAKOUT@ATR,OVERLAP/MARKUP/NORMAL/BTC_NEUTRAL,1,0,0,1,0.0,-0.5805422647527901,-1.7295597484276737,,INSUFFICIENT_DATA,0.0,2026-07-20T15:40:08.274863+00:00
VOLUME_SURGE_BREAKOUT@ATR,NY/DISTRIBUTION/EXPANDED/BTC_RISING,1,0,0,1,1.0,0.0940724742020637,0.07410936424752594,,INSUFFICIENT_DATA,1.0,2026-07-20T17:02:30.112748+00:00
VOLUME_SURGE_BREAKOUT@ATR,ASIA/DISTRIBUTION/NORMAL/BTC_NEUTRAL,1,0,0,1,0.0,-0.11637572734829628,-0.29515938606847725,,INSUFFICIENT_DATA,0.0,2026-07-21T06:08:24.971028+00:00
VOLUME_SURGE_BREAKOUT@ATR,ASIA/RANGE/NORMAL/BTC_NEUTRAL,1,0,0,1,0.0,-1.0,-2.6050179797319406,,INSUFFICIENT_DATA,0.0,2026-07-22T06:04:46.438685+00:00
VOLUME_SURGE_BREAKOUT@ATR,LONDON/VOLATILE_EXPANSION/CASCADE/BTC_NEUTRAL,1,0,0,1,0.0,-0.12875871995438332,-0.40450736781277435,,INSUFFICIENT_DATA,0.0,2026-07-22T09:25:43.111335+00:00
VOLUME_SURGE_BREAKOUT@ATR,OVERLAP/MARKUP/CASCADE/BTC_NEUTRAL,1,0,0,1,1.0,0.22509285240251686,1.0873453318335096,,INSUFFICIENT_DATA,0.8787727272727263,2026-07-22T16:58:52.533608+00:00
VOLUME_SURGE_BREAKOUT@ATR,NY/VOLATILE_EXPANSION/CASCADE/BTC_NEUTRAL,1,0,0,1,0.0,-1.3161077981651337,-0.6245216690973264,,INSUFFICIENT_DATA,0.0,2026-07-22T18:52:23.254716+00:00
VOLUME_SURGE_BREAKOUT@ATR,NY/MARKUP/CASCADE/BTC_NEUTRAL,1,0,0,1,0.0,-1.315770642201831,-0.6250283273773267,,INSUFFICIENT_DATA,0.0,2026-07-22T19:02:42.798247+00:00
VOLUME_SURGE_BREAKOUT@ATR,OFF_HOURS/ACCUMULATION/NORMAL/BTC_NEUTRAL,1,0,0,1,0.0,-0.26814515017232937,-1.190773845965475,,INSUFFICIENT_DATA,0.0,2026-07-23T23:03:59.187454+00:00
VOLUME_SURGE_BREAKOUT@FIXED,OVERLAP/QUIET/COMPRESSED/BTC_NEUTRAL,1,0,0,1,0.0,-1.0,-0.9989060489060458,,INSUFFICIENT_DATA,0.0,2026-07-14T13:08:35.196999+00:00
VOLUME_SURGE_BREAKOUT@FIXED,ASIA/MARKDOWN/CASCADE/BTC_NEUTRAL,1,0,0,1,1.0,1.6515350083910971,4.552885401340527,,INSUFFICIENT_DATA,1.0,2026-07-15T05:02:51.715423+00:00
VOLUME_SURGE_BREAKOUT@FIXED,ASIA/MARKUP/NORMAL/BTC_RISING,1,0,0,1,1.0,0.7541478129713464,0.6031363088057917,,INSUFFICIENT_DATA,1.0,2026-07-15T07:09:51.153776+00:00
VOLUME_SURGE_BREAKOUT@FIXED,LONDON/DISTRIBUTION/NORMAL/BTC_NEUTRAL,1,0,0,1,0.0,-1.0,-2.9999999999999827,,INSUFFICIENT_DATA,0.0,2026-07-15T09:27:52.513852+00:00
VOLUME_SURGE_BREAKOUT@FIXED,LONDON/MARKUP/EXPANDED/BTC_NEUTRAL,1,0,0,1,0.0,-1.0,-3.000000000000006,,INSUFFICIENT_DATA,0.0,2026-07-15T10:08:44.811746+00:00
VOLUME_SURGE_BREAKOUT@FIXED,OVERLAP/DISTRIBUTION/NORMAL/BTC_NEUTRAL,1,0,0,1,1.0,0.35019455252918175,1.0183299389002014,,INSUFFICIENT_DATA,1.0,2026-07-15T13:56:41.994697+00:00
VOLUME_SURGE_BREAKOUT@FIXED,ASIA/MARKUP/NORMAL/BTC_NEUTRAL,5,0,0,5,0.4,1.1425019081636663,0.7900448398249654,,INSUFFICIENT_DATA,0.9503909240841624,2026-07-23T06:47:39.347182+00:00
VOLUME_SURGE_BREAKOUT@FIXED,OVERLAP/VOLATILE_EXPANSION/CASCADE/BTC_NEUTRAL,2,0,0,2,0.5,0.05802904069866405,0.06326189234399165,,INSUFFICIENT_DATA,1.0,2026-07-16T13:27:27.795341+00:00
VOLUME_SURGE_BREAKOUT@FIXED,OVERLAP/MARKUP/CASCADE/BTC_FALLING,1,0,0,1,1.0,3.013882123721348,2.4111056989771056,,INSUFFICIENT_DATA,1.0,2026-07-17T14:41:35.733054+00:00
VOLUME_SURGE_BREAKOUT@FIXED,NY/MARKUP/NORMAL/BTC_RISING,1,0,0,1,1.0,0.1265502404454597,0.10124019235636837,,INSUFFICIENT_DATA,1.0,2026-07-18T22:04:26.831723+00:00
VOLUME_SURGE_BREAKOUT@FIXED,ASIA/DISTRIBUTION/NORMAL/BTC_RISING,1,0,0,1,0.0,-0.4912281994460176,-0.7312614259597813,,INSUFFICIENT_DATA,0.0,2026-07-19T03:49:01.446162+00:00
VOLUME_SURGE_BREAKOUT@FIXED,ASIA/VOLATILE_EXPANSION/CASCADE/BTC_NEUTRAL,1,0,0,1,0.0,-1.0,-0.7999999999999936,,INSUFFICIENT_DATA,0.0,2026-07-20T04:23:08.100822+00:00
VOLUME_SURGE_BREAKOUT@FIXED,LONDON/MARKUP/CASCADE/BTC_NEUTRAL,1,0,0,1,1.0,1.1707710940654037,0.9365412562570627,,INSUFFICIENT_DATA,1.0,2026-07-20T08:52:30.820198+00:00
VOLUME_SURGE_BREAKOUT@FIXED,LONDON/MARKUP/NORMAL/BTC_NEUTRAL,1,0,0,1,0.0,-1.0,-0.8000000000000005,,INSUFFICIENT_DATA,0.0,2026-07-20T09:22:59.492297+00:00
VOLUME_SURGE_BREAKOUT@FIXED,OVERLAP/MARKUP/EXPANDED/BTC_NEUTRAL,1,0,0,1,0.0,-0.05918910920390167,-0.16420361247946075,,INSUFFICIENT_DATA,0.0,2026-07-20T13:47:34.828651+00:00
VOLUME_SURGE_BREAKOUT@FIXED,OVERLAP/MARKUP/NORMAL/BTC_NEUTRAL,1,0,0,1,0.0,-1.0,-1.1193517174649326,,INSUFFICIENT_DATA,0.0,2026-07-20T15:40:08.274804+00:00
VOLUME_SURGE_BREAKOUT@FIXED,NY/DISTRIBUTION/EXPANDED/BTC_RISING,1,0,0,1,1.0,0.07127257176893469,0.07410936424752594,,INSUFFICIENT_DATA,1.0,2026-07-20T17:02:30.112538+00:00
VOLUME_SURGE_BREAKOUT@FIXED,ASIA/DISTRIBUTION/NORMAL/BTC_NEUTRAL,1,0,0,1,0.0,-1.0,-0.930590318772134,,INSUFFICIENT_DATA,0.0,2026-07-21T06:08:24.970945+00:00
VOLUME_SURGE_BREAKOUT@FIXED,ASIA/RANGE/NORMAL/BTC_NEUTRAL,1,0,0,1,0.0,-1.0,-1.1344393592677333,,INSUFFICIENT_DATA,0.0,2026-07-22T06:04:46.438579+00:00
VOLUME_SURGE_BREAKOUT@FIXED,LONDON/VOLATILE_EXPANSION/CASCADE/BTC_NEUTRAL,1,0,0,1,0.0,-0.5056342097659677,-0.40450736781277435,,INSUFFICIENT_DATA,0.0,2026-07-22T09:25:43.111252+00:00
VOLUME_SURGE_BREAKOUT@FIXED,OVERLAP/MARKUP/CASCADE/BTC_NEUTRAL,1,0,0,1,1.0,1.3591816647918695,1.0873453318335096,,INSUFFICIENT_DATA,0.8787727272727263,2026-07-22T16:58:52.533499+00:00
VOLUME_SURGE_BREAKOUT@FIXED,NY/VOLATILE_EXPANSION/CASCADE/BTC_NEUTRAL,1,0,0,1,1.0,0.8261793810418695,0.6609435048334927,,INSUFFICIENT_DATA,0.8150302713987471,2026-07-22T18:52:23.254650+00:00
VOLUME_SURGE_BREAKOUT@FIXED,NY/MARKUP/CASCADE/BTC_NEUTRAL,1,0,0,1,1.0,0.6132931665649806,0.49063453325198303,,INSUFFICIENT_DATA,0.7658571428571429,2026-07-22T19:02:42.798156+00:00
VOLUME_SURGE_BREAKOUT@FIXED,OFF_HOURS/ACCUMULATION/NORMAL/BTC_NEUTRAL,1,0,0,1,0.0,-1.1874999999999984,-0.9500000000000068,,INSUFFICIENT_DATA,0.0,2026-07-23T23:03:59.187329+00:00
VOLUME_SURGE_BREAKOUT@TUNED,ASIA/MARKUP/NORMAL/BTC_NEUTRAL,1,0,0,1,0.0,-0.18708084739489936,-0.5923255215039944,,INSUFFICIENT_DATA,0.0,2026-07-21T01:16:46.280779+00:00
VOLUME_SURGE_BREAKOUT@TUNED,ASIA/DISTRIBUTION/NORMAL/BTC_NEUTRAL,1,0,0,1,0.0,-0.11637572734829628,-0.29515938606847725,,INSUFFICIENT_DATA,0.0,2026-07-21T06:08:24.970780+00:00
WHALE_MOMENTUM,NY/MARKUP/CASCADE/BTC_NEUTRAL,18,0,18,0,0.7777777777777778,0.5726443403638052,0.23324452216159347,0.337664481273494,STRONG,1.0,2026-07-17T17:10:26.089624+00:00
WHALE_MOMENTUM,ASIA/RANGE/EXPANDED/BTC_NEUTRAL,50,0,50,0,1.0,0.26612272749982346,0.212113392573267,0.24713486179814814,POSITIVE,1.0,2026-07-20T06:24:45.896511+00:00
WHALE_MOMENTUM,ASIA/RANGE/EXPANDED/BTC_NEUTRAL/MAJOR,50,0,50,0,1.0,0.26612272749982346,0.212113392573267,0.24713486179814814,POSITIVE,1.0,2026-07-20T06:24:45.896523+00:00
WHALE_MOMENTUM,OVERLAP/VOLATILE_EXPANSION/CASCADE/BTC_NEUTRAL/MAJOR,25,0,25,0,0.64,-0.08886686517498774,-0.10240175417723313,-0.10037679835075572,NEGATIVE,0.11821620576464859,2026-07-23T13:53:40.697248+00:00
WHALE_MOMENTUM,OVERLAP/VOLATILE_EXPANSION/CASCADE/BTC_NEUTRAL,29,0,29,0,0.5517241379310345,-0.20193308886598924,-0.20990482480220407,-0.21234584252924832,NEGATIVE,0.11821620576464859,2026-07-23T13:53:40.697235+00:00
WHALE_MOMENTUM,OVERLAP/MARKDOWN/CASCADE/BTC_NEUTRAL,42,0,42,0,0.38095238095238093,-0.23687014963848965,-0.19250191669614294,-0.26591681794809213,NEGATIVE,0.34773186909311965,2026-07-23T16:31:57.546181+00:00
WHALE_MOMENTUM,OVERLAP/MARKDOWN/CASCADE/BTC_NEUTRAL/MAJOR,42,0,42,0,0.38095238095238093,-0.23687014963848965,-0.19250191669614294,-0.26591681794809213,NEGATIVE,0.34773186909311965,2026-07-23T16:31:57.546189+00:00
WHALE_MOMENTUM,NY/MARKDOWN/EXPANDED/BTC_NEUTRAL,30,0,30,0,0.23333333333333334,-0.3878503297279265,-0.20571347553766325,-0.3493582320930994,NEGATIVE,-11.222971072380954,2026-07-23T17:19:28.900614+00:00
WHALE_MOMENTUM,NY/MARKDOWN/EXPANDED/BTC_NEUTRAL/MAJOR,30,0,30,0,0.23333333333333334,-0.3878503297279265,-0.20571347553766325,-0.3493582320930994,NEGATIVE,-11.222971072380954,2026-07-23T17:19:28.900623+00:00
WHALE_MOMENTUM,OVERLAP/MARKUP/CASCADE/BTC_NEUTRAL,50,0,50,0,0.0,-0.4416614337387527,-0.2517568635207566,-0.4416614337387527,NEGATIVE,0.0,2026-07-14T16:42:09.392526+00:00
WHALE_MOMENTUM,OVERLAP/MARKDOWN/CASCADE/BTC_FALLING,17,0,17,0,0.0,-1.0,-0.494337680802263,-1.0,NEGATIVE,0.0,2026-07-17T16:39:27.080191+00:00
WHALE_MOMENTUM,LONDON/QUIET/NORMAL/BTC_NEUTRAL,5,0,5,0,0.0,-0.1604624285224723,-0.06318921727071931,,INSUFFICIENT_DATA,0.0,2026-07-14T11:57:35.759230+00:00
WHALE_MOMENTUM,OVERLAP/VOLATILE_EXPANSION/CASCADE/BTC_FALLING,4,0,4,0,0.0,-1.0,-0.6195521005048681,,INSUFFICIENT_DATA,0.0,2026-07-17T16:39:27.084223+00:00
WHALE_MOMENTUM,ASIA/QUIET/NORMAL/BTC_NEUTRAL,10,0,10,0,0.4,-0.14321015822680805,0.02274353260659958,,INSUFFICIENT_DATA,1.0,2026-07-20T06:09:32.571935+00:00
WHALE_MOMENTUM,ASIA/VOLATILE_EXPANSION/CASCADE/BTC_NEUTRAL,5,0,5,0,0.4,-0.004442352389062839,-0.005926105588840028,,INSUFFICIENT_DATA,1.0,2026-07-20T02:00:49.501579+00:00
WHALE_MOMENTUM,ASIA/VOLATILE_EXPANSION/CASCADE/BTC_NEUTRAL/MAJOR,5,0,5,0,0.4,-0.004442352389062839,-0.005926105588840028,,INSUFFICIENT_DATA,1.0,2026-07-20T02:00:49.501587+00:00
WHALE_MOMENTUM,ASIA/QUIET/NORMAL/BTC_NEUTRAL/MAJOR,4,0,4,0,1.0,0.5291115931153396,0.46608959191615307,,INSUFFICIENT_DATA,1.0,2026-07-20T06:09:32.571944+00:00
WHALE_MOMENTUM,OVERLAP/VOLATILE_EXPANSION/CASCADE/BTC_RISING,1,0,1,0,1.0,0.5592974738447458,0.21092239195286416,,INSUFFICIENT_DATA,1.0,2026-07-21T14:59:42.561294+00:00
WHALE_MOMENTUM,OVERLAP/VOLATILE_EXPANSION/CASCADE/BTC_RISING/MAJOR,1,0,1,0,1.0,0.5592974738447458,0.21092239195286416,,INSUFFICIENT_DATA,1.0,2026-07-21T14:59:42.561315+00:00
WHALE_MOMENTUM,NY/VOLATILE_EXPANSION/CASCADE/BTC_NEUTRAL,1,0,1,0,0.0,-0.4063747458012599,-0.4152059982691634,,INSUFFICIENT_DATA,0.0,2026-07-22T17:45:14.715176+00:00
WHALE_MOMENTUM,NY/VOLATILE_EXPANSION/CASCADE/BTC_NEUTRAL/MAJOR,1,0,1,0,0.0,-0.4063747458012599,-0.4152059982691634,,INSUFFICIENT_DATA,0.0,2026-07-22T17:45:14.715245+00:00
WHALE_MOMENTUM,OVERLAP/QUIET/NORMAL/BTC_NEUTRAL,3,0,3,0,0.0,-1.333401632081537,-0.6037495111898789,,INSUFFICIENT_DATA,0.0,2026-07-23T13:27:28.319833+00:00
WHALE_MOMENTUM,OVERLAP/QUIET/NORMAL/BTC_NEUTRAL/MAJOR,3,0,3,0,0.0,-1.333401632081537,-0.6037495111898789,,INSUFFICIENT_DATA,0.0,2026-07-23T13:27:28.319841+00:00
WHALE_MOMENTUM,NY/QUIET/EXPANDED/BTC_NEUTRAL,5,0,5,0,1.0,-0.06965674375143321,-0.04664021139860397,,INSUFFICIENT_DATA,-0.4512413582662263,2026-07-23T19:09:16.578415+00:00
WHALE_MOMENTUM,NY/QUIET/EXPANDED/BTC_NEUTRAL/MAJOR,5,0,5,0,1.0,-0.06965674375143321,-0.04664021139860397,,INSUFFICIENT_DATA,-0.4512413582662263,2026-07-23T19:09:16.578436+00:00
WHALE_MOMENTUM,NY/QUIET/NORMAL/BTC_NEUTRAL,5,0,5,0,1.0,1.148663067383117,0.4667179442969732,,INSUFFICIENT_DATA,0.7567769814595029,2026-07-23T21:03:59.816509+00:00
WHALE_MOMENTUM,NY/QUIET/NORMAL/BTC_NEUTRAL/MAJOR,5,0,5,0,1.0,1.148663067383117,0.4667179442969732,,INSUFFICIENT_DATA,0.7567769814595029,2026-07-23T21:03:59.816527+00:00
WHALE_MOMENTUM@ATR,LONDON/QUIET/NORMAL/BTC_NEUTRAL,1,0,0,1,0.0,-0.05015353121801433,-0.07802547770700637,,INSUFFICIENT_DATA,0.0,2026-07-14T11:52:34.338963+00:00
WHALE_MOMENTUM@ATR,OVERLAP/VOLATILE_EXPANSION/CASCADE/BTC_NEUTRAL,5,0,0,5,0.4,-0.43071629461536665,-0.21437065195384758,,INSUFFICIENT_DATA,0.5008741923262042,2026-07-23T13:53:46.412605+00:00
WHALE_MOMENTUM@ATR,OVERLAP/MARKUP/CASCADE/BTC_NEUTRAL,5,0,0,5,0.2,-0.23502076397077892,-0.1281954300621317,,INSUFFICIENT_DATA,1.0,2026-07-14T16:37:04.509191+00:00
WHALE_MOMENTUM@ATR,NY/MARKUP/CASCADE/BTC_NEUTRAL,2,0,0,2,0.5,0.08881780971205733,0.07863420213819466,,INSUFFICIENT_DATA,1.0,2026-07-17T17:10:39.047759+00:00
WHALE_MOMENTUM@ATR,OVERLAP/MARKDOWN/CASCADE/BTC_FALLING,1,0,0,1,0.0,-1.0,-0.47991333848375245,,INSUFFICIENT_DATA,0.0,2026-07-17T16:29:01.772354+00:00
WHALE_MOMENTUM@ATR,OVERLAP/VOLATILE_EXPANSION/CASCADE/BTC_FALLING,1,0,0,1,0.0,-1.0,-0.47929351381270385,,INSUFFICIENT_DATA,0.0,2026-07-17T16:39:30.187583+00:00
WHALE_MOMENTUM@ATR,ASIA/QUIET/NORMAL/BTC_NEUTRAL,2,0,0,2,0.5,0.5540451412606775,0.15386761337208654,,INSUFFICIENT_DATA,1.0,2026-07-20T06:09:33.974890+00:00
WHALE_MOMENTUM@ATR,ASIA/VOLATILE_EXPANSION/CASCADE/BTC_NEUTRAL,1,0,0,1,0.0,-1.0,-0.24624151285262555,,INSUFFICIENT_DATA,0.0,2026-07-20T01:55:47.082814+00:00
WHALE_MOMENTUM@ATR,ASIA/RANGE/EXPANDED/BTC_NEUTRAL,1,0,0,1,1.0,0.2773566984479984,0.18259025998486297,,INSUFFICIENT_DATA,1.0,2026-07-20T06:19:43.870529+00:00
WHALE_MOMENTUM@ATR,OVERLAP/VOLATILE_EXPANSION/CASCADE/BTC_RISING,1,0,0,1,1.0,0.08819914828583494,0.21092239195286416,,INSUFFICIENT_DATA,1.0,2026-07-21T14:59:46.438927+00:00
WHALE_MOMENTUM@ATR,NY/VOLATILE_EXPANSION/CASCADE/BTC_NEUTRAL,1,0,0,1,0.0,-0.22686969014376096,-0.4152059982691634,,INSUFFICIENT_DATA,0.0,2026-07-22T17:45:17.174304+00:00
WHALE_MOMENTUM@ATR,OVERLAP/QUIET/NORMAL/BTC_NEUTRAL,1,0,0,1,0.0,-1.1535417308735758,-1.1269331057203462,,INSUFFICIENT_DATA,0.0,2026-07-23T13:27:31.309706+00:00
WHALE_MOMENTUM@ATR,OVERLAP/MARKDOWN/CASCADE/BTC_NEUTRAL,4,0,0,4,0.25,-0.6945726698921213,-0.2656297126118369,,INSUFFICIENT_DATA,0.7825542623820503,2026-07-23T16:32:02.683831+00:00
WHALE_MOMENTUM@ATR,NY/MARKDOWN/EXPANDED/BTC_NEUTRAL,1,0,0,1,0.0,-0.676951612114121,-0.2617780120466039,,INSUFFICIENT_DATA,0.0,2026-07-23T17:08:58.814937+00:00
WHALE_MOMENTUM@ATR,NY/QUIET/EXPANDED/BTC_NEUTRAL,1,0,0,1,1.0,-0.06276402955133131,-0.0243859014142164,,INSUFFICIENT_DATA,-0.1941334745762071,2026-07-23T19:04:08.229387+00:00
WHALE_MOMENTUM@ATR,NY/QUIET/NORMAL/BTC_NEUTRAL,1,0,0,1,1.0,1.1821181129164904,0.4608126819958641,,INSUFFICIENT_DATA,0.7544255310648319,2026-07-23T20:58:55.293163+00:00
WHALE_MOMENTUM@FIXED,LONDON/QUIET/NORMAL/BTC_NEUTRAL,1,0,0,1,0.0,-0.2015891809966355,-0.07802547770700637,,INSUFFICIENT_DATA,0.0,2026-07-14T11:52:34.338781+00:00
WHALE_MOMENTUM@FIXED,OVERLAP/VOLATILE_EXPANSION/CASCADE/BTC_NEUTRAL,5,0,0,5,0.4,-0.3124916554183599,-0.3168509304258924,,INSUFFICIENT_DATA,0.5008741923262042,2026-07-23T13:53:46.412418+00:00
WHALE_MOMENTUM@FIXED,OVERLAP/MARKUP/CASCADE/BTC_NEUTRAL,5,0,0,5,0.2,-0.12905619196925197,-0.11483590809846238,,INSUFFICIENT_DATA,1.0,2026-07-14T16:37:04.509086+00:00
WHALE_MOMENTUM@FIXED,NY/MARKUP/CASCADE/BTC_NEUTRAL,2,0,0,2,0.5,0.2683738280068245,0.01463471949465589,,INSUFFICIENT_DATA,1.0,2026-07-17T17:10:39.047552+00:00
WHALE_MOMENTUM@FIXED,OVERLAP/MARKDOWN/CASCADE/BTC_FALLING,1,0,0,1,0.0,-1.0,-0.40865940159886893,,INSUFFICIENT_DATA,0.0,2026-07-17T16:29:01.772294+00:00
WHALE_MOMENTUM@FIXED,OVERLAP/VOLATILE_EXPANSION/CASCADE/BTC_FALLING,1,0,0,1,0.0,-1.0,-0.6195521005048681,,INSUFFICIENT_DATA,0.0,2026-07-17T16:39:30.187513+00:00
WHALE_MOMENTUM@FIXED,ASIA/QUIET/NORMAL/BTC_NEUTRAL,2,0,0,2,0.5,0.1893253064434994,0.15386761337208654,,INSUFFICIENT_DATA,1.0,2026-07-20T06:09:33.974801+00:00
WHALE_MOMENTUM@FIXED,ASIA/VOLATILE_EXPANSION/CASCADE/BTC_NEUTRAL,1,0,0,1,1.0,0.08394893816090954,0.0977420199294562,,INSUFFICIENT_DATA,1.0,2026-07-20T01:55:47.082764+00:00
WHALE_MOMENTUM@FIXED,ASIA/RANGE/EXPANDED/BTC_NEUTRAL,1,0,0,1,1.0,0.15256760925830842,0.18259025998486297,,INSUFFICIENT_DATA,1.0,2026-07-20T06:19:43.870414+00:00
WHALE_MOMENTUM@FIXED,OVERLAP/VOLATILE_EXPANSION/CASCADE/BTC_RISING,1,0,0,1,1.0,0.5592974738447458,0.21092239195286416,,INSUFFICIENT_DATA,1.0,2026-07-21T14:59:46.438706+00:00
WHALE_MOMENTUM@FIXED,NY/VOLATILE_EXPANSION/CASCADE/BTC_NEUTRAL,1,0,0,1,0.0,-0.4063747458012599,-0.4152059982691634,,INSUFFICIENT_DATA,0.0,2026-07-22T17:45:17.174101+00:00
WHALE_MOMENTUM@FIXED,OVERLAP/QUIET/NORMAL/BTC_NEUTRAL,1,0,0,1,0.0,-1.3076028976234622,-0.6376417002534728,,INSUFFICIENT_DATA,0.0,2026-07-23T13:27:31.309598+00:00
WHALE_MOMENTUM@FIXED,OVERLAP/MARKDOWN/CASCADE/BTC_NEUTRAL,4,0,0,4,0.25,-0.34700432562339234,-0.2577969923521189,,INSUFFICIENT_DATA,0.7825542623820503,2026-07-23T16:32:02.683690+00:00
WHALE_MOMENTUM@FIXED,NY/MARKDOWN/EXPANDED/BTC_NEUTRAL,1,0,0,1,0.0,-0.4035148871156119,-0.2617780120466039,,INSUFFICIENT_DATA,0.0,2026-07-23T17:08:58.814821+00:00
WHALE_MOMENTUM@FIXED,NY/QUIET/EXPANDED/BTC_NEUTRAL,1,0,0,1,1.0,-0.03711297904570304,-0.0243859014142164,,INSUFFICIENT_DATA,-0.1941334745762071,2026-07-23T19:04:08.229325+00:00
WHALE_MOMENTUM@FIXED,NY/QUIET/NORMAL/BTC_NEUTRAL,1,0,0,1,1.0,1.1455011213974133,0.4608126819958641,,INSUFFICIENT_DATA,0.7544255310648319,2026-07-23T20:58:55.293068+00:00
